xiaoGT123,17,小僵尸,咿呀
飘走的雨,7,无粉丝牌,宝哥
我是陈某某啊啊,27,小僵尸,BGM晦气啊。你们被当怪兽都打了
ysztwx,14,小僵尸,宝哥搞事啊
文霖,6,无粉丝牌,小刀会序曲
stone2009,13,小僵尸,对面是奥特曼
淡沫123123,19,小僵尸,你们别动不动就冲啊 先清独狼
石首大爹,18,小僵尸,新的风暴已经出现 怎么能够停止不前
寡妇门外丨排队汉,11,耐克豪,天涯明月，或者大英雄
莫道殇逝无穷尽,17,无粉丝牌,亮剑
天门一把刀,18,无粉丝牌,BGM全责
bobbysinger,10,无粉丝牌,   Bgm 的锅
TwistedFate丶1,24,无粉丝牌,放武侠就行
嘻嘻哈哈21953,1,无粉丝牌,瞎jb乱冲
小火人小僵尸合体,19,小啵子,十面埋伏还行
嘤嘤虫啵痒痒虫,16,小僵尸,放歌的想造反啊
鱼伯牙,16,无粉丝牌,乔峰的bgm
杭州地铁第一丐,13,无粉丝牌,天龙八部 难念的经呀
累人猿,20,小豆包,这都没吃鸡，GG
爱云言,33,小僵尸,打了半天打死个独狼
唯一的注视,26,小僵尸,重剑不能给snake
dzttttt,1,无粉丝牌,笑傲江湖 咿呀
至高的弟子,11,无粉丝牌,峰哥真的玩的不错了
love199107,12,无粉丝牌,亮剑
99233丶carryvon,29,小僵尸,宝哥太菜了
wohaishitian,8,小僵尸,仙剑奇缘啊，酒剑仙bgm
lattan,12,憨厚哒,暗示峰哥是怪物
MJPK5,1,无粉丝牌,什么游戏啊
君不見I,17,小僵尸,新的枫爆
杨帆92398,1,无粉丝牌,放强攻，放强攻，强攻，强攻
EV5BKB,26,不自觉,新的风暴已经出现
利物浦小僵尸Rua,25,小僵尸,武侠经典的歌很多啊
叫我无颜祖,18,小僵尸,out man
月光下的胖头鱼,18,小僵尸,宝哥根本不听别的说的
张贤良,13,小僵尸,新的风暴已经出现
zard谁家儿郎入梦来,9,小渣男,新的风暴，，哈哈迪加
我只是个观众啊,6,无粉丝牌,go time
flp2419,3,无粉丝牌,奥特曼你马鼻啊
刀塔我的青春,19,小僵尸,峰哥现在好厉害啊
zhnimba,17,猪芳芳,这是四个怪物啊
l081570,20,小僵尸,奥特曼到中国水土不服了
婉莹是个软妹,17,小僵尸,这游戏 胖头已经玩穿了
忆往曦,28,徐薇,鏖战襄阳里那首呢
小缘我们陪着你,34,小僵尸,十面埋伏upup
sjdkasjd,20,小僵尸,刘德华赵子龙了解下
来这里OB就好,21,小僵尸,需要一等音乐盒老陈
起名字那么麻烦1,1,无粉丝牌,放我大FFFFFFF团团歌 节奏打起来
wangbin8014,23,小僵尸,峰哥NBA  队友WCBA啊
Sooooooying,14,不自觉,微笑面对猥亵？
ganmaolee,15,无粉丝牌,三个废物，宝哥最蠢
绝望的daplus,9,无粉丝牌,王进打高俅
汝州呆萌小绵羊丶,22,小僵尸,火影啊，sa
amazing19971215,18,点子王,方小刀会序曲
dantexc11,5,无粉丝牌,亮剑
kokoline,1,无粉丝牌,Bgm是真的蠢  
寻找幸福的猪,27,小僵尸,论BGM还是老陈
yuiazu,7,小肚皮,蛇哥就是小怪兽啊
xy金樽对月,7,无粉丝牌,别问，队友一秒躺
洛丹伦的沉沦,15,小僵尸,放亮剑呀！！！！
做好死亡的心理准备,21,小僵尸,宝哥这个壁 智商怎么这么低
MJPK5,1,无粉丝牌,什么游戏哈
德拉诺影钻,8,无粉丝牌,是你们打奥特曼呀
xeba615131,17,小僵尸,明月天涯
nicskingso,9,无粉丝牌,这游戏胖头算中上了，懂技巧
11223581618,1,无粉丝牌,今天早上吃鸡了好吧 有宝哥吃不了鸡的闭嘴吧 虽然宝哥有点蠢
HarryNNN,9,无粉丝牌,这乔峰不带音响的
黄浦江游泳健将,28,小僵尸,新的枫鲍？
Arocco,1,无粉丝牌,这b放哀乐
q3048207,20,小烟头,奥特曼hai
进入过范冰冰的身体,2,无粉丝牌,那个独狼在射你
大参骁骑都尉zj,26,无粉丝牌,你们学金刚经没用，用不来，学紫霞吧
不要糾結這8個字,12,小僵尸,毒特别疼
柿Kakichoco,20,小兰人,BGM要不然英雄
jj174365252,6,无粉丝牌,butterfly啊激情
狮子座滴女人,16,小僵尸,逆战啊！激情好吧
大魔音B,2,无粉丝牌,杀独狼保第二啊
无敌Iron,5,无粉丝牌,仙剑奇缘！！！！！
啵啵怪包秀秀,20,小僵尸,将江南四怪
skip4,2,无粉丝牌,偷功
咕咕L拉V捂,14,小僵尸,别带节奏啊，不然没这个节目了
游刃有缘,21,集团军,"怪兽都是抗日的呀,都输了呀"
缘来是小僵尸,25,小僵尸,铁血丹心 难念的经 骑马的时候来首 当。。。。
AAAsala,6,无粉丝牌,周雄最废物 带他玩吃不到鸡
倾言轻语,16,无粉丝牌,那是日本的小怪兽 这边是国产的奥特曼啊
秋名山阿强0,18,小僵尸,队友cba
终灬遇,22,小僵尸,刚才人生巅峰啊
wancy133,12,无粉丝牌,宝哥冲上去送了
道术之隙,7,无粉丝牌,男儿当自强啊
DP风的信息,20,无粉丝牌,最后阶段的毒两秒就躺
zzxcctg,10,无粉丝牌,求求你们了告诉我这是什么游戏
cyf19901207,7,小僵尸,zhouhuajian
叫me小勇哥,36,小僵尸,火影忍者的可以啊
至高的弟子,11,无粉丝牌,峰哥真的玩的很好了、、、
帅的人正在吃拉面,16,素质豹,什么游戏啊
qr1025qr1025,14,小痒虫,男儿当自强可以
信科系教授,17,小僵尸,奥特曼我曹，都是天才啊
哇咔咔0rz,32,學习机,明月天涯了解一下
不正常玩家,7,无粉丝牌,这游戏有伏地魔吗？？
昆仑刀王,17,小僵尸,放opening啊
遛鸟大侠,6,无粉丝牌,龙神好狠 一刀砍了小刘一半血
独秋,5,无粉丝牌,fgfg 你金刚经曝气可以嗑药的
胜KKKK,15,小僵尸,你气不气，
天马行空101,16,小僵尸,再过几天峰哥就蛮厉害的了
18523357250,16,小僵尸,要等
夜落星河,17,无粉丝牌,这个四人队基本输出就是黄翔和峰哥
Eddie冠希没关系,26,小肚皮,环太平洋的歌燃
唯一的注视,26,小僵尸,给了斯内克重剑就想砍队友
南栀花已开,14,小僵尸,迪迦
纷飞梦,2,无粉丝牌,宝哥想办法了
极速暴走娃,1,无粉丝牌,宝哥换鸽妈早吃鸡了
别动翔里有毒,9,无粉丝牌,卡路里
光坂团子,25,小僵尸,难念的经！！！
em丶xyz,15,小僵尸,凭自我 硬汉子！
丶再见二丁目,14,小僵尸,宝哥实力不强 节目效果满分啊
岁封寒001,6,小僵尸,一共九个，正好打了一个独狼，点儿背
霍森布鲁斯大老爷,31,集团军,来首核爆神曲啊，劲爆
枫剩的午餐,30,小僵尸,宝哥是不管队友说啥的
洛丹伦的沉沦,15,小僵尸,应该放亮剑呀！！！
逍遥阿坤,18,小僵尸,峰哥杀了8个人，其他加起来有8个吗
乐天与高,13,大马猴,火影的也行啊
梅菲斯特丶丶,15,小僵尸,1000伤害是会玩，2600现在是什么水平了卧槽
zchazc,19,无粉丝牌,后期毒圈直接掉半管
aks87215993,7,你跑毛,峰哥真的是队友菜跟你没关系
丶丶夜游神,11,小僵尸,放偷功
AAAsala,6,无粉丝牌,周雄最废物 带他玩吃不到鸡的
唯美的画面,26,小僵尸,都有金刚经
大白棉花糖,19,小僵尸,下次放葫芦娃就稳了
这是REPLAY丶你知道的,10,小僵尸,你气不气
LUKASilhoker,1,无粉丝牌,刀剑如梦啊
FLy丶江,9,集团军,明月天涯
Xp_piao,28,小僵尸,十面埋伏！
我可以吃鸡upup,21,小僵尸,你们才是怪兽啊
蓝汀语,34,小乌贼,男儿当自强啊
迷惘的风,29,小僵尸,峰哥是最强的，其他3个狗腿真心不行
bg加油,24,小僵尸,这BGM跟哀乐一样
萌混过关觉,25,不自觉,奇迹再现啊
AlthrieS,14,小僵尸,好气啊枫哥
love199107,12,无粉丝牌,亮剑啊
who6864,9,陌晨丷,周雄真他妈烦人
notazxc,13,小僵尸,宝哥说我不管了  我要进去打了
烟鱼雨云,21,小痒虫,火影啊
q3048207,20,小烟头,奥特曼牛B
啊咧咯咯,21,小荔枝,上早了
我是妖怪恩,17,小僵尸,你们打太散了，人家四个人报团的
奋斗的脚丫子,11,小僵尸,宝哥又蠢，又毒瘤
fanyudexin,14,无粉丝牌,宝哥种蠢货当初怎么打的职业？？？
不要糾結這8個字,12,小僵尸,别往高地上走啊
稻草人sky,22,小肚皮,放乔峰入场的bgm
豹纹加菲猫,11,小僵尸,奇迹再现
颜若余温乄,15,小僵尸,葫芦娃啊
素质丁,13,小僵尸,罚涵老狗强行加戏
柏崎星奈,6,无粉丝牌,放四大恶人主题曲啊
僵尸集团军来袭丶Rua,25,小僵尸,京东热主题曲
项家大少,9,无粉丝牌,峰哥尽力了
光子宇电,15,小僵尸,要是我，就放最终死绝，懂的都懂
鲤入大海o鸟上清天,13,小僵尸,气气气气气
zyjsunshine,14,小僵尸,偷功啊
zepto777,7,无粉丝牌,新的枫爆
会怎样,5,无粉丝牌,墨文重剑呀
禾子与凛,12,小僵尸,go time
掘地求升,20,小僵尸,刚决赛圈就峰哥打出点东西 兄弟们全没了
寡夫有村,18,小僵尸,放男儿当自强啊
华仔DJH,22,影魔王,队友cba
dounimabi,10,集团军,不是啊，不找宝哥问一下么？
杨浦菜国师,18,小僵尸,气不气！
花果山大大王61979,1,无粉丝牌,本来清了独狼，再去4v4，非要被包夹
Charles352,12,小8路,查克拉不够了
小呀么小僵尸,18,小僵尸,谢斌昨天决赛圈4打4杀两个
victor1257,9,小僵尸,莫文重剑啊 1刀半血 专杀队友
各种YY,21,小僵尸,就放乔帮主的bgm啊
我一转身你却不见了,36,小僵尸,2人组合最好
frommizz,6,无粉丝牌,宝哥又毒又耿直
syears,19,小僵尸,刚才是4打5 峰哥这打的独狼
acl1s1s,22,小8路,宝哥自有妙计 搞你
月神AA,8,无粉丝牌,BGM：victory 试一下
yyzt816,15,小肚皮,别给斯内克重剑
308098435,20,小僵尸,誓要入刀山啊BGM
23336666666,1,无粉丝牌,打武侠游戏放奥特曼的BGM，好蠢。。
nastyfred,12,小乌贼,宝哥自闭了？
温柔的男孩像阳光0,12,无粉丝牌,心法啊0
枫丿叶丶,13,小痒虫,武侠游戏放奥特曼当战歌？
NO波6,3,无粉丝牌,你不捡
Domhans,4,无粉丝牌,宝哥送的
科里斯毛,31,跤警,宝哥换鸽妈早吃鸡了
艾尔缇娜,28,集团军,胖头扎基 和 贝利翔尽力了
皮皮狗冲啊,4,无粉丝牌,武侠
大头鱼的小啵啵,24,小僵尸,你们没意识到宝哥最后啥也不管要上吗？？？
Wenham丶文翰,14,女流,bgm都找不到的吗？丢人
对月弹棉花,19,小僵尸,新的风暴已经出现，可是迪迦还在吃面
lzxlzxzzx,22,小僵尸,。。。
旋月丶,19,陌晨丷,放黄飞鸿呀
然而丶丶,10,大马猴,放偷功
FallingDown,20,小僵尸,科学特搜队不都是拖时长用的残废么
星辰痕泪,20,小僵尸,水友们，谁知道老逼枫这几天吃过鸡没
小409林,21,小僵尸,峰哥玩的可以了，snake太蠢
justlzm,10,无粉丝牌,乱世巨星啊放
电竞周克群,9,无粉丝牌,好气
小僵尸雄起,18,小僵尸,bgm 争锋
今天晚上太阳好大,15,小僵尸,3打1是完全打不了的
丶丶夜游神,11,小僵尸,放 偷功 偷功 偷功
P丶ersist丿,3,无粉丝牌,峰哥爆气时机什么的都打的很好啊
s5892169,17,无粉丝牌,宝哥生日快乐
AAAsala,6,无粉丝牌,周雄最废物 带他玩吃不到鸡
西凉点子王,15,小僵尸,音乐盒我只服川神
nb88152468,4,无粉丝牌,宝哥是直播效果  这群弹幕sb
秦锵锵,17,小僵尸,炁体源流
爱萝莉丶丹,16,小僵尸,你 气不气
被捏的软柿子,23,小僵尸,毒一下半血
果断叫号皓,15,无粉丝牌,宝哥真他妈烦人
EV5BKB,26,不自觉,放bgm
圣西罗的夜夜,7,无粉丝牌,胖头鱼沉迷输出，不知道队友死完了
烟鱼雨云,21,小痒虫,火影BGM啊
井纵横,30,兄D,请叫内力
游泳健将点子王,21,小僵尸,会员心法
空白灬龙神,8,无粉丝牌,火影忍者可还行。
柿Kakichoco,20,小兰人,乱世巨星可以 但是枫哥不用刀啊
想什么干什么,18,QQ酱,风哥确实猛
木下风起时,6,无粉丝牌,选好bgm呀
放纵的颖,7,小僵尸,怎么感觉老逼峰现在比鸽妈还吊呀？？？？？？
565315095,20,无粉丝牌,放天下第一啊
某某某某123456788,11,小僵尸,水浒传暴打蒋门神的bgm，了解一下
龍崎L,3,无粉丝牌,不知道急什么，拿了莫文以为自己无敌了
elimove,8,无粉丝牌,黄翔三根箭射在峰哥背上。。
余建君,18,无粉丝牌,混元心法啊
17shovy,12,无粉丝牌,宝哥专门砍队友的
Acey2234,17,小僵尸,水友们听我说，宝哥拿着墨文重剑在烟里面把小刘跟
是个好骚年,17,无粉丝牌,你没金刚经早死了
亦川23333,11,无粉丝牌,宝哥有个屁的节目效果，恶心的要死
流刃若灬,17,无粉丝牌,紫霞啊
放不下的巴黎,2,无粉丝牌,宝哥瞎比冲雾
一拳一个小碰友,15,小肚皮,就宝哥老是想冲，当然不能吃鸡
米米米米米米米米兰,12,无粉丝牌,都打到毒里去了
凌云jack,1,无粉丝牌,武侠义
守护那座塔,6,无粉丝牌,数码宝贝啊
果断叫号皓,15,无粉丝牌,快滚吧宝哥
丶丶夜游神,11,小僵尸,放 偷功 偷功放 偷功 偷功 偷功 偷功
炉石奇遇记,18,小僵尸,这个四人队靠黄翔和峰哥
季末花开成海,10,小僵尸,放明月天涯！！！！！！！！！！！！！！！！！！！！！！！！！！！！！！！！！！！！！！
燚龘千月,18,小僵尸,你都没甲了
陈大仁啊,7,无粉丝牌,你们地势那么好冲下去干嘛
打酱油的小桶,24,小僵尸,人送绰号淫枪小霸王
半夏小五,8,猛男,吃了
白挽,7,无粉丝牌,小刘也是个废物
桃花岛上郭大瞎,1,无粉丝牌,为什么这边弹幕戾气这么重？
s135780231,14,无粉丝牌,宝哥不能拿重剑，一刀下去自己人没了1／3
唯一的注视,26,小僵尸,紫霞阿
千变之楚,14,小僵尸,有紫霞啊
Defense大神,2,无粉丝牌,掉了一管血，只有莫文重剑了
翔炸天,2,无粉丝牌,需要磨刀石
我可以吃鸡upup,21,小僵尸,明月天涯了解下
至高的弟子,11,无粉丝牌,峰哥悟性真的搞。。不是吹
堕落天堂1,13,小僵尸,宝哥自闭了吧
雨下一整夜,47,无粉丝牌,这是什么游戏啊
浪哥就是讲究iiiiii,3,无粉丝牌,宝哥飞舞
Celtics123,4,无粉丝牌,大圣歌，超级燃
幸福丶太刺眼,6,无粉丝牌,就放乔帮主的bgm
johnsonhad,10,无粉丝牌,吃过呀
传说中的夜雨天,7,无粉丝牌,支付宝智商情商很低
叫我影魔哥,14,猛男,草地效果好n
缘分上天安排的最大啦,12,无粉丝牌,金刚经加两成气回复4成血 是最好的
百里川风,15,小僵尸,用火影
老陈你又在OB了,16,小僵尸,峰哥尽力了，2600伤害 
不要糾結這8個字,12,小僵尸,低打高又优势的
llxkeven1,15,小僵尸,都是紫霞啊
天真的流氓,2,无粉丝牌,人手金刚啊
孤独枫中一匹狼,13,小僵尸,骂人过分了
没有蛀牙的R,20,口嗨,金刚经是回气最快的
wtagng,1,无粉丝牌,爆气了，要吃药啊，有金刚经不会打断
就是黑,18,小僵尸,王进打高俅
你要撞壁吗,21,小僵尸,斯内克对付你们自有办法
李家沱吴彦祖,22,小僵尸,宝哥搞人是有点意思啊
小青蛙他爹,16,猛男,今天打了把 6000输出爽的一BILL
娜1018,14,小僵尸,小怪兽才是我们的邦交啊
ganmaolee,15,无粉丝牌,宝哥换谢斌吃鸡了
illusion2099,13,无粉丝牌,宝哥怎么玩啥都不行
玉米酒,16,小僵尸,守襄阳的BGM不错
Lee741852,18,小僵尸,问题来了 张蛇宝在干什么呢？
姜的鱼,23,小僵尸,后面全是紫霞
叶纸虎,11,无粉丝牌,有紫霞
awdxssqq123,23,集团军,峰哥这把真的是三个废物队友 没办法
山中猫,18,小乌贼,青鸟啊
大妈最可爱,3,无粉丝牌,英雄的黎明
tuli哥ge,10,小僵尸,宝哥 真的蠢
三千焱炎火k9,6,无粉丝牌,宝哥还黑 黑你妈逼
乄还有谁乄,23,小僵尸,对面应该有甲
痞子姓汤,20,小僵尸,都是紫霞。。
SeeSaWw,7,小僵尸,意思是 房管任由喷宝哥的
上头八神峰哥无敌,2,无粉丝牌,听说是宝哥看了小刘和黄晓小哥
请你把我打皱,6,无粉丝牌,宝哥拿剑有什么用
你别是个傻子哟,8,无粉丝牌,别让宝哥用重剑了
sleeping3,5,无粉丝牌,来个什么倚天屠龙记的歌
不忘初心衄,14,小僵尸,宝哥真蠢
HuBling95,20,小肚皮,紫霞别打啊
光坂团子,25,小僵尸,难念的经
渝万丶CrySilenc,13,k神呀,科学特搜队自己还能把怪兽打死
小呀么小僵尸,18,小僵尸,小白鸽这个游戏又不厉害 
天门一把刀,18,无粉丝牌,放BGM就是老陈厉害的地方了啊
mocoku,25,小僵尸,宝哥生日快乐 别喷了别喷了
馄饨骑士月巴,23,小僵尸,说出来你可能不信，宝哥的墨文重剑把黄翔和小刘砍了一套
广安城管希,12,小僵尸,霸王枪
o安晓瑜,19,小僵尸,奏乐
AAAsala,6,无粉丝牌,周雄最废物 拖峰哥大腿 带他玩吃不到鸡 
这各比,11,无粉丝牌,其实黄翔还行的 就是没峰哥的身法
丶丶夜游神,11,小僵尸,放偷功 放偷功放偷功 放偷功放偷功 放偷功
柿Kakichoco,20,小兰人,你们也肉啊……一套也打不死你们啊 气都爆两回了
play8236,27,小僵尸,莫文 要配陨铁磨刀石才厉害 不然没用
200斤不含头马格纳枫,14,无粉丝牌,这飞机可以的
毒瘤哥之瘤中瘤,15,无粉丝牌,奇迹再现呀
月落乄晨曦,11,小僵尸,这就跟拿把awm网人堆里拱一样
FeuerFeuer,26,小僵尸,宝哥刚才不应该冲，站高处看他们打就行了
黒炭,28,小僵尸,现在枫哥知道不一起上了 那三个还是一起上
chen峥,3,无粉丝牌,峰哥没甲
wolfupc,14,小僵尸,狭路相逢勇者胜啊
回首0,2,无粉丝牌,差点吃鸡
ssssssbxp,14,小僵尸,宝哥打人不管队友的，就是砍
杨超越首席颜粉,18,小肚皮,看身上冒得真气颜色啊
起名字那么麻烦1,1,无粉丝牌,紫霞心法是大 开了无敌
lalajojo,14,小僵尸,大家都武功高强
夜访,1,无粉丝牌,铁血丹心啊
炉石奇遇记,18,小僵尸,都是紫霞
ΜαＪěsＴy,15,无粉丝牌,别让宝哥用重剑了
老陈那里脏不要舔,29,小僵尸,峰哥现在讲道理是有点吊啊。
豹纹加菲猫,11,小僵尸,宝哥是队友杀手
给我小龙人一个面子,27,小僵尸,胖头已经是这个班子的大腿了？
DavidDun,6,无粉丝牌,捏需要磨刀石
左手指尖的血,21,小僵尸,宝哥主要是不停劝 喊不动
任达华年,13,无粉丝牌,队友都砍怎么赢
一个想肛周折的人,25,小僵尸,枫哥杀了八个 尽力了
HarryNNN,9,无粉丝牌,乔峰BGM可以了解一下
马上尽快,19,小僵尸,宝哥蠢就算了，还喜欢指挥，自己厉不厉害心里没b
小则又沐风丶,18,集团军,爆气回血啊
hYroSsi,4,无粉丝牌,吃鸡才是直播效果啊
BeginAgain17,20,小乌贼,应该放倚天屠龙的，决战光明顶
半夏小五,8,猛男,放亮剑啊
ImbaTV场控,17,小8路,宝哥：我不管，我已经冲了
毒瘤哥之瘤中瘤,15,无粉丝牌,奇迹现在了解一下
劳资没有名字,1,无粉丝牌,乔帮主扛着音箱就出来了
枫哥求求你禁我言,21,小僵尸,明月天涯啊
小强924,20,集团军,需要流血的招式
魔像,7,无粉丝牌,放黄飞鸿啊！
香秃秀,18,无粉丝牌,只有莫文推倒能秒人
缘来是小僵尸,25,小僵尸,明月天涯 难念的经 铁血丹心 争锋 当
P丶ersist丿,3,无粉丝牌,他们有紫霞或者吐息啊基本要打3.4套才打
痞子姓汤,20,小僵尸,要金刚经没用。。后面要紫霞
少管闲事是一种美德,58,小僵尸,别喷，好好看
古丶月石,1,无粉丝牌,乱世巨星啊，峰哥
老号被冻结,2,无粉丝牌,峰哥现在是腿啊
cxjk271,18,小僵尸,尽力了
XanaduF,22,小僵尸,风姿花传
INnoVtion,17,小僵尸, 宝哥进去就没了
z8556130,15,小痒虫,紫霞 曝气了就不要打了 等他自己掉血
夜清音1,20,小僵尸,他们是紫霞，它曝气你们别打，过了就残血了
彽調尛Z,10,小僵尸,笑傲江湖，天龙八部的，或者男儿当自强霍元甲多好
箭手风,1,无粉丝牌,铸剑山庄，蔡志展的
是个好骚年,17,无粉丝牌,金刚金很叼的 你最好被几个人砍都撑了好一会
斯温不斯文,11,集团军,宝哥拿把重剑一下就没体力了
杨浦菜国师,18,小僵尸,武侠㐅
小王很疼,17,无粉丝牌,这个游戏吃鸡重要吗？？？
千变之楚,14,小僵尸,刚才烟里面不要冲啊
loverlinlin,6,无粉丝牌,七剑战歌啊
Ty丶剑神,12,无粉丝牌,这个班子小刘。宝哥就是毒瘤。。
黑皮君221,16,小肚皮,拿了个莫文   冲上去  秒没
进入过范冰冰的身体,2,无粉丝牌,你们在上面冲下去找死
缘来爱吃拌面,23,小僵尸,武侠乂
书生堕命剑,8,无粉丝牌,紫霞续命的
二院老医师,7,吕丨布,吐辣？
HuBling95,20,小肚皮,紫霞之后别打  他就没了
Asakura_Yui,10,无粉丝牌,2.5个峰哥就能吃鸡了
缘分上天安排的最大啦,12,无粉丝牌,紫霞混元纯阳3血1气 金刚4血2气  最好
glj0624,14,小僵尸,铁血丹心
周末日,14,小僵尸,紫霞拉开放箭
缘来是胖头鱼的啵啵,23,小僵尸,3头3甲+紫霞，肯定肉
呱呱呱找朋友,5,无粉丝牌,你们不会
小坚神,32,小豆包,纯阳防御高
无敌Iron,5,无粉丝牌,放武侠的歌
为所欲为的啵啵,13,小僵尸,混元无极劲
zyxyc,17,小僵尸,弹幕戾气别那么重啊
Alanldxx,12,李鸽,龅牙擦。放小刀会序曲
今天打老虎,28,小僵尸,水浒的曲找找 很激情
tianqizhe,16,无粉丝牌,王进打高俅很激情
黑色北极熊rua,16,小僵尸,宝哥真的是没什么效果，龙神效果够了
小舟阿,19,小僵尸,都有头盔和高级心法
嘘翻吭tkD9725,1,无粉丝牌,Q 群 595Ο15294做嬡
御暇缘mdv8698,1,无粉丝牌,Q 群 595Ο15294做嬡
毒瘤哥之瘤中瘤,15,无粉丝牌,奇迹再现好嘛
yan421768079,14,无粉丝牌,最后 别急 这次有点急了
国寿小叶,15,小僵尸,好几个带了紫霞
duan252422725,8,无粉丝牌,赵子枫
quding1,1,无粉丝牌,很缺一个老陈
SeeSaWw,7,小僵尸,宝哥有啥好喷的 
小409林,21,小僵尸,🐍什么实力没逼数，还指挥
260180499,10,无粉丝牌,快死了打药箱啊 打断不了
cxjk271,18,小僵尸,峰哥尽力了
JETxMark,3,无粉丝牌,最后那一波金刚经震四个好他妈帅，就是可惜没打过
然而丶丶,10,大马猴,放胡伟立的bgm
失古道,17,油条,刚刚扔轰天雷就行了
星辰拳,15,小緑帽,发函老狗 放 当阳常志此心丹
Alanldxx,12,李鸽,小刀会序曲
西牧zZ,4,无粉丝牌,金刚经吃药不会被打断~！
转眼万年易损件,24,小僵尸,别喷人啊
私盐mo,10,小僵尸,金刚经是吃药的
听风随雨,11,无粉丝牌,金刚经霸体
心里没有B数,15,小僵尸,你们不会用金刚
Grady果果,20,小僵尸,只要找金庸武侠电视剧的BGM肯定不会错啊
甬上老啵,17,小僵尸,峰哥牛逼！！！！
莫不要冲动,14,小僵尸,宝哥真的很蠢
小鬼与大仙,21,小僵尸,应该放明月天涯
捡垃圾养老逼,26,小星雲,武侠乂
饭小咸Rua,24,小僵尸,绝世绝招可还行
车子输出好高,19,小僵尸,好玩就完事了 一定要吃鸡？
快快快快快快快快,26,尧顺宇,金刚经第一心法
游泳健将点子王,21,小僵尸,你们不会用而已
呱呱呱找朋友,5,无粉丝牌,开启吃药啊
fanyudexin,14,无粉丝牌,人家放雾就是等你冲的，傻比才冲。
Dreamcatcher123,9,小僵尸,枫哥是大腿。
绿野鲜粽,20,小僵尸,这种歌单网易云随便搜的
蓝色飓风and沫沫,23,无粉丝牌,真山寨游戏
vanilla1074,6,无粉丝牌,真的菜
专攻猥琐男,14,大马猴,纯阳啊
一拳一个小碰友,15,小肚皮,说宝哥菜可以，说滚的自己走吧
彽調尛Z,10,小僵尸,放奥特曼的歌是真的蠢
不正常玩家,7,无粉丝牌,宝哥为什么不说话
zhf2181070,8,无粉丝牌,暗杀直接弄死
夜清音1,20,小僵尸,紫霞是最费物的
wz598429891,19,小僵尸,尽量搞一本格挡反击
260180499,10,无粉丝牌,快死了打药箱啊 打断不了·1
萝莉的猫,12,无粉丝牌,金刚吃药啊
ㅣ泐ㅣ,19,小僵尸,曝气打药
赢家321,19,寅子,金刚经很厉害
喜剧中的悲剧,1,无粉丝牌,4本金刚经加格挡加墨文都吃不了鸡真的菜
叶落浮萍,27,小僵尸,哈哈说金刚金不吊的全是菜逼
帝国食尸鬼,6,无粉丝牌,小刀会序曲 或者 七剑战歌
23336666666,1,无粉丝牌,又到了熟悉的黑宝哥的时间
龍战于野Kys,15,小树苗,最小圈 用紫霞好用 能无线爆
黒炭,28,小僵尸,金刚你要有药啊
sjdkasjd,20,小僵尸,最吊是纯阳
不要糾結這8個字,12,小僵尸,你们菜啊
yydyyy,30,小僵尸,这把已经很吊了啊
香秃秀,18,无粉丝牌,金刚经吃药的
1017113828,14,无粉丝牌,金刚经吃药啊
泰兰德啊,5,无粉丝牌,霸体懂吗
天真的流氓,2,无粉丝牌,金刚很厉害的，你们不太会用啊
菜鸡的梦想,26,小僵尸,你可以打药啊
Alanldxx,12,李鸽,小刀会序曲呀
谜团大MTD,15,小僵尸,牙少放这个：Bahasa Palus
六棉幼儿园最乖小盆友,12,小僵尸,火影的bgm可以的
独秋,5,无粉丝牌,你金刚经爆了可以吃药。
小白二零二零八七七,32,小豆包,一哈
西牧zZ,4,无粉丝牌,金刚经吃药不会被打断~！~
s3163345,20,傻肉,绝对燃！！！---《绝不认输》--王绎龙
xy金樽对月,7,无粉丝牌,金刚经不适合菜壁
fffff2012,3,无粉丝牌,放情意比金兰
蓝色飓风and沫沫,23,无粉丝牌,山寨吃鸡
上善若水随心,17,小僵尸,金刚经4打4很蠢得。霸体你会多吃伤害不会后退的
Blurdia,8,小僵尸,峰哥在对面打人，队友在后面互打
有些无聊啊,14,蜀军,金刚经吃药
ASFNNSBH,20,小僵尸,学纯阳被动是多百分之20还是50的气曝气防御加100
粉色小墨鱼,5,无粉丝牌,......................
枫剩的午餐,30,小僵尸,金刚经吃药不会被打断 霸体
jiaxianke,1,无粉丝牌,金刚经是吃血的
a380623740,24,小僵尸,醉打蒋门神的音乐可以的
GoWithSea,13,小僵尸,金刚经盯着吃啊
范家太祖宗,9,无粉丝牌,金刚经最强的了
柿Kakichoco,20,小兰人,开金刚经吃药呗
FeuerFeuer,26,小僵尸,宝哥刚才不应该冲，站高处看他们打就行了
无名小角i,20,无粉丝牌,金刚经吃药 不被打断
藕酱嘤嘤嘤,25,寅子,金刚经霸体可以吃药啊。。
掘地求升,20,小僵尸,可惜啊
s3163345,20,傻肉,绝对燃！！！---《绝不认输》--王绎龙！
西凉点子王,15,小僵尸,旭旭宝宝刚来斗鱼没多久大家多包容别喷
Lionel灬,15,小僵尸,不是所有人都有枫哥的天赋，多包容一下
胖头妹陈彦豆,18,集团军,抱一哈？
只需想象,13,无粉丝牌,金刚经打药的啊
左手指尖的血,21,小僵尸,金刚经回气最快！！！ 你们看附加效果啊 
王百万1111,16,小僵尸,放乔峰BGM
大大卷大大大,14,小僵尸,金刚进吃药啊
严肃的二哈,24,小僵尸,金刚经用来硬抗吃药的
心里没有B数,15,小僵尸,你们就适合紫霞这种
cccaonimacc,17,大马猴,无敌了就吃药啊
夜清音1,20,小僵尸,这游戏最蠢心法就是紫霞
苏氏留,7,大马猴,曝气打药啊
vivi没有小小鼠,3,无粉丝牌,宝哥生日，大哥别说了
师承赌神008,11,小僵尸,吃药
Dreamcatcher123,9,小僵尸,上把 龙神2300输出也不低 至于宝哥。
圣西罗的夜夜,7,无粉丝牌,开金刚可以吃药不会被打断
pp超,22,无粉丝牌,菜鸡的理解啊
s3163345,20,傻肉,绝对燃！！！---《绝不认输》--王绎龙！！！
yydyyy,30,小僵尸,不会被打断但是不等于无敌啊
痒痒虫一生黑,18,小痒虫,金刚经吃药啊
嘻嘻哈哈21953,1,无粉丝牌,霸体无敌的啊
娜1018,14,小僵尸,格挡反击厉害啊
ssssssbxp,14,小僵尸,纯阳是决赛圈最强的
play8236,27,小僵尸,那是你们菜啊
终灬遇,22,小僵尸,吃药啊
BirdT,22,小肚皮,金刚吃药呀
挚爱蛋糕,25,你几分,金刚经爆气可以无敌吃药啊
小魏喵rua,1,无粉丝牌,娱乐而已带尼马宝哥节奏
私盐mo,10,小僵尸,金刚经吃药，不会怨心法
xiaozhuzhibo,18,小僵尸,精钢是曝气吃药的
努撸一杯,13,小僵尸,金刚经可以吃药
破翌排Vpg5371,1,无粉丝牌,Q 群 595Ο15294做嬡
铀忿沂riB9715,1,无粉丝牌,Q 群 595Ο15294做嬡
书生堕命剑,8,无粉丝牌,小圈切紫霞
俄方奋斗,22,小僵尸,小心进黑屋  ti不能发言会很难受
心里没有B数,15,小僵尸,混元都不适合你们
快快快快快快快快,26,尧顺宇,金刚经第一心法了解一下
冷月丶残云,22,无粉丝牌,cf也是山寨吃鸡的
我往东来,15,无粉丝牌,这就是不会控气啊
天臺上的朋友,16,无粉丝牌,宝哥每把能打到500伤害不？？
听风随雨,11,无粉丝牌,霸体吃药
游泳健将点子王,21,小僵尸,紫霞等他状态结束就一丝血
星辰拳,15,小緑帽,发函老狗 放 当阳常志此心丹.
EV5BKB,26,不自觉,你气不气
夜风独酌,6,无粉丝牌,重剑金刚经，开了就是转，队友自己收
无运高精丶,17,无粉丝牌,金刚霸体很强
P丶ersist丿,3,无粉丝牌,刚刚你打独狼的时候就是靠金刚经打死他的啊
awdxssqq123,23,小僵尸,宝哥一直是蠢逼 赖得喷他 没意思啊 从没报过希望
岚魄,19,无粉丝牌,瞧不起金刚经
大魔音B,2,无粉丝牌,金刚经吃药
花飞半掩门WANG,14,鹌鹑,小刘在往哪飞啊
Wk6606,4,无粉丝牌,金刚霸体吃药
love199107,12,无粉丝牌,亮剑
呱呱呱找朋友,5,无粉丝牌,精钢金吃药啊
终苑花火,14,小僵尸,金刚经吃药等于回血呀
星辰痕泪,20,小僵尸,你气满再曝气啊
我可以吃鸡upup,21,小僵尸,明月天涯啊  峰哥
gaga无聊,19,小僵尸,菜就不可怕，菜还不听指挥还乱吃资源是最蠢的
魏小磊石头,6,无粉丝牌,别人紫霞都不打，你们追这打
转眼万年易损件,24,小僵尸,看的这么开心喷什么啊
苏氏留,7,大马猴,霸体硬抗打药
差点吧,24,无粉丝牌,霸体吃药
JoeZhou周周,25,小僵尸,bmg的锅
loverlinlin,6,无粉丝牌,七剑战歌
firstchance,14,小僵尸,，
华尔街欲望永不眠,18,无粉丝牌,金刚经霸体啊
你要撞壁吗,21,小僵尸,刀剑若梦
elimove,8,无粉丝牌,金刚经不是自带霸体吗
丶丶夜游神,11,小僵尸,放偷功 放偷功
Celtics123,4,无粉丝牌,大圣歌，不解释，完爆一切
放纵的颖,7,小僵尸,别说了，，纯阳最厉害的！！！！
lifelover,24,无粉丝牌,好气啊没气
你屎临到头啦,7,小僵尸,哈哈哈哈哈
一个想肛周折的人,25,小僵尸,别人是一边打一边吃药的
老逼疯的小僵尸,15,小僵尸,这游戏一起玩开心就行，胜负心那么重干嘛
ArcherDaniel,21,小僵尸,别说了，BGM的锅
灰原丿哀酱,2,无粉丝牌,火影的歌
Qc1918,21,小僵尸,沃日金刚经吃药沃日
做好死亡的心理准备,21,小僵尸,金刚经是吃药的
whuzhang,20,小赢僧,金刚经霸体呀
kingbox40,20,小僵尸,金刚经是爆完吃药的
老陈那里脏不要舔,29,小僵尸,牙少放那首，手里捧着窝窝头
是个好骚年,17,无粉丝牌,金刚经不适合菜J
起名字那么麻烦1,1,无粉丝牌,打人也加气啊，金刚经是要先大人
御用黑粉010,21,碧宝,来首明月天涯
船员fhjj,2,无粉丝牌,黄晓的直播间号多少？有没有钓大的时候一下？
妹皇乌帝,16,小僵尸,霸体魔免啊
取网名太娘炮,4,无粉丝牌,霸体打药啊
Regeeeeee,18,无粉丝牌,金刚经是配格挡反击的，不是你们这样玩的
斗鸡的小迷弟,14,小电鸡,这个游戏节奏再快点就好了
嘻嘻哈哈21953,1,无粉丝牌,霸体无敌
1017113828,14,无粉丝牌,血上限最高 气回复最快
changmenyouC,12,小僵尸,你金刚金吃药霸体啊
科里斯毛,31,跤警,金刚经的霸体效果会用就很屌 但是紫霞就比较无脑
专攻猥琐男,14,大马猴,带纯阳加防御肉得一批
saro脑残粉,25,右右,牙少会玩
我丶快递员丶空投砸脸,6,无粉丝牌,金刚吃药不能被打断。
打酱油的小桶,24,小僵尸,暴牙擦全锅
在家睡觉,8,无粉丝牌,bgm的锅
ericzxc,20,无粉丝牌,bgm的锅
rua是不可能rua的,19,集团军,你是风儿我是沙不是挺好的吗
家教Giotto,24,小僵尸,金刚经
s3163345,20,傻肉,绝对燃！！！---《绝不认输》--王绎龙
Raysgod,14,无粉丝牌,吃药啊可以
Sooooooying,14,不自觉,别说了，我的我的
谜团大MTD,15,小僵尸,牙少放这个 Bahasa Palus
痒痒虫的亦桀,14,小痒虫,Into the Battlefield放这个
LLYCF,13,无粉丝牌,甩锅BGM，哈哈
LinaZz,6,无粉丝牌,不播DOTA吗 垃圾
XanaduF,22,小僵尸,金刚经霸体吃药啊
kent3fire,7,小僵尸,宝哥换老陈，小刘换奶子这个班子绝对笑瘫痪
wu100235,12,小僵尸,霸体吃药
中枪的路人,8,无粉丝牌,龅牙菜接锅
找不着北的川川,14,小僵尸,BMG的锅
wazss456,4,无粉丝牌,DJ不专业
双倍经验丸,27,小僵尸,金刚经吃药不会被打断
飘荡的信仰,7,无粉丝牌,牙少接锅
岚魄,19,无粉丝牌,不会用＝不好用
将斤斤计较哦哦,4,无粉丝牌,吃过鸡没
山中猫,18,小乌贼,md这四个b失了智
范家太祖宗,9,无粉丝牌,别人紫霞你就别打了啊，等结束再打
ABetterDay,4,无粉丝牌,金刚经抱起后满蓝啊
kkttllbb,8,小僵尸,意思是要水友来几本吐纳
呱呱呱找朋友,5,无粉丝牌,不会死
我就是那个水友,36,小僵尸,23333333
莫道殇逝无穷尽,17,无粉丝牌,金刚经牛逼的
饮尽沧海,31,一发,就是菜怪bgm咯
唯一的注视,26,小僵尸,是霸体
我是你的saber酱,15,小僵尸,明月天涯+1
jiaxianke,1,无粉丝牌,紫霞抗伤害 无限血
rua小火人rua,23,小僵尸,偷功
23336666666,1,无粉丝牌,紫霞可以连爆，金刚经就是刚
洛阳纸贵plus,12,小僵尸,王绛龙，电音哥
圣西罗的夜夜,7,无粉丝牌,拉开距离吃啊
战略大师操作似屎,15,无粉丝牌,BGM认错了
双倍经验丸,27,小僵尸,提前吃
260180499,10,无粉丝牌,打药箱啊
差点吧,24,无粉丝牌,bkb
星辰痕泪,20,小僵尸,曝气是解除挨打，或者破防的
wtagng,1,无粉丝牌,这个时候吃药啊，自己笨，怪金刚经
mocoku,25,小僵尸,你拉开距离吃大药 不怕打断能吃完
请你把我打皱,6,无粉丝牌,龅牙擦接过
330751540,6,无粉丝牌,天龙八部乔峰的出场音乐啊
香秃秀,18,无粉丝牌,别人都是远程打断的
dasibiedy,13,小僵尸,华佗药箱啊
dotaswzn,13,小僵尸,别人有气吗？？？
不会AI的沸羊羊,15,小僵尸,亮剑。亮剑
次手,12,无粉丝牌,放明月天涯放明月天涯放明月天涯
人潮akg,14,猪芳芳,绝不认输
一曲醉人心,16,无粉丝牌,金刚经霸体啊
星辰拳,15,小緑帽,发函老狗 放 当阳常志此心丹
呱呱呱找朋友,5,无粉丝牌,吃药对面打你没气了
不会打dota啊,20,小僵尸,金刚经打华佗药箱
Lionel灬,15,小僵尸,金刚单挑屌，紫霞更适合四排
灬柠灬夏,9,无粉丝牌,霸体吃华佗药箱，了解一下
sy5277748,6,无粉丝牌,金刚经就是开霸体啊！不会打断技能啊
Freshrobber,13,小僵尸,放乔峰的入场BGM啊
ヅ北港の夏天ˇ,12,小僵尸,骑马当难念的经 绝对效果爆炸
LoSuny,19,无粉丝牌,拉开吃药 不怕暗器
llllin,10,无粉丝牌,单挑金刚经=无敌
wancy133,12,无粉丝牌,最后这波锅就是宝哥的
鱼鱼sai,13,小僵尸,峰哥七剑战歌了解一下
GoWithSea,13,小僵尸,别人没气啊
JETxMark,3,无粉丝牌,金刚经吃华佗啊
挚爱蛋糕,25,你几分,金刚经是无敌霸体懂吗
独秋,5,无粉丝牌,别人也没气的啊 你以为无限气吗
印花的体恤,16,小僵尸,霸体不会掉血
请叫我大弔,1,无粉丝牌,宝哥真实弱
枫剩的午餐,30,小僵尸,华佗啊
丶丶夜游神,11,小僵尸,放偷功 放偷功放偷功 放偷功放偷功 放
就是黑,18,小僵尸,金刚经是霸体啊
游泳健将Rua,11,小僵尸,金刚 霸气是霸体啊
qq1334540036,19,小僵尸,收
钢棍鲁大师,10,雙馬尾,霸体无敌两秒
Grady果果,20,小僵尸,TVB版的笑傲江湖的片头曲《活得潇洒》
wl5668468,10,无粉丝牌,你们就不能去找灵芝吗
zxc362482212,11,无粉丝牌,金刚经配华佗药箱
522075988,21,小僵尸,知道什么叫霸体嘛
木上秀吉,11,无粉丝牌,。
好像生气了,5,无粉丝牌,不是
yydyyy,30,小僵尸,不会被打断但是不等于无敌啊
dzwjk,8,小僵尸,bgm：都是我的错😂
世事繁华f,12,小僵尸,罗汉拳
小409林,21,小僵尸,我他妈怎么了、
光子宇电,15,小僵尸,BGM：最终死绝，贴合场景
Nosensesin,9,无粉丝牌,遇到高手了
苏氏留,7,大马猴,1／3血没气的时候，硬抗霸体吃大药
做好死亡的心理准备,21,小僵尸,最强心法硬被你们说没紫霞好
Freshrobber,13,小僵尸,牙少这个B没灵性
送外卖的帅哥,32,无粉丝牌,em
a380623740,24,小僵尸,王进打高球啊
普通发不标准,8,无粉丝牌,少林武僧
钢棍鲁大师,10,雙馬尾,霸体无敌两秒的
yyzt816,15,小肚皮,高手
κiζs吥懂,7,无粉丝牌,4v4没打过别人，bgm背锅
小点子王丶,14,小僵尸,高手
韵风丶,20,你几分,墙角一顿暴揍
LLLLcC,25,小僵尸,高手
Lee741852,18,小僵尸,水友要会玩 还来看直播干什么 早狙击你们了 
夜清音1,20,小僵尸,紫霞曝气，别打，一过就是残血
330751540,6,无粉丝牌,天龙八部乔峰出场曲
superkee,20,小僵尸,鸠摩智
头酱大笨蛋丶,40,小僵尸,、
xiaozhuzhibo,18,小僵尸,除了双刺，精钢吃药无敌
milkum,18,小肚皮,哈哈哈哈
LastGuardian,11,无粉丝牌,金刚加了40点基础生命 不关键？
紫舞小缘,19,小僵尸,....
鹿真97699,6,无粉丝牌,你这什么拳法啊？
怕冷的灵魂,10,无粉丝牌,没客户端的 弹幕 也能指点的咯？
fone39,35,小僵尸,.....
冇乜冇,22,小肚皮,233333333333333333
超级肌肉狗,1,无粉丝牌,23333333333
LLLLcC,25,小僵尸,hhhh
叫我Victor就好,22,辣椒儿,2333333333333
靖贤宝宝gg,5,张大仙,金刚进是用重剑的爆一下直接 秒
剑来969,16,小僵尸,高手卧槽
天真的流氓,2,无粉丝牌,对啊，金刚经半血吃大药啊！
颜_Whatever,35,无粉丝牌,太祖长拳
DP风的信息,20,无粉丝牌,拳击手
头酱大笨蛋丶,40,小僵尸,高手
免税五花肉,7,无粉丝牌,....
苟就完事了,21,无粉丝牌,23333
晓枫59202,1,无粉丝牌,哈哈哈哈哈哈
衡阳小帅哥,3,无粉丝牌,7777
练车的司机,17,小僵尸,老秃驴
微微豆莱,25,小痒虫,巨龙
黄浦江畔丶叶小钗,32,小僵尸,高手
1枪3级头3枪10级头,17,小僵尸,老秃驴
请你把我打皱,6,无粉丝牌,哈哈哈
头酱大笨蛋丶,40,小僵尸,赵二！
柿Kakichoco,20,小兰人,枫哥上把不菜了已经…
sakisaki,4,无粉丝牌,鸠摩智我曹
qwetank,13,无粉丝牌,高手
老老马马马马马,1,无粉丝牌,老秃驴
阿尔胡莉亚,10,无粉丝牌,赵二
LLLLcC,25,小僵尸,高手
天真的流氓,2,无粉丝牌,很厉害的
T7Rpu230,1,无粉丝牌,.......
你像流浪的流星,26,小肚皮,高手
不要糾結這8個字,12,小僵尸,赵二哈哈哈哈
acm1990,26,小僵尸,暴气直接暴死
Carter15,24,小僵尸,感动
道术之隙,7,无粉丝牌,鸠摩智？？？
魔理沙偷走了什么,21,小僵尸,赵二
506862497,4,无粉丝牌,火焰刀
我是陈某某啊啊,27,小僵尸,赵二
飘荡的信仰,7,无粉丝牌,鸠摩智
送外卖的帅哥,32,无粉丝牌,牛逼
中枪的路人,8,无粉丝牌,赵二
qq_Lw9bmf,12,耐克,看看人家
赛亚人之神3,17,阿冷,233333333333
晨思白,14,无粉丝牌,有刺客，奏乐
无脑僵尸Eric,14,一发,鸠摩智
NewSkW,18,玫瑰酱,2拳难敌4手
星期三的月亮,27,小僵尸,赵二
背锅侠汪峰,7,无粉丝牌,赵二
北京的鱼,19,小僵尸,内力震死的
GragHack,15,小肚皮,赵二
fishpear,30,QQ酱,巨龙
AlthrieS,14,小僵尸,感动
你瞎啊你瞎啊你你瞎啊,4,无粉丝牌,有刺客!
Q12231c71a042026c4,13,小僵尸,阿星啊星 接力
qwetank,13,无粉丝牌,鸠摩智
唯一的注视,26,小僵尸,0.0
xkcssg,16,无粉丝牌,赵二哈哈
大师兄抱紧我,7,无粉丝牌,老秃驴
老陈你又在OB了,16,小僵尸,和尚
Dazermonster,19,小僵尸,赵二又lei了
你屎临到头啦,7,小僵尸,赵二哈哈哈哈哈
pdslcd,13,小僵尸,赵二
仁赞_acfun,19,小僵尸,赵二
Virpard,14,猪芳芳,233333333333333
myaya1,8,无粉丝牌,赵二菜啊 
黒炭,28,小僵尸,金刚基本都是吃药的
煌煌耀耀,20,小僵尸,赵二
wabgzhi2015,34,小僵尸,又是赵二
AurumK,26,小僵尸,赵二
xeba615131,17,小僵尸,赵二
万象天引rua,25,小僵尸,哈哈哈哈哈
瓜瓜的117号技师,23,小渣男,哈哈哈哈哈哈哈哈哈哈哈哈哈哈哈哈哈哈哈
心灵的追念f,9,无粉丝牌,赵二
你要撞壁吗,21,小僵尸,赵二哈哈哈
秦锵锵,17,小僵尸,赵二 哈哈哈
苟就完事了,21,无粉丝牌,赵二
游海天下众,6,无粉丝牌,鸠摩智
独秋,5,无粉丝牌,赵二 233333
小僵尸他lei了,16,小僵尸,秃驴
洛丹伦的沉沦,15,小僵尸,赵二
木有大石头,10,炮爹,对面散打王
万浪丛中踏风过,26,小僵尸,赵二
天臺上的朋友,16,无粉丝牌,最小的圈根本拉不开剧里吃药
freedom310,24,小僵尸,鸠摩智
pjq970622,22,无粉丝牌,赵二
柿Kakichoco,20,小兰人,赵二哈哈哈
还钱还钱把钱换回来x17,23,小僵尸,哈哈哈哈哈
lunaries,11,寅子,一个屁震死
缘来QAQ似李,13,无粉丝牌,赵二哈哈哈哈
dyw112c,23,无粉丝牌,赵二
心灵的追念f,9,无粉丝牌,哈
瓜瓜的117号技师,23,小渣男,赵二。。。。
Gameislive,7,无粉丝牌,鸠摩智，是你吗
Ty丶剑神,12,无粉丝牌,感动。。
oscar213,18,小僵尸,手刃赵二
无敌的欢哥,9,无粉丝牌,鸠摩智卧槽
陆牧灬,25,小僵尸,看见个姜昆大侠
淡沫123123,19,小僵尸,乔峰不怕鸠摩智的呀
飞飞的小翅膀,1,无粉丝牌,哪个平台的武侠义？哪个平台的武侠义？哪个
爱你灬不解释,16,无粉丝牌,哈哈哈
中枪的路人,8,无粉丝牌,赵二雪耻了
丶丶夜游神,11,小僵尸,赵二记仇
嫩水蟹好吃吗,22,点子王,鸠摩智赵二
nononnnnnn,18,小僵尸,赵2 哈哈哈
送外卖的帅哥,32,无粉丝牌,老仇人
无比丶复杂,31,小K基,赵二
电竞周克群,9,无粉丝牌,哈哈哈
劣势路扛把子,21,小僵尸,66666666666666666666
tata1124,11,无粉丝牌,BGM接锅
好想喝饮料啊吨吨吨,27,无粉丝牌,赵二
Iriya伊里野,18,无粉丝牌,得罪方丈了
MakeitColorful,14,猛男,...
衣袂临风,25,小僵尸,鱼叉。。。
hihi哈哈哈啊,16,小僵尸,宝哥在跑路
XanaduF,22,小僵尸,赵二
loverlinlin,6,无粉丝牌,闰土
200斤不含头马格纳枫,14,无粉丝牌,赵二
EV5BKB,26,不自觉,2男子坐在地上摩擦
曳尾涂中,22,小僵尸,赵二
wyp1971,18,小僵尸,哈哈哈哈
飞飞的小翅膀,1,无粉丝牌,哪个平台的武侠义？哪个平台的武侠义？、
头酱大笨蛋丶,40,小僵尸,东厂办事
法师看电影,19,小乌贼,歪西。
大保天天剑,23,无粉丝牌,峰哥不应该啊，这是隔壁lol的盲僧啊，你输了丢人啊~
丿茕茕白兔,20,集团军,彩笔啊
opigye,7,无粉丝牌,这B现在狙击不了江湖4恶了。
JETxMark,3,无粉丝牌,鸠摩智卧槽
个魜atm,1,无粉丝牌,赵二现在是个废物呀
crsama,8,小僵尸,yc
无脑僵尸Eric,14,一发,愁人
一怒超鬼丶,18,小肚皮,鸠摩智来啦
J马小跳L,10,集团军,阿星啊 接力接力 接力  接力
漫漫雨忆寒,12,无粉丝牌,"弹幕大神都是无所不知无所不能,还有不能指点的？"
秋名山阿强0,18,小僵尸,鱼叉
山中猫,18,小乌贼,这dg不专业啊
nnnn0407,18,小僵尸,闰土握草
霜曦,21,小僵尸,鸠摩智来了
枫哥头上能跑马,15,小僵尸,武林高手赵二
依马偎斜桥,3,无粉丝牌,赵二
蓝汀语,34,小乌贼,偷功bmg了解一下
wsaaad,3,无粉丝牌,赵二1打2打爬一个丢人吗
爱吃面的小猪猪,16,无粉丝牌,鸠摩智
请你把我打皱,6,无粉丝牌,手刃
炉石奇遇记,18,小僵尸,yc
九辞乄,27,小僵尸,纯阳是爆气加防御
乄还有谁乄,23,小僵尸,赵二不行了啊
伊迪厄特,5,无粉丝牌,赵二它lei了
阿凡提变身了,22,小僵尸,段延庆我操
小缘喵老师教你们啵啵,19,小僵尸,STEAMSTEAMSTEAMSTEAMSTEAMSTEAMSTEAMSTEAMSTE
不耻反荣丶n3aryc,15,小肚皮,steam
Alanldxx,12,李鸽,华佗药箱，十秒。人家打不死你？？
e动小Q,8,大帅Q,鸠摩智l
项家大少,9,无粉丝牌,您的仇人赵二上线了
freedom310,24,小僵尸,马甲的弟子
随风啦啦啦啦,5,无粉丝牌,巨龙还是记仇
慕慕归,2,无粉丝牌,鸠摩智
a380623740,24,小僵尸,王进打高球啊
Aosora,12,无粉丝牌,厂公帽leile
北京的鱼,19,小僵尸,世仇
suki0414,18,小僵尸,天下武功出墙角
蜜制艺术家,23,小僵尸,赵二昨晚被枫哥血克啊
爱吃瓜的小猹猹,11,小豆包,....
crowsss,9,无粉丝牌,刘皇叔护驾来迟
柿Kakichoco,20,小兰人,枫哥拿到枪都得死
晨思白,14,无粉丝牌,击倒了沐剑屏
18689471736,1,无粉丝牌,乔峰BGM讲道理 要上的啊
天臺上的朋友,16,无粉丝牌,最小的圈根本拉不开距离吃药，
画面跳格aa,4,无粉丝牌,赵二很厉害的你打不过正常
青山如是丶,13,集团军,三个平台武侠义是互通的
挥之不去雅,13,无粉丝牌,粪叉
l枝叶丶,15,小僵尸,纱布
流逸之风,20,小僵尸,都是sb
iam9438333,16,小僵尸,姜公公lei了
唯一的注视,26,小僵尸,武侠乂 方块 steam wegame
大保天天剑,23,无粉丝牌,输给盲僧丢人啊
飞飞的小翅膀,1,无粉丝牌,哪个平台的武侠义？哪个平台的武侠义？
东京不热了,19,Boss,纱布
twoeatone,26,小僵尸,平台互通
温柔的男孩像阳光0,12,无粉丝牌,Steam    Wegame  都有
Sooooooying,14,不自觉,你们就是4个纱布
艾迪QAQ,30,Quin,都是sb
TwistedFate丶1,24,无粉丝牌,纱布挺好用的
bijing213,20,无粉丝牌,暗示暗示
Frank68271,8,小僵尸,龙五
大周乐师古小月,28,小僵尸,在下大周乐师，可以暂时替丐帮奏乐
myaya1,8,无粉丝牌,赵二昨天单胖头鱼就被打爆了
不再改ID丶阿拉,36,集团军,。。。。。。。。
Aosora,12,无粉丝牌,华佗药箱10秒的不只是云玩家了
天卓,2,无粉丝牌,使用回车可以快速发送弹幕
鸽子王放你鸽子,5,无粉丝牌,这游戏免费吗
山中猫,18,小乌贼,偷功张三丰那个？
ProDu,7,无粉丝牌,山寨版吃鸡
歪歪诶抚,23,小僵尸,赵二昨天不是被峰哥锤了好几次么
优格水友,8,无粉丝牌,帮个忙、
绿野鲜粽,20,小僵尸,赵二水平有点跟不上了啊
飘荡的信仰,7,无粉丝牌,现在不好打江湖四恶了
Celtics123,4,无粉丝牌,Bgm跟奶子D不是一个档次
慕慕归,2,无粉丝牌,峰哥能不能搞个任天翔
260180499,10,无粉丝牌,华佗药箱十秒的那个去下个游戏
凡尘PM,16,小僵尸,只要脑子正常的都不会买wegame平台的吧？？
zhouye27,5,无粉丝牌,东厂千户
kent3fire,7,小僵尸,龙神低估了无影手啊
夜清音1,20,小僵尸,峰哥紫霞曝气，别打，等气一过他是残血的
万象天引rua,25,小僵尸,我想起了007打皮鞋
灰烬如雪,8,无粉丝牌,全平台互通
Dreamcatcher123,9,小僵尸,赵二昨天被枫哥单杀了  别吹了。
低調你懂嘚,17,小僵尸,《当阳常志此心丹》这首歌是龙神专属
Frank68271,8,小僵尸,龙五龙五
九辞乄,27,小僵尸,华佗药箱十秒的，先买游戏
一场清风丶,16,7管严,服务器通的那个都可以
330751540,6,无粉丝牌,天龙八部乔峰出场自带刀剑配音
Dazermonster,19,小僵尸,令狐龙23333
送外卖的帅哥,32,无粉丝牌,哈哈
1234564aaa,14,小肚皮,steam
范家太祖宗,9,无粉丝牌,三个平台同服
老比峰下面头比上面大,24,小僵尸,？！
望蓝月来越美丽,20,小赢僧,。。。
灰原丿哀酱,2,无粉丝牌,火影的歌bgm
烂笔一枝,3,无粉丝牌,steam88
老比峰下面头比上面大,24,小僵尸,。。。。。
不要忘了鸭小七呀,18,无粉丝牌,这上面游戏
160266029,3,无粉丝牌,世间始终你好bgm世间始终你好bgm世间
小不点说她不小了,29,小僵尸,枫哥最近打得有模有样的啊
今天打老虎,28,小僵尸,在下乔峰
飞飞的小翅膀,1,无粉丝牌,枫哥在哪个平台的武侠义？
呱呱呱找朋友,5,无粉丝牌,金刚经吃药对面打你对面没气了你反打
老陈你又在OB了,16,小僵尸,哈哈哈
雾里探尘思梦影S,23,无粉丝牌,什么鬼ID
飞飞的小翅膀,1,无粉丝牌,枫哥在哪个平台的武侠义？、
老陈那里脏不要舔,29,小僵尸,NONO
飞飞的小翅膀,1,无粉丝牌,枫哥在哪个平台的武侠义？、、、
hihi哈哈哈啊,16,小僵尸,声音好大
伦敦下雨了,23,小僵尸,nono?
司马园,7,无粉丝牌,水友jj群号发个
2G123,4,无粉丝牌,nono
loverlinlin,6,无粉丝牌,单挑
小白鸽摄像头粉,21,小渣男,nono
啊呀哈,6,无粉丝牌,4个人，敢不敢一站
铭仔阿铭,23,小僵尸,low皇
路壹Lu1,11,小僵尸,NONO啊
twoeatone,26,小僵尸,nono
飘荡的信仰,7,无粉丝牌,no皇
背锅侠汪峰,7,无粉丝牌,nono
星期三的月亮,27,小僵尸,no皇
中国第一DJ王绎龙,12,无粉丝牌,steam
蓝汀语,34,小乌贼,是的，张三丰的偷功啊
大师兄抱紧我,7,无粉丝牌,在下令狐龙
背锅侠汪峰,7,无粉丝牌,...........
练车的司机,17,小僵尸,no皇？
游泳健将点子王,21,小僵尸,no皇...
Richar132,16,小僵尸,no皇
微微豆莱,25,小痒虫,nono哈哈哈
爱版主猪猪真是太好了,16,无粉丝牌,lowlow
夜郎阿郎,1,无粉丝牌,哈哈哈哈
T7Rpu230,1,无粉丝牌,....
李可可coco,1,无粉丝牌,哈哈哈哈哈
ericzxc,20,无粉丝牌,no皇
夜cc水寒,10,小僵尸,666666
NewSkW,18,玫瑰酱,4个人追着别人跑 还问别人敢不敢一战··
OGMaxwell,16,小赢僧, 有脑子都不会玩垃圾wegame
苟就完事了,21,无粉丝牌,四个人冲过去，喊着单挑
laoChen99999,26,小僵尸,nono哈哈
三生梦颜,27,小僵尸,no皇。。
MeMe丶Sun,20,小僵尸,no皇
小淼号,30,无粉丝牌,火影的BGM可以
小僵尸他lei了,16,小僵尸,no皇？
小409林,21,小僵尸,四个追一个叫单挑
秋名山阿强0,18,小僵尸,ouou四脚朝天
予予予予予予,26,无粉丝牌,Nono
你屎临到头啦,7,小僵尸,no皇哈哈啊哈哈
艾迪QAQ,30,Quin,no皇是个弟弟啊
XanaduF,22,小僵尸,no皇哈哈哈哈哈哈哈哈
中国第一DJ王绎龙,12,无粉丝牌,steam最好
G2kennysss,15,集团军,no皇？
Dazermonster,19,小僵尸,no皇哈哈哈哈哈
DRCZX,22,小僵尸,lowlow
依马偎斜桥,3,无粉丝牌,nono
开飞机的是贝塔,14,无粉丝牌,UOUO
唯一的注视,26,小僵尸,0.0
星期三的月亮,27,小僵尸,nonowoc
老陈你又在OB了,16,小僵尸,nono
Libertettttt,8,小8路,lowlow
皮卡丘de消失,14,无粉丝牌,zozo
枫剩的午餐,30,小僵尸,No皇
故我,10,无粉丝牌,no皇 哈哈哈
壳酱,8,小傻逗,骗武器
凡尘PM,16,小僵尸,steam 啊
三尺微命v,10,无粉丝牌,奏乐
JerryHA0,28,小僵尸,no皇
RexChooo,31,小僵尸,no皇卧槽
Miller风起,18,小僵尸,uouo
北原和纱丶,7,无粉丝牌,NO皇我草
衣袂临风,25,小僵尸,uouo
灬柠灬夏,9,无粉丝牌,。。。
青衫阿强不改,14,小僵尸,续命别一下吃两个和吃树是一样的，
花飞半掩门WANG,14,鹌鹑,弄
小僵尸啵啵怪,31,无粉丝牌,NO皇哈哈哈
寡妇门外丨排队汉,11,耐克豪,bgm
tangrui110,22,小僵尸,UOUO
thomasscott26,21,女流,快如枫
唯一的注视,26,小僵尸,BGM走起阿
kingbox40,20,小僵尸,no皇啊哈哈哈
欧巴欧巴帅帅帅,14,小僵尸,在下尼古拉斯
AlthrieS,14,小僵尸,哈哈哈哈哈哈
免税五花肉,7,无粉丝牌,uouo
wabgzhi2015,34,小僵尸,Ouou
煌煌耀耀,20,小僵尸,nono
xeba615131,17,小僵尸,zozo
Dreamcatcher123,9,小僵尸,小淫虫  no皇。。。
nereersere,14,无粉丝牌,NOhuang wocao 
范家太祖宗,9,无粉丝牌,uouo
billzqb,21,小僵尸,no皇这个逼
送外卖的帅哥,32,无粉丝牌,哈哈no皇也是搞笑
叫我Victor就好,22,辣椒儿,2333333333333
Nosensesin,9,无粉丝牌,奏乐啊
tangrui110,22,小僵尸,NO皇牛逼！
优格水友,8,无粉丝牌,帮个忙
大孤云淼汉,11,小僵尸,奏乐
终焉来临之时,12,小僵尸,no皇卧槽
蜡笔小新ac,21,小僵尸,low皇
fishbone397,12,电棍,uouo
灬柠灬夏,9,无粉丝牌,uouo
优格水友,8,无粉丝牌,bgm
花飞半掩门WANG,14,鹌鹑,no皇蛮菜的 是新手
飞飞的小翅膀,1,无粉丝牌,枫哥在哪个平台的武侠义？
山中猫,18,小乌贼,bgm啊
小409林,21,小僵尸,群殴no皇
取梦为饮21336,7,无粉丝牌,点到为止
萝莉的猫,12,无粉丝牌,找对手要武器?
fanyudexin,14,无粉丝牌,小刘看来是打不过。
伊迪厄特,5,无粉丝牌,奏乐
岁封寒001,6,小僵尸,苏小七和倦收天吗
TwistedFate丶1,24,无粉丝牌,奏乐啊
柿Kakichoco,20,小兰人,菜鸡互啄
liu卿,16,小僵尸,bgm啊
草草草123,7,无粉丝牌,nono跪滑
斗鱼用户chirZODP,1,无粉丝牌,偷袭
集邮仁波切,18,小緑帽,江湖真小
szl3288946,15,小僵尸,拉扯
BKB躲薄葬,13,无粉丝牌,去舔药啊
ㅣ泐ㅣ,19,小僵尸,小刘
2G123,4,无粉丝牌,ob
依马偎斜桥,3,无粉丝牌,奏乐啊
飞飞的小翅膀,1,无粉丝牌,枫哥在哪个平台的武侠义？~.
波菜好吃,19,小僵尸,BGM呢？？
o安晓瑜,19,小僵尸,奏乐
kkkkkkk7,7,无粉丝牌,不奏乐吗
Early_zyr,10,大马猴,d
xkcssg,16,无粉丝牌,NONO早上买的游戏
MakeitColorful,14,猛男,....
ΜαＪěsＴy,15,无粉丝牌,uouo
午夏柳,21,小赢僧,去搜啊
三梗大棒,12,腐乳,no皇哈哈
丶傲戦天,9,小僵尸,BGM呢
qr1025qr1025,14,小痒虫,啄
我是你的saber酱,15,小僵尸,奏乐
山与海丶千夜,21,小僵尸,小刘好菜啊
优格水友,8,无粉丝牌,奏乐
160266029,3,无粉丝牌,世间始终你好bgm田大侠专用
所谓零,11,无粉丝牌,掠阵
deep_dp,15,集团军,却一个田伯光大侠
非洲吴彦祖嘿喂狗,29,小僵尸,BGM呢
wo丶在金牛湖畔,16,小僵尸,感觉小刘不中用啊
Dazermonster,19,小僵尸,no皇诗歌弟弟啊
Fairy_Wind,21,无粉丝牌,小刘不行啊
游泳健将点子王,21,小僵尸,奏乐啊
十二片叶子,20,小僵尸,上啊让no皇知道江湖险恶
lcr0719,15,麋鹿阿,杀了他
波与粒子的境界,13,大马猴,no皇这游戏是弟中弟
夕阳武士hw,3,无粉丝牌,车轮战？
壹发入魂,22,小僵尸,小刘真是个弟弟..
桜月華,17,小僵尸,奏乐啊
忠诚的小僵尸,24,小僵尸,皇叔打不过啊
saro脑残粉,25,右右,牙少奏乐
你瞎啊你瞎啊你你瞎啊,4,无粉丝牌,双刀流
honru,21,小僵尸,no皇苦练了一天没睡觉
Youling9221,7,无粉丝牌,BGM呢
Trytobeat1,15,小电鸡,steam
文和乱武,17,小僵尸,鸡烈
AlthrieS,14,小僵尸,no皇有直播吗？
存在感加1,20,小僵尸,音乐呢
浮生如梦668,5,无粉丝牌,什么游戏啊
蓝色天空12109,1,无粉丝牌,色情主播，我报警啦！
煌煌耀耀,20,小僵尸,bgm呢
独秋,5,无粉丝牌,双刺 小刘打不过的
怎么玩不起啊,33,小僵尸,zozo
pp416,13,小僵尸,奏乐
1234564aaa,14,小肚皮,你们根本不是单挑！你们两个在以势压人！
枫剩的午餐,30,小僵尸,小刘真的菜 
砕月雨中奏丶,17,无粉丝牌,no皇没见玩过，应该也是个弟弟
我呗,22,无粉丝牌,好蠢
xiao橘猫,14,小赢僧,那个平台都是一个服务器好像
煌煌耀耀,20,小僵尸,奏乐
路壹Lu1,11,小僵尸,江湖险恶呢？峰哥教他这个道理啊
PepsiCoRUA,34,小僵尸,uouo
游泳健将点子王,21,小僵尸,no皇醉了
私人的乌托邦,9,无粉丝牌,无影手
LLYCF,13,无粉丝牌,no皇好可怜，没他的位置
九辞乄,27,小僵尸,两个平台同一个服务器的，只要是国服
依马偎斜桥,3,无粉丝牌,江湖再见
不要糾結這8個字,12,小僵尸,哈哈哈哈哈
CXIApril,27,小乌贼,uouo
hy62381,7,蜘蛛精,无影手
ㅣ泐ㅣ,19,小僵尸,刘神
星期三的月亮,27,小僵尸,no皇
文和乱武,17,小僵尸,交啄
丨Murasame丨,19,小僵尸,好狠
微微豆莱,25,小痒虫,uouo
GOLDENAGER,24,小僵尸,Nono哈哈哈
魔理沙偷走了什么,21,小僵尸,哈哈哈 吊打
冇乜冇,22,小肚皮,卧槽
Dazermonster,19,小僵尸,出现了
qq1334540036,19,小僵尸,出现了
kalali,17,无粉丝牌,瞬间没了
依马偎斜桥,3,无粉丝牌,我草
跳刀跳刀0,8,暴躁朵,无影手
fishpear,30,QQ酱,无影手再现江湖
秋名山阿强0,18,小僵尸,ouou
Carter15,24,小僵尸,...
TomHou9997,1,无粉丝牌,无影手
月神AA,8,无粉丝牌,233333333333333333
Nosensesin,9,无粉丝牌,出现了
EmberCO,19,小赢僧,好快
他们都说我很尴尬,12,小肚皮,无影手
1219丶扶朕起来,22,蘑菇,哈哈哈哈
Mz1kros,21,小僵尸,哈哈哈
潮吹老B枫,23,小僵尸,哈哈哈...
雪女冰川,28,小僵尸,zozo
蓝汀语,34,小乌贼,哈哈哈哈哈哈哈
T7Rpu230,1,无粉丝牌,.....
逐星者的静谧,9,影魔王,出现了
这是REPLAY丶你知道的,10,小僵尸,哈哈哈哈
Demolady,5,无粉丝牌,盒了
今天打老虎,28,小僵尸,哈哈哈哈哈哈哈哈哈哈
飘荡的信仰,7,无粉丝牌,出现了
被捏的软柿子,23,小僵尸,小腿改名公孙乌龙
小点子王丶,14,小僵尸,出现了
bijing213,20,无粉丝牌,"色情主播,我报警啦！"
唯一的注视,26,小僵尸,"<img class=""chat-emotion"" rel=""dy001"" src=""https://shark.douyucdn.cn/app/douyu/res/page/room-normal/face/dy001.png?v=20170626"" />"
200斤不含头马格纳枫,14,无粉丝牌,uouo
微微豆莱,25,小痒虫,哈哈哈哈哈哈哈哈哈哈哈
集邮仁波切,18,小緑帽,卧槽
艾迪QAQ,30,Quin,哈哈哈哈哈哈
月落乄晨曦,11,小僵尸,出现了出现了
叫我Victor就好,22,辣椒儿,23333
柿Kakichoco,20,小兰人,哈哈哈哈哈哈哈哈哈哈哈哈哈
破碎故事之心,10,小僵尸,卧槽
bijing213,20,无粉丝牌,66666666666
Imytime,32,小僵尸,哈哈哈哈哈
RexChooo,31,小僵尸,哈哈哈哈哈哈哈哈哈
xeba615131,17,小僵尸,出现了
2G123,4,无粉丝牌,哈哈
1219丶扶朕起来,22,蘑菇,哈哈哈哈哈哈
小小僵尸笑,29,无粉丝牌,。。。。
无比丶复杂,31,小K基,no皇菜呀
冷月丶残云,22,无粉丝牌,233333333333333333笑死我了
Hoho缘碌碌一对D,25,小肚皮,哈哈
下辈子能不能别路过,19,无粉丝牌,哈哈哈哈
胧夏,16,小僵尸,666
忠诚的小僵尸,24,小僵尸,uouo
928099618,10,无粉丝牌,上来就把NO皇吃了
ASH9559900,17,小僵尸,666
枫哥头上能跑马,15,小僵尸,哈哈哈
老陈你又在OB了,16,小僵尸,哈哈哈
阿冷两只小猪,23,阿冷,哈哈
黑無常,5,000,出现了
Maxwelldor丶丶,18,小僵尸,NO皇自闭了
AlthrieS,14,小僵尸,哈哈哈哈哈哈哈哈哈哈哈
远离枫暴浩劫,26,无粉丝牌,哈哈哈哈哈哈哈哈哈哈哈
小409林,21,小僵尸,无影手
万象天引rua,25,小僵尸,哈哈哈哈哈
308098435,20,小僵尸,无影手
wabgzhi2015,34,小僵尸,哈哈哈哈哈哈哈哈哈哈
1106878208,21,无粉丝牌,哈哈
大师兄抱紧我,7,无粉丝牌,哈哈
丨Murasame丨,19,小僵尸,噼里啪啦一顿捡
iam9438333,16,小僵尸,no皇家开拳馆的 家里经常出事
蓝汀语,34,小乌贼,无影手
qq_qNPzJB,13,集团军,uouo
依马偎斜桥,3,无粉丝牌,箱子都甜美了
tako宝宝张语格,4,无粉丝牌,ooooooooooo
桂花树,19,小僵尸,无影手
l183331,11,无粉丝牌,NONO是真的菜，玩什么都咸鱼
煌煌耀耀,20,小僵尸,无影手
灬柠灬夏,9,无粉丝牌,菜鸡互啄
wu100235,12,小僵尸,比小刘还菜。。
牛肉拉满,20,集团军,好惨
pjq970622,22,无粉丝牌,无影手
lifelover,24,无粉丝牌,哈哈还差哈
夜灵摆渡,9,无粉丝牌,无影手午餐
请将我拔出剑鞘,12,无粉丝牌,哈哈
fishpear,30,QQ酱,江湖人称无影手
XanaduF,22,小僵尸,no皇卒
优格水友,8,无粉丝牌,抄了这个bgm
atomic2004,23,无粉丝牌,无影手
免税五花肉,7,无粉丝牌,..
这只是个皮皮,21,小星雲,哈哈哈哈哈哈哈
zoldick77,3,无粉丝牌,无影手
爱你灬不解释,16,无粉丝牌,惊了
夜半修仙233,14,无粉丝牌,NO皇好菜
飘荡的信仰,7,无粉丝牌,哈哈哈哈
老陈那里脏不要舔,29,小僵尸,峰哥，叉子可以用长枪技能的啊
枫吹匹皮凉,19,小僵尸,哈哈哈哈哈哈
大周股民小龙,22,女流,无影手
你和Mary还一起talk吗,23,影魔王,233333333333
Carter15,24,小僵尸,一个疾冲，无影手发动
风送落花,7,无粉丝牌,出现了
圣僧请留步,19,深深儿,233333333333
NewSkW,18,玫瑰酱,NO皇快递哥
dzwjk,8,小僵尸,nono😂
斗鱼用户jC3AOy3y,1,无粉丝牌,百度一下 色塔坶，不用回来谢我了
AlthrieS,14,小僵尸,无影手
0SilverCrow0,6,无粉丝牌,出现了
灬柠灬夏,9,无粉丝牌,uouo
echo必杀技,9,无粉丝牌,哈哈
艾迪QAQ,30,Quin,瞬间就没了
法师看电影,19,小乌贼,这舔包速度……
zqals,18,小僵尸,无影手
你要撞壁吗,21,小僵尸,舔啊
Mz1kros,21,小僵尸,应该说真穷
小僵尸啵啵怪,31,无粉丝牌,"<img class=""chat-emotion"" rel=""dy115"" src=""https://shark.douyucdn.cn/app/douyu/res/page/room-normal/face/dy115.png?v=20170626"" />"
依马偎斜桥,3,无粉丝牌,箱子都舔没了
nononnnnnn,18,小僵尸,江湖险恶。。
Grady果果,20,小僵尸,uouo
li1070074161,14,无粉丝牌,  观战不能白看的呀
年夕,8,小僵尸,都是老瘤子
kingbox40,20,小僵尸,no皇，卒
liyuanhanga,12,无粉丝牌,哈哈哈哈
鬆的天下,11,无粉丝牌,BGM出来啊
谈小柒,13,无粉丝牌,丐帮绝学
陆牧灬,25,小僵尸,你拿好枪的招式啊
daihaoxiii2013,15,小僵尸,嗷嗷待哺
nereersere,14,无粉丝牌,NO皇好菜
道术之隙,7,无粉丝牌,箱子被舔烂了
萌村村长,32,女流,最大的敌人是自己人
优格水友,8,无粉丝牌,没有bgm的
daijunbo1992,39,小赢僧,光速舔尸
play8236,27,小僵尸,NO皇不会啊   普攻破飞踢的啊
阿银喵,33,无粉丝牌,斯内克
fhjfhggu,6,无粉丝牌,天真的小刘
0SilverCrow0,6,无粉丝牌,ob无影手
泉水姐姐丶丶,12,小緑帽,两个舔狗冲上来
憋尿神功,28,小緑帽,NO皇这个弟弟
Lionel灬,15,小僵尸,nono打不过小刘哈哈
独角兽的安息sky,22,王羽杉,。。
a154881112,22,小緑帽,宝哥舔得开心
独秋,5,无粉丝牌,🐍哥
魔理沙偷走了什么,21,小僵尸,宝哥跟玩单机一样
草草草123,7,无粉丝牌,zozo
缘头缘脑缘肚皮,20,196,宝哥聪明
飘荡的信仰,7,无粉丝牌,不能白看
骑士所向万众皆靡,10,小僵尸,这手速是真的快
foookend,11,无粉丝牌,贪吃蛇
大师兄抱紧我,7,无粉丝牌,金蛇郎君牛逼
sxjcllz,15,无粉丝牌,寺内克
忆往曦,28,徐薇,斯内克发财了
倾言轻语,16,无粉丝牌,添包只认yyf ldd
夜_MCg,1,无粉丝牌,陆小凤卧槽
忠诚的小僵尸,24,小僵尸,nono这个b是真的搞
P死你个B,19,无粉丝牌,观战礼物
Haibaracc,13,小僵尸,no皇被分而食之
请你把我打皱,6,无粉丝牌,宝哥
之之之丶丶,23,小僵尸,宝哥一声不响发大财
不再改ID丶阿拉,36,集团军,快递
ΜαＪěsＴy,15,无粉丝牌,贪吃蛇
颜_Whatever,35,无粉丝牌,司空摘星
南丨丨木,22,小僵尸,宝哥机智
Dreamcatcher123,9,小僵尸,无影手才是第一心法。。。
echo必杀技,9,无粉丝牌,不管37二十一
咕咕L拉V捂,14,小僵尸,n0皇好惨
e动小Q,8,大帅Q,无影手
李家沱吴彦祖,22,小僵尸,捡了所有东西，然后就留了个草料
漠漠Z,10,XDD,先抢在说
蓝汀语,34,小乌贼,2333333
ㅣ泐ㅣ,19,小僵尸,233333333
nastyfred,12,小乌贼,蛇哥自有妙计
xiyangxix,3,无粉丝牌,老瘤子
小懒12345,36,小僵尸,宝哥闷声发大财
阿丶粥,19,小僵尸,右键点烂 别多问
单排就是克制,18,小僵尸,战神乔峰1打5
无比丶复杂,31,小K基,宝哥机智呀！
灬柠灬夏,9,无粉丝牌,无影手
接龙为所欲为,19,小僵尸,真他妈快
ZXXZCCZ,2,无粉丝牌,no皇被活活舔死了
christina6666,12,影魔王,跟这帮老b打 手不快 东西都么的
honru,21,小僵尸,楼下有把弓
大周股民小龙,22,女流,这游戏对峰哥色弱很友好啊
艾迪QAQ,30,Quin,聪明伶俐脏蛇宝
不耻反荣丶lilysaber,20,小痒虫,宝哥都是默默舔东西。。
eegassffa,11,无粉丝牌,sanke都闷声发大财很久了
石首大爹,18,小僵尸,小刘还是年轻
随风啦啦啦啦,5,无粉丝牌,斯内克又蠢又毒
小小神牛,16,无粉丝牌,youx多钱
l081570,20,小僵尸,笑死老子了
lifelover,24,无粉丝牌,贪吃蛇越吃越长
xyhzzz,12,小僵尸,江湖险恶
AlthrieS,14,小僵尸,胖头鱼这个逼舔的也太快了
PepsiCoRUA,34,小僵尸,uouo
ForgetMAN,5,Quin,江湖第一食尸鬼
请你把我打皱,6,无粉丝牌,我就说宝哥怎么不见了
帅比洋洋哥哥,12,无粉丝牌,这什么游戏啊
LONGGGGGGGG,16,小肚皮,弓呀
集邮仁波切,18,小緑帽,丐帮帮主舔碗能不快？
LXH1026,25,小僵尸,你们3个没发现少了个人马
小娘子好美丽,18,小僵尸,闰土
我是你的saber酱,15,小僵尸,🐍呢？
路壹Lu1,11,小僵尸,肖遛，江湖是真的险恶
躺在地上摩擦,15,小僵尸,粪叉丢了吧 臭
心灵的追念f,9,无粉丝牌,宝哥稳啊
阿银喵,33,无粉丝牌,大鱼人鱼叉
小小神牛,16,无粉丝牌,这游戏多少钱
confidentxi66,8,无粉丝牌,放心小刘
坑爹一保四,11,小僵尸,哈哈食尸鬼
小409林,21,小僵尸,snake闷声发大财，然后送
zuosihsq,21,小8路,斯内克闷声发大财
陆牧灬,25,小僵尸,上去练心法啊
老师12341234,7,无粉丝牌,还是斯内克聪明
ericzxc,20,无粉丝牌,宝哥拿了重剑 有说法了
你瞎啊你瞎啊你你瞎啊,4,无粉丝牌,闰土
0SilverCrow0,6,无粉丝牌,不然你以为为什么站这么近。。。
Xuralyon,10,小僵尸,脏蛇真是又菜又贪
孔伯尼,2,无粉丝牌,磁悬浮鱼叉
你不知๑,20,小僵尸,233333333
hihi哈哈哈啊,16,小僵尸,江湖第一仵作
yyzt816,15,小肚皮,？宝哥别拿重剑
雅痞的疯子,7,无粉丝牌,闰土
万象天引rua,25,小僵尸,长枪呀
cp526914354,21,小人参,小刘还是天真啊
表面兄第,14,无粉丝牌,闰土
终灬遇,22,小僵尸,刘神nb
夜灵摆渡,9,无粉丝牌,老逼枫这无影手真的厉害
猫和猫的她,15,无粉丝牌,叉鱼
并没什么用41832,1,无粉丝牌,背着的是yc
三千焱炎火k9,6,无粉丝牌,这游戏场景做的还可以啊
夜清音1,20,小僵尸,峰哥紫霞曝气别打，等气一过他是残血的
ilovev,8,无粉丝牌,大头带哥无影手
FfeImkii,12,无粉丝牌,劝架
灬柠灬夏,9,无粉丝牌,舔包速度堪比脚本
请你把我打皱,6,无粉丝牌,宝哥都舔到对面去了6666666
xiao橘猫,14,小赢僧,不是钢叉，是粪叉
灰骑士,19,小僵尸,这个叉子是粘在身上的么
切土豆的小突突,10,集团军,小心宝哥
夜灵摆渡,9,无粉丝牌,笑死老子了
xiao_guagua,9,无粉丝牌,疯狂舔
独角兽的安息sky,22,王羽杉,。。。
私人的乌托邦,9,无粉丝牌,bore
菜鸡的梦想,26,小僵尸,宝哥重剑 老是打队友啊
坑爹一保四,11,小僵尸,不愧是上海第一食尸鬼
游泳健将点子王,21,小僵尸,宝哥重剑打自己人舒服呀
丨Murasame丨,19,小僵尸,左下角常山赵子龙没了
一梦三四年12463,20,小僵尸,算了算了峰哥我们去抓猹吧
好人雄哥,12,无粉丝牌,什么游戏
Freshrobber,13,小僵尸,你个B是打算当闰土吗？胖头
xiyangxix,3,无粉丝牌,宝哥重剑 又要搞事了
tipall,21,小僵尸,还是裸屌一个。。。
pdslcd,13,小僵尸,左下角刷屏
强行服务,43,无粉丝牌,润土是谁？
AAAsala,6,无粉丝牌,宝哥只会捡完送 东西也不留给峰哥
我呗,22,无粉丝牌,闰土
你瞎啊你瞎啊你你瞎啊,4,无粉丝牌,闰大侠
qq_7n19Dm,4,无粉丝牌,鱼叉激光炮
1842970060,11,无粉丝牌,宝哥肥没用
burningsad,24,小僵尸,多宝道人，还是聪明呀
kakaakak,18,小僵尸,鱼叉我擦
fishbone397,12,电棍,bore
斗鱼用户eGAlLKha,1,无粉丝牌,wegame50块！！！！
xiao_guagua,9,无粉丝牌,让你们无处可舔
凡尘PM,16,小僵尸,国产Rpg网游能做到这个场景就不错了
jiaxianke,1,无粉丝牌,1个村养不活4个人。
万象天引rua,25,小僵尸,老B长枪不用？
文和乱武,17,小僵尸,233333
ZXXZCCZ,2,无粉丝牌,这游戏要是有舌头的武器，风哥无敌
112121212141548484,1,无粉丝牌,别给宝哥重剑啊，全是误伤
qwetank,13,无粉丝牌,胖头鱼本体武器
蜡笔小新ac,21,小僵尸,这个嘿嘿哈哈
高版桐乃,16,点子王,闰土
play8236,27,小僵尸,NO皇菜啊   普攻破飞踢  飞踢破防御 记住啊~~
看着主播吹牛,17,小僵尸,bore
小乖乖晔子,18,小僵尸,不知道宝哥要这么多干嘛 见光死
1842970060,11,无粉丝牌,宝哥快递小哥
再不打球就下雨了,7,无粉丝牌,张杰 是你吗
境界八云紫,3,无粉丝牌,枫哥这是在wegame还是fangkua
斗鸡工作室008,10,小电鸡,般（bo）若
天莫邪空,25,小僵尸,无影手
Regeeeeee,18,无粉丝牌,般bo若re
萌坦克,5,无粉丝牌,SHIFT+左键（破格挡）1
青山笼愁深,13,大马猴,嘿嘿
l081570,20,小僵尸,枫哥是双刺粪叉
柿Kakichoco,20,小兰人,嘿嘿
私人的乌托邦,9,无粉丝牌,打家劫舍
Th9526,21,小僵尸,国产Rpg网游能做到这个场景就不错了
903586782,5,无粉丝牌,什么游戏啊
o安晓瑜,19,小僵尸,嘿嘿
你要撞壁吗,21,小僵尸,那么多房子不看一眼啊
丨KaeL丨,18,小僵尸,bore心法
忠诚的小僵尸,24,小僵尸,嘿嘿啥啊
jom515,19,无粉丝牌,宝哥更厉害 房子都舔没了
COprs,13,无粉丝牌,啵喏心法
xc2249,21,小僵尸,张杰
天臺上的朋友,16,无粉丝牌,宝哥赶紧死了，决赛圈还能打，没人带头送死
我是妖怪恩,17,小僵尸,峰哥别让宝哥拿重剑了，上把决赛圈他砍了队友好几
真视宝石酱,18,小僵尸,嘿嘿
awdxssqq123,23,小僵尸,这游戏感觉还是挺有意思的
foookend,11,无粉丝牌,下等马
三尺微命v,10,无粉丝牌,群殴
老衲开荤不吃素,10,小僵尸,枫哥的手速怎么可能慢，卡尔隐身切的速度都见过呀
优格水友,8,无粉丝牌,bgm
任达华年,13,无粉丝牌,互相伤害
我是大蘑菇ghd,5,无粉丝牌,马震
AAAsala,6,无粉丝牌,宝哥只会捡完送 东西也不留给峰哥的
Raysgod,14,无粉丝牌,🐍这个逼，就是送逼一个
不要糾結這8個字,12,小僵尸,哈哈哈哈
晓6755735,3,无粉丝牌,被饱嗝骑了啊
故我,10,无粉丝牌,离宝哥远一点
请你把我打皱,6,无粉丝牌,宝哥不想去帮忙
iii万象天引,20,李鸽,？
柠檬Edc,18,A晓晓,什么啊
某某某某123456788,11,小僵尸,老逼枫开挂，自带一门招式:无影手！！！
Dazermonster,19,小僵尸,我操2
别逗了少年好么,15,小僵尸,卧槽
GragHack,15,小肚皮,。。。。。。。。。。。。
qq1334540036,19,小僵尸,窝草窝草
萌坦克,5,无粉丝牌,SHIFT+左键（破格挡）2
milkum,18,小肚皮,卧槽
私人的乌托邦,9,无粉丝牌,出现了
TwistedFate丶1,24,无粉丝牌,卧槽
丨KaeL丨,18,小僵尸,正确的读音是波惹心法啊
秋名山阿强0,18,小僵尸,嘿嘿嘿
Mz1kros,21,小僵尸,江湖规矩
池早早早早,22,无粉丝牌,四大恶人
nononnnnnn,18,小僵尸,惨
枫头十足233,21,小僵尸,哈哈哈哈哈
黄浦江畔丶吃牛,21,小僵尸,无影手
唯一的注视,26,小僵尸,。。
Fairy_Wind,21,无粉丝牌,全是自己人，哈哈哈
0如痴如梦0,12,大马猴,？？？？？
丨Murasame丨,19,小僵尸,这帮老逼
zhouye27,5,无粉丝牌,四大恶人
864966376,7,无粉丝牌,？？？？？
haquasaiku,15,小僵尸,乱刀带走
没什么可说的,25,小僵尸,…………
微信150269151变音器郎诎,2,无粉丝牌,微信变音 吃鸡变音 QQ 手游都可以 不是录音  看我名字
DP风的信息,20,无粉丝牌,群殴
sillyboy9999,9,无粉丝牌,我曹
深深ss,19,小僵尸,。。、
过分了老铁123,6,无粉丝牌,没了?
好像生气了,5,无粉丝牌,马甲
苏依,17,小僵尸,哈哈哈哈哈哈哈哈哈哈
不用再说啦,16,小烈驴,66666666666666666666666
伦敦下雨了,23,小僵尸,换了套衣服
Orzlkk,14,小僵尸,无影手。。
ㅣ泐ㅣ,19,小僵尸,666666666666
小僵尸他lei了,16,小僵尸,乱刀砍死
微微豆莱,25,小痒虫,，，，，
AtlantisJuem,26,小僵尸,哈哈哈
星辰痕泪,20,小僵尸,无影手
萌坦克,5,无粉丝牌,SHIFT+左键（破格挡）3
静静小宝贝,24,棒棒鸡,干干净净
qq_ei9nly,15,贼船喵,出现了
serum,22,无粉丝牌,出现了
大师兄抱紧我,7,无粉丝牌,江湖险恶啊
苟就完事了,21,无粉丝牌,乱拳打死
不再交心,15,郑白给,四大恶人我操
冷月丶残云,22,无粉丝牌,66666666666666666666666666
qwerty14241,8,无粉丝牌,四大恶人
不会打dota啊,20,小僵尸,死得好惨啊，砍烂了
憂鬱的臺灣烏龜丶,20,小僵尸,66666666666666666
daihaoxiii2013,15,小僵尸,四个壮汉.
风中残雪,17,小緑帽,秒没
xyhzzz,12,小僵尸,江湖险恶啊
ASH9559900,17,小僵尸,哈哈哈哈哈好
大周股民小龙,22,女流,哈哈哈哈哈
艾迪QAQ,30,Quin,好惨
丿劣徒丶,15,小僵尸,？？？
MakeitColorful,14,猛男,........
银色之翼小尘,15,小僵尸,？？？
大周乐师古小月,28,小僵尸,，。。。。。。。。。。
飞飞的小翅膀,1,无粉丝牌,..........
随遇随缘而安,28,小僵尸,卧槽 没了
好2222222,13,小僵尸,66666666666666
超小胖233,6,无粉丝牌,土匪一哄而散
缘头缘脑缘肚皮,20,196,…
asitaka,4,无粉丝牌,四大恶人
dzwjk,8,小僵尸,233333333333
JETxMark,3,无粉丝牌,卧槽
Dazermonster,19,小僵尸,这手速
陪伴豆丶小兽医,33,小豆包,卧槽
ljingtao11,10,小僵尸,好蠢，自己打自己
煌煌耀耀,20,小僵尸,四大恶人
1106878208,21,无粉丝牌,握草
罪孽裁决,7,小僵尸,放刚翻过了几座山那首歌
终焉来临之时,12,小僵尸,...
柚的sunny,18,小僵尸,666666666666666666
xkcssg,16,无粉丝牌,四大恶人
loverlinlin,6,无粉丝牌,群殴？明明是单挑
阴晴天丶,16,小僵尸,66666666666666666666666
CXIApril,27,小乌贼,4个人等在旁边233
哈士嘉,18,小僵尸,  渣都没了
SoneLeea,22,无粉丝牌,66666666666
MeMe丶Sun,20,小僵尸,江湖险恶
仙人丶RUA,25,小僵尸,感觉这个游戏做的其实不如流星蝴蝶剑
草草草123,7,无粉丝牌,秒没
kent3fire,7,小僵尸,龙神战袍都穿上了。。
COCOMINI,7,无粉丝牌,1s
夜灵摆渡,9,无粉丝牌,666666
柿Kakichoco,20,小兰人,舔烂了
kalali,17,无粉丝牌,"不管是什么,先拿在说"
之之之丶丶,23,小僵尸,卧槽
XanaduF,22,小僵尸,无影手
依旧依稀丶,10,歌姬张,四大恶人
Dreamcatcher123,9,小僵尸,无影手。。。
免税五花肉,7,无粉丝牌,......
AlthrieS,14,小僵尸,？？？？？
莫道殇逝无穷尽,17,无粉丝牌,出现了
Ty丶剑神,12,无粉丝牌,出现了
小淼号,30,无粉丝牌,又出现了!
twoeatone,26,小僵尸,嘿嘿
pdslcd,13,小僵尸,出现了
紫舞小缘,19,小僵尸,无影手
关晓彤的唯一老公,19,无粉丝牌,66666666666666
yan421768079,14,无粉丝牌,卧槽。真快
年夕,8,小僵尸,。。
soap9318,10,无粉丝牌,好惨握草
sillyboy9999,9,无粉丝牌,什么鬼  无影手
故我,10,无粉丝牌,宝哥重剑 砍一刀半血
JerryHA0,28,小僵尸,伤害全是打自己人的
q594822028,8,无粉丝牌,舔空了。。。时装都不剩。。。。
教授与喷子齐飞,14,无粉丝牌,出现了
天莫邪空,25,小僵尸,无影手
鹿真97699,6,无粉丝牌,四大恶人
缘头缘脑缘肚皮,20,196,？？？？
临沂法王丶杨,38,哈士月,换衣覅了
憋尿神功,28,小緑帽,这群比
阿冷两只小猪,23,阿冷,江湖险恶
Foreveryoung1234,13,小僵尸,哈哈哈哈哈哈
wabgzhi2015,34,小僵尸,无影手
丶无爱无恨,7,无粉丝牌,装备满了卧槽
atomic2004,23,无粉丝牌,？？？？？？？？？？？？？？
stt123,17,小僵尸,卧槽
Qc1918,21,小僵尸,这个B好肥
1219丶扶朕起来,22,蘑菇,被自己人打了半血
mfysj,9,无粉丝牌,全是无影手
一分钟一头牛,18,小僵尸,无影手
你瞎啊你瞎啊你你瞎啊,4,无粉丝牌,66666666666
叫我Victor就好,22,辣椒儿,6666666
山中猫,18,小乌贼,卧槽这个手速
陆渐雀丶,21,小僵尸,66666666666666
RexChooo,31,小僵尸,骗过来，哈哈哈哈哈哈
hihi哈哈哈啊,16,小僵尸,发送内容为空，请重新输入!
宝贝岑岑云健身,18,猛男,666666666666666666666
坦荡小哥,17,无粉丝牌,干干净净
豆奶爱洗澡,16,无粉丝牌,6666666666666
吃着西瓜上着分,8,小僵尸,出现了！！！！
叶殇77,21,小僵尸,箱子都舔没了
杨超越首席颜粉,18,小肚皮,饿虎扑食
季非殇,15,尧顺宇,没了卧槽
我呗,22,无粉丝牌,清干净
cyhli7173,16,小僵尸,好快
我见犹怜觉小牙,17,小僵尸,？？？？？？
大周乐师古小月,28,小僵尸,不是你们这样太狠了吧
咱家的宝宝哟,27,小僵尸,哈哈，
与枫哥激情舌吻,16,小僵尸,出现了
上善若渔,7,小僵尸,四大淫棍
北京范迪塞尔,15,无粉丝牌,无影手
hy62381,7,蜘蛛精,无影手第二波
丶心灵震撼,15,影魔王,卧槽 无影手
八月与不安,16,朴妹,666666666666
我有小圆本,13,小僵尸,惊了
难念的经丶丶,2,无粉丝牌,hahahahah
Th9526,21,小僵尸,窝草窝草
飞飞的小翅膀,1,无粉丝牌,自动吸物？自动吸物？自动吸物？自动吸物？
玉堕,23,小僵尸,好快
douyuqi2015,2,无粉丝牌,这个好像很好玩啊
一个想肛周折的人,25,小僵尸,舔的干干净净
毕竟游侠,4,无粉丝牌,出现了 无影手
Grady果果,20,小僵尸,什么都不剩，死的惨啊
GragHack,15,小肚皮,每次看你们舔包我都笑死了哈哈哈哈哈哈
送外卖的帅哥,32,无粉丝牌,是真的快
灬柠灬夏,9,无粉丝牌,乱刀砍死
eesummer,16,小僵尸,哈哈哈哈
艾迪QAQ,30,Quin,衣服都舔没了
妹皇乌帝,16,小僵尸,渣都没了
杨浦牛肉,24,小僵尸,好狠
包子568,27,小僵尸,卧槽
苟就完事了,21,无粉丝牌,四带恶人
MakeitColorful,14,猛男,２３３３３３３３
今天打老虎,28,小僵尸,江湖规矩四打一
砕月雨中奏丶,17,无粉丝牌,没人说话，都在舔
LXH1026,25,小僵尸,出现了
陆牧灬,25,小僵尸,尸体都舔烂了
黑暗游侠饺子,23,小緑帽,66666666
漠漠Z,10,XDD,四大无影手
864966376,7,无粉丝牌,这手速？？？？
极客之王32,15,小肚皮,添的干干净净
200斤不含头马格纳枫,14,无粉丝牌,秒没
doujiang10,3,无粉丝牌,满身大汉
0SilverCrow0,6,无粉丝牌,卧槽 好快
蜡笔小新ac,21,小僵尸,你捡完了说来点药💊
小懒12345,36,小僵尸,被舔死了
终结是分离,18,无粉丝牌,卧槽，这手数
rise3n,3,无粉丝牌,东西没了。。。
大周股民小龙,22,女流,四大恶人
爱到心碎,23,小僵尸,123
o安晓瑜,19,小僵尸,"衣服都舔没了<img class=""chat-emotion"" rel=""dy102"" src=""https://shark.douyucdn.cn/app/douyu/res/page/room-normal/face/dy102.png?v=20170626"" />"
夜灵摆渡,9,无粉丝牌,全是无影手卧槽
月小枫枫枫,7,无粉丝牌,什么游戏
蜻蛉丶,2,无粉丝牌,舔骨折
Gameislive,7,无粉丝牌,路人甲只活了一秒钟
快报手机号,18,小僵尸,出现了
xiao_guagua,9,无粉丝牌,狠起来自己人都砍
起名字那么麻烦1,1,无粉丝牌,衣服都互相换了 一秒钟
树下雨中,29,小僵尸,...............
缘来我叫白胡子,26,196,衣服都舔没了
秦锵锵,17,小僵尸,枫哥你是人啊
扬州奇迹哥,9,小僵尸,这个衣服怎么穿上的
飞飞的小翅膀,1,无粉丝牌,自动吸物？自动吸物？自动吸物
我叫焦亚东,4,无粉丝牌,。。。。。。。。。。这样舔的吗？
哈哈嘻嘻灬,26,小僵尸,内裤都舔没了
这只是个皮皮,21,小星雲,饿狼
一刀暴击2300,22,小僵尸,舔得一干二净
tycsgtc,16,小僵尸,66666666666666
渝万丶CrySilenc,13,k神呀,四蛆兄弟
微微豆莱,25,小痒虫,哈哈哈哈，衣服都换了
NY臣本布衣,20,小赢僧,扒光。。。
还钱还钱把钱换回来x17,23,小僵尸,好狠
wazss456,4,无粉丝牌,吃人的社会
czq123,3,无粉丝牌,衣服都被扒光了
杨超越首席颜粉,18,小肚皮,骨头都没了
小舟阿,19,小僵尸,围尸
坑爹一保四,11,小僵尸,好惨，疑似就被扒光了
我曾有只猫,17,小僵尸,冲上去被队友砍还想药？
AlthrieS,14,小僵尸,渣都给舔没了
LLYCF,13,无粉丝牌,等下有快递心法哥
游泳健将点子王,21,小僵尸,轻功学啊
Dreamcatcher123,9,小僵尸,吸星大法？！
hihi哈哈哈啊,16,小僵尸,把龙神衣服舔上身了
wabgzhi2015,34,小僵尸,学枪啊 老逼
gaowei789456123,7,无粉丝牌,快到换了身衣服
太耳日,1,无粉丝牌,枫哥舔包，服
觅风痕,22,点子王,还以为盒子被舔没了
棒老三吊好大,9,棒吹,东厂厂公乔枫
桃花岛上郭大瞎,1,无粉丝牌,这边弹幕有点恶心，戾气重
TomHou9997,1,无粉丝牌,大头带哥
正义庇护,12,无粉丝牌,我都没看到  都有什么
Lin周周,19,小僵尸,出现了
NY臣本布衣,20,小赢僧,四大恶人。。扒光。。
咕咕L拉V捂,14,小僵尸,去空头，脸上
免税五花肉,7,无粉丝牌,hhhhhhhhhhhhhhh
JETxMark,3,无粉丝牌,一级换二级换一级换二级换一级换二级。。。。。。。。。
集邮仁波切,18,小緑帽,少林十八铜人
0SilverCrow0,6,无粉丝牌,渣都不剩
MakeitColorful,14,猛男,互换衣服cosplay..
老老马马马马马,1,无粉丝牌,麻匪啊这是
CAUC第一SF,19,朴妹,笑死老子了
大头鱼的小啵啵,24,小僵尸,衣服都扒光
阿丶粥,19,小僵尸,四条舌头 瞬间把这个B尸体都舔化了 老B
颜_Whatever,35,无粉丝牌,上海饿神 枫老三
200斤不含头马格纳枫,14,无粉丝牌,熟悉的舔包
炉石奇遇记,18,小僵尸,把龙神衣服舔走了
凡尘PM,16,小僵尸,DOTA2区 应该都在steam平台 别问
Th9526,21,小僵尸,江湖险恶被舔死了
少妇l白洁,22,小僵尸,"网易云搜索武侠bgm,选择歌单，选第一个"
鬼影重重z,25,小僵尸,丐帮了解一下
去你个腿,20,小僵尸,尸体都被舔骨折了
雾里探尘思梦影S,23,无粉丝牌,周扒皮
僵尸灬Knight,22,小肚皮,舔成骷髅了皮都扒了
早起的蟲,3,无粉丝牌,宝哥身上绝对一堆药
逐星者的静谧,9,影魔王,四大名捕之铁手
低調你懂嘚,17,小僵尸,《当阳常志此心丹》这首歌是龙神专属！
bingying153,5,无粉丝牌,魔兽的自动拾取
口天吴包治百病,5,无粉丝牌,黄翔的衣服在fg升上了
Jok123456,2,无粉丝牌,东方不败
微信150269151变音器屠,2,无粉丝牌,微信变音 吃鸡变音 QQ 手游都可以 不是录音  看我名字
你和Mary还一起talk吗,23,影魔王,一群土匪
AlthrieS,14,小僵尸,龙神衣服
1205233269,5,无粉丝牌,等一个智取宝哥
大叔陌陌333,14,无粉丝牌,完全是群殴招式
从来不吃菜12138,3,无粉丝牌,笑死了。真是鬼子进村啊
渝万丶CrySilenc,13,k神呀,四蛆兄弟啊
异灵术老师的口红,12,小僵尸,宝哥学了没啥用
草草草123,7,无粉丝牌,记得以前吃鸡舔包把盒子都舔没了
道术之隙,7,无粉丝牌,皮都被剥了啊
LPY666,5,无粉丝牌,四大添手
盛夏寂静,15,小僵尸,恶人谷王遗枫
Aosora,12,无粉丝牌,带宝哥真是负重
foookend,11,无粉丝牌,贪吃蛇
阿丶粥,19,小僵尸,皮都舔没了
叫我Victor就好,22,辣椒儿,点就完事了
演员之王,14,杜佳丽,宝哥最肥，然后最菜
凌晨四点钟,14,小僵尸,就剩内裤了
qr1025qr1025,14,小痒虫,捡了一堆废的。。。
千变之楚,14,小僵尸,药也没
OGMaxwell,16,小赢僧,斯内克对付你自由妙计
三尺微命v,10,无粉丝牌,来一首明月天涯就可以了啊
fhjfhggu,6,无粉丝牌,闰土
zard谁家儿郎入梦来,9,小渣男,笑死我了
Th9526,21,小僵尸,笑死了。真是鬼子进村啊
樱花满地集,12,大马猴,东方教主
kalali,17,无粉丝牌,"去悬空寺打架啊,东西多"
ZXXZCCZ,2,无粉丝牌,真的不愧是丐帮的卧槽
a72927,20,你几分,四大恶人
忆往曦,28,徐薇,杰尼龟
MrRainbow,15,小僵尸,宝哥最菜
燚龘千月,18,小僵尸,衣服都舔换了
IAFortunes,23,小僵尸,黄翔的衣服为什么在峰哥身上
xkcssg,16,无粉丝牌,你就非要玩双刺吗 没了双刺不会玩了
蓝胖爸爸3264,6,无粉丝牌,这帮比不管是杀。。全捡。。
口水大仙,15,小乌贼,宝哥这种人是怎么打的之夜？
请你把我打皱,6,无粉丝牌,宝哥这个比
幸福专线,27,小僵尸,你到是学啊
铭仔阿铭,23,小僵尸,黄翔衣服在你身上了
小懒12345,36,小僵尸,换装play
qq1334540036,19,小僵尸,哈哈哈
GragHack,15,小肚皮,不是令狐龙吗
RexChooo,31,小僵尸,骗过来，哈哈哈哈哈哈
老师12341234,7,无粉丝牌,几个人互换衣服
冷OCC,18,无粉丝牌,.
serum,22,无粉丝牌,最菜的最毒瘤
高冷的xwc,3,无粉丝牌,yyf注意你的态度
戀曲一九九零,29,小緑帽,hhhh
Hui__,18,无粉丝牌,又菜又瘤
小子彦,7,小僵尸,哈哈哈
DP风的信息,20,无粉丝牌,公屏嘲讽
laowucny,13,小僵尸,宝哥装死不说话哈哈哈哈
colaen,19,无粉丝牌,斯内科对付你
阴晴天丶,16,小僵尸,哈哈哈哈哈哈
国服第一怂莫,17,小僵尸,那么问题来了 为什么老毕穿着黄翔的衣服
kent3fire,7,小僵尸,峰哥你靠贪吃蛇的包起家吧
超级肌肉狗,1,无粉丝牌,声音好大
柿Kakichoco,20,小兰人,骗回来单挑哈哈哈哈
MrRainbow,15,小僵尸,宝哥最菜，最瘤
你和Mary还一起talk吗,23,影魔王,舔的只剩内裤了
鹿真97699,6,无粉丝牌,谁信呢？
一梦三四年12463,20,小僵尸,一秒钟衣服互换还行
故我,10,无粉丝牌,宝哥真实又瘤又菜
1106878208,21,无粉丝牌,人死鸟朝天
陈彦川,9,无粉丝牌,玩DOTA2的还有去WEGEMA的吗？
蛤皮嗨啊,3,无粉丝牌,宝哥带头送人头
fishbone397,12,电棍,斯内克对付你自有妙计
SeeSaWw,7,小僵尸,哈哈哈哈哈哈 snake
愤怒的文科生,27,小僵尸,宝哥存在感最低
背锅侠汪峰,7,无粉丝牌,骗过来单挑
8128440abc,13,小僵尸,食人鱼一样，一下子剩一副骨头
wancy133,12,无粉丝牌,宝哥不光菜还毒瘤
盛夏寂静,15,小僵尸,在下王遗枫】
听雨愁眠,12,无粉丝牌,666
AlthrieS,14,小僵尸,我斯内克对你自有妙计
foookend,11,无粉丝牌,骗下来
道术之隙,7,无粉丝牌,直接被舔成裸屌了
亦川23333,11,无粉丝牌,宝哥真的好恶心
J1nMoriardy,12,小僵尸,般  这个字是不是ban  非要在这强调有啥意
EthaN22405,1,无粉丝牌,你敢信舔完以后，两人还换了衣服
魏小磊石头,6,无粉丝牌,双刺都是宝哥给你的
夜半修仙233,14,无粉丝牌,江湖险恶
老号被冻结,2,无粉丝牌,最菜还最瘤宝哥真是
阿库西斯神教传销员,15,小僵尸,哈哈哈哈哈
宝贝岑岑云健身,18,猛男,斯内克专克胖头鱼
那一把好姜,8,无粉丝牌,哈哈哈
cui568239967,11,无粉丝牌,不是令狐龙？？？？？？q
炼狱Rua,24,小僵尸,宝哥瘤啊
老陈你又在OB了,16,小僵尸,哈哈
逐星者的静谧,9,影魔王,2333333333
你要撞壁吗,21,小僵尸,拿最肥的装备打最马的枪
AAAsala,6,无粉丝牌,宝哥只会捡完送 东西也不留给峰哥看着气死
xkcssg,16,无粉丝牌,没了双刺不会玩了
汐灬木,22,小肚皮,常山罩子龙
我是一只小辣鸡,9,小僵尸,不是梁山 矮脚龙吗
YesJoe,13,无粉丝牌,长沙赵子龙
怎么过怎么逗,25,耀西,学学人家啊 你要爆伤害乔峰啊
游泳健将点子王,21,小僵尸,黄翔把自己衣服舔没了
代号HJ,4,无粉丝牌,骗过来还行
望岳归,17,猪芳芳,长沙罩子龙
小戴0693,15,小僵尸,这特么才是厂公的衣服吗！
MrRainbow,15,小僵尸,把宝哥杀了啊
sincera57,1,无粉丝牌,宝哥，专业负重训练
萌坦克,5,无粉丝牌,SHIFT+左键=破格挡1
不正常玩家,7,无粉丝牌,宝哥又瘤又菜
大师兄抱紧我,7,无粉丝牌,你不怕我的吗
Iron_Feather,17,小僵尸,哈哈哈哈哈哈
backpackersjie,21,小僵尸,哈哈哈哈😂
TomHou9997,1,无粉丝牌,路人：这b入戏太深
送外卖的帅哥,32,无粉丝牌,黄翔谁都杀
带带大明猩,10,朴妹,呵呵哈哈哈
hipirate,22,小赢僧,江湖险恶，谁信你
Mz1kros,21,小僵尸,换衣服了哈哈
吃着西瓜上着分,8,小僵尸,四个单挑一个？？
找找看,1,无粉丝牌,唐山赵子龙？
表面兄第,14,无粉丝牌,骗过来单挑
雪地上的血,22,小僵尸,最菜的永远最肥
流刃若灬,17,无粉丝牌,罩子龙
不要糾結這8個字,12,小僵尸,找机会搞死斯内克
GoGoRKO,22,无粉丝牌,长沙豹子龙
qq1334540036,19,小僵尸,斯内克
微信150269151变音器境倍,2,无粉丝牌,微信变音 吃鸡变音 QQ 手游都可以 不是录音  看我名字
蜡笔小新ac,21,小僵尸,子龙子龙威名传，老三国赵云的歌
进入过范冰冰的身体,2,无粉丝牌,这人裤杈都被扒光了
ImbaTV场控,17,小8路,全走了
ads546433718,11,无粉丝牌,2333333333333
ps技术天下第五,17,小僵尸,宝哥没把装备都很好，药多，第一个死
娜1018,14,小僵尸,龙神真相了，哈哈
Wenham丶文翰,14,女流,明月天涯确实可以，兄弟，bgm
老老马马马马马,1,无粉丝牌,哈哈哈哈哈哈哈
yangAOi,16,小僵尸,把龙神衣服舔了哈哈哈哈哈哈
0如痴如梦0,12,大马猴,哈哈哈哈
取梦为饮21336,7,无粉丝牌,长沙造纸农
hbchenchende,17,小僵尸,啊蛇真的是抱对小腿了
wdmonkey,20,小僵尸,说只会玩双刺的是刚来的？
小小木头,14,无粉丝牌,长沙 造纸农
秦锵锵,17,小僵尸,斯内克
黄浦江畔丶吃牛,21,小僵尸,哈哈哈哈哈哈
国寿小叶,15,小僵尸,龙神还是好玩啊
Nosensesin,9,无粉丝牌,999
三份呵护七分哎,18,小僵尸,哈哈哈哈
1219丶扶朕起来,22,蘑菇,不打了
游鱼酱,9,无粉丝牌,求饶龙
DP风的信息,20,无粉丝牌,兄弟 不打了
Orzlkk,14,小僵尸,999999999
twoeatone,26,小僵尸,哈哈哈
大师兄抱紧我,7,无粉丝牌,哈哈哈哈
hydra209,14,无粉丝牌,每次舔包都要换身衣服
黄浦江畔丶叶小钗,32,小僵尸,赵子龙哈哈哈哈
sy5277748,6,无粉丝牌,赵子龙。。。。
鹿真97699,6,无粉丝牌,不打了！救我！
老老马马马马马,1,无粉丝牌,救救救哈哈哈哈
1131277797,8,小僵尸,2333333
qq1334540036,19,小僵尸,江湖险恶
看见我的女王了么,26,小僵尸,。。。
呀巴扎嘿,34,小僵尸,救哈哈啊哈
nononnnnnn,18,小僵尸,哈哈哈哈哈
伦敦下雨了,23,小僵尸,.........
冷OCC,18,无粉丝牌,黄想
司野胖胖胖,5,无粉丝牌,赵子龙
MarshallStanley,3,无粉丝牌,哈哈哈哈哈或或
Nosensesin,9,无粉丝牌,短腿这个B
老陈那里脏不要舔,29,小僵尸,哈哈哈哈哈哈哈哈哈哈哈
跳刀跳刀0,8,暴躁朵,哈哈哈哈不打了
逐星者的静谧,9,影魔王,不打了不打了233333333333
serum,22,无粉丝牌,？？
qwetank,13,无粉丝牌,不打了还可以
紫舞小缘,19,小僵尸,常山赵子龙？
acm1990,26,小僵尸,..................
COCOMINI,7,无粉丝牌,干干干 啾啾啾
远离枫暴浩劫,26,无粉丝牌,哈哈哈哈哈
蓝汀语,34,小乌贼,哈哈哈哈哈哈哈哈哈哈哈
星期三的月亮,27,小僵尸,哈哈哈哈
雨霁月明我心莞尔,17,小僵尸,233333
夜灵摆渡,9,无粉丝牌,哈哈
司野胖胖胖,5,无粉丝牌,66666666666666
EV5BKB,26,不自觉,说好的单挑，2个人打
请你把我打皱,6,无粉丝牌,哈哈哈
loverlinlin,6,无粉丝牌,哈哈
呀巴扎嘿,34,小僵尸,不打了233333
笛笛哒哒哒123,15,小僵尸,wegame便宜为什么我要坚持steam?
月神AA,8,无粉丝牌,233333333不打了
苟就完事了,21,无粉丝牌,233333333
峰哥什么时候跳伞,28,小僵尸,......
丶心灵震撼,15,影魔王,哈哈哈 小腿
awangcc,7,无粉丝牌,赵子龙求饶
免税五花肉,7,无粉丝牌,....
一场清风丶,16,大马猴,服务器通的，weganm便宜几十块
光道恩佐,21,无粉丝牌,转身就求饶了
iam9438333,16,小僵尸,救
pdslcd,13,小僵尸,大侠饶命
黄浦江畔丶吃牛,21,小僵尸,赵子龙不打了
大周股民小龙,22,女流,999
鬼影重重z,25,小僵尸,hhhhhh
你屎临到头啦,7,小僵尸,赵子龙哈哈哈哈
枫哥头上能跑马,15,小僵尸,哈哈哈哈哈哈哈
不要糾結這8個字,12,小僵尸,哈哈哈哈哈哈哈
eegassffa,11,无粉丝牌,无影手第三波
小僵尸他lei了,16,小僵尸,哈哈哈哈哈
q931706169,17,无粉丝牌,小龙人
czq123,3,无粉丝牌,请求单挑？
Imytime,32,小僵尸,哈哈哈哈
偏偏爱Sama,24,小僵尸,。。。。。。。
nononnnnnn,18,小僵尸,、赵子龙 哈哈哈哈
雾里探尘思梦影S,23,无粉丝牌,毒瘤
大师兄抱紧我,7,无粉丝牌,在下常山赵子龙，
ashcloong,3,无粉丝牌,赵子龙丢人啊
樱花满地集,12,大马猴,黄翔还是真实
阿库西斯神教传销员,15,小僵尸,龙神哈哈哈哈哈
笑丶眼,14,小僵尸,丢人龙
fishbone397,12,电棍,无影手
hy62381,7,蜘蛛精,无影手第三波
艾迪QAQ,30,Quin,真香
MarshallStanley,3,无粉丝牌,长沙赵子龙
李默12138,5,无粉丝牌,常山赵子龙？
听歌抽蚊香,35,小僵尸,。。。。。。
kingbox40,20,小僵尸,啊哈哈哈哈哈赵子龙求饶
老师12341234,7,无粉丝牌,………
loverlinlin,6,无粉丝牌,求饶龙
宝贝岑岑云健身,18,猛男,哈哈哈哈哈哈哈哈哈哈哈
终焉来临之时,12,小僵尸,小龙人
小小僵尸笑,29,无粉丝牌,？？？？？
小姜尸rua丶李暗来,24,小僵尸,赵子龙 求饶
隔壁1老王,14,无粉丝牌,真香
孔伯尼,2,无粉丝牌,马给我
你瞎啊你瞎啊你你瞎啊,4,无粉丝牌,亢龙有悔
肖英俊001,10,阿冷,又出现了
陌小疯疯疯子,15,小赢僧,。。
老老马马马马马,1,无粉丝牌,见龙卸甲？
Dreamcatcher123,9,小僵尸,卧槽这手速。。。。
灬柠灬夏,9,无粉丝牌,哈哈
恒荣辉,29,小僵尸,二级包啊
黑無常,5,000,丢人了
夜半修仙233,14,无粉丝牌,这速度
wancy133,12,无粉丝牌,关键宝哥还发动团灭 冲上去送
还是那个没头脑,4,无粉丝牌,?????????
优格水友,8,无粉丝牌,没有bgm
饮尽沧海,31,一发,我的龙啊
小白鸽摄像头粉,21,小渣男,全是狙击的啊
1106878208,21,无粉丝牌,噗
pp416,13,小僵尸,江湖险恶啊
半夏小五,8,猛男,赵子虫
我呗,22,无粉丝牌,再次出现
陌小疯疯疯子,15,小赢僧,这个手速
圣僧请留步,19,深深儿,请求单挑  救救救
逐星者的静谧,9,影魔王,赵子龙要给你气活过来、
蛤皮嗨啊,3,无粉丝牌,宝哥是来搞笑的
无比丶复杂,31,小K基,我认识的赵子龙不会求饶呀
wangbin8014,23,小僵尸,无影手
道术之隙,7,无粉丝牌,赵子龙：救命
紫舞小缘,19,小僵尸,赵子龙求饶还是厉害啊
捕光,21,QQ酱,因为STEAM高贵，懂？
鹰郡追风少年,9,大马猴,长沙赵子龙
朵莉的拥抱,24,小僵尸,赵子龙不要脸了啊
肖英俊001,10,阿冷,leileleile
真爱无罪gay到底,16,无粉丝牌,我们两兄弟
nakeroudaibe,13,无粉丝牌,赵子龙太丢人了
妞妞霁天,12,小荔枝,巨龙这是强盗啊。
远离枫暴浩劫,26,无粉丝牌,最废赵子龙
jasenmok,7,无粉丝牌,我的wegame是毒奶粉启动器
极客之王32,15,小肚皮,长沙赵子龙救救救
宝贝岑岑云健身,18,猛男,舔的真是快
Eyh丶,17,无粉丝牌,小腿丢人啊
飘荡的信仰,7,无粉丝牌,wegame不能交易
少年殇彡,4,无粉丝牌,在下常山赵子龙
大周股民小龙,22,女流,赵什么龙？
表面兄第,14,无粉丝牌,七救姥爷
1106878208,21,无粉丝牌,无影手绝学
陆牧灬,25,小僵尸,不是 这包你越甜越穷了
小僵尸啵啵怪,31,小僵尸,在下常山赵子龙 饶命啊
微信150269151变音器诚,2,无粉丝牌,微信变音 吃鸡变音 QQ 手游都可以 不是录音  看我名字
唯一的注视,26,小僵尸,大包换小包。。。
你是我的大苹果丶,9,无粉丝牌, 废物
看贫僧超度你,5,无粉丝牌,在下长沙赵子龙......救我！救我！
丶战御,26,小僵尸,屎也能吃得饱 为什么你要吃饭？
烟鱼雨云,21,小痒虫,二级换一级
vha丿夏轻松,15,小僵尸,不打了不打了
韩晓森QQQ,18,小僵尸,常败将军赵子龙
NewSkW,18,玫瑰酱,在下常山赵子龙3S后不打了不打了救救救
小屎Roy,23,集团军,二级包换一级包可还行
ㅣ泐ㅣ,19,小僵尸,696666666666
千纮丶,8,砂糖迟,砍了宝哥三刀
曲终人散666,12,小僵尸,先把宝哥打一套
叫我信仰就好了,26,小僵尸,被打了，还要别人药，还要抢马。。。。
漠漠Z,10,XDD,长沙罩子龙
setsunazure,17,小僵尸, wegame会带全家桶 steam干净
2569114381,12,无粉丝牌,你帮人的时候从后面打啊
kalali,17,无粉丝牌,疯狂打自己人
哇咔咔0rz,33,學习机,糠龙又悔
fhjfhggu,6,无粉丝牌,故意的
justlongying,27,女流,steam天然高贵
胖子罗格,4,无粉丝牌,长沙罩子龙
Gameislive,7,无粉丝牌,对着队友一顿桶
QbdFbx,14,小乌贼,龙神面子游戏，百思特游戏
请你把我打皱,6,无粉丝牌,化敌为友黄翔
北京的鱼,19,小僵尸,我来杀你了兄弟
戀曲一九九零,29,小緑帽,乘机干了宝哥
maozijun,14,无粉丝牌,赵子龙不敌
Nosensesin,9,无粉丝牌,宝哥被砍了2刀
AlthrieS,14,小僵尸,故意的
老老马马马马马,1,无粉丝牌,红红火火恍恍惚惚
140160222,5,无粉丝牌,长衫罩子龙
你把我闪现给我交咯,21,小僵尸,砍了宝哥一套
红枫出岫,15,小僵尸,我来帮你了。。。
milkum,18,小肚皮,哈哈哈哈
斗鱼用户chirZODP,1,无粉丝牌,打了宝哥一套
MakeitColorful,14,猛男,２３３３３
暮色不说话,23,小僵尸,fgnb
你是我的大苹果丶,9,无粉丝牌,这是赵子龙被黑得最惨的一次
快快快快快快快快,26,尧顺宇,常山赵子龙是也
Dazermonster,19,小僵尸,出现了
唯一的注视,26,小僵尸,000
熟悉の陌生人つ,21,小僵尸,佛山无影手
GoGoRKO,22,无粉丝牌,故意砍了两刀泄愤
gaowei789456123,7,无粉丝牌,智取宝哥
BladeWolf,20,全针,刀剑无眼
JETxMark,3,无粉丝牌,啊哈哈哈哈哈哈哈
封文若,16,三贱贱,卧槽流星手
黑無常,5,000,哈哈哈
Rorypond,14,小僵尸,。haha
lamlon,11,无粉丝牌,我来杀你了兄弟
不要糾結這8個字,12,小僵尸,谁的手
柯垂尔气团,25,小僵尸,233333333333
nononnnnnn,18,小僵尸,哈哈哈哈哈
Tien_Yeon,22,无粉丝牌,哈哈哈哈
魔理沙偷走了什么,21,小僵尸,杀红眼了
李白拿酒来丶,15,集团军,666666666666666
灬柠灬夏,9,无粉丝牌,2333333
wu100235,12,小僵尸,无影手
丶无爱无恨,7,无粉丝牌,宝哥报仇
pp416,13,小僵尸,233333333333
小懒12345,36,小僵尸,哈哈哈哈哈
无比丶复杂,31,小K基,宝哥报仇了
远离枫暴浩劫,26,无粉丝牌,........
还钱还钱把钱换回来x17,23,小僵尸,哈哈哈哈哈
缘头缘脑缘肚皮,20,196,？？
fone39,35,小僵尸,.............
红枫出岫,15,小僵尸,我真的是来帮你的
hbchenchende,17,小僵尸,帮鸡儿，血祭啊蛇啊
苟就完事了,21,无粉丝牌,23333333333333
捕鱼达人丶EM,26,无粉丝牌,黄翔
qq1334540036,19,小僵尸,无影手
艾迪QAQ,30,Quin,哈哈哈哈哈哈
米纳思伊西尔,11,无粉丝牌,偷功  背景音乐
fanyudexin,14,无粉丝牌,一群毒瘤
莫道殇逝无穷尽,17,无粉丝牌,？？？？？？？？？
TomHou9997,1,无粉丝牌,桃谷四仙
sakisaki,4,无粉丝牌,扒皮
背锅侠汪峰,7,无粉丝牌,..........
Qc1918,21,小僵尸,瞬间没了
在下200斤含一半头,11,无粉丝牌,比你更快
缘来最爱吃面筋,26,196,沃日这手速
小七二百斤,16,小僵尸,宝哥 我来杀你了
不会打dota啊,20,小僵尸,一个三联打在峰哥头上
140160222,5,无粉丝牌,哈哈
xyhzzz,12,小僵尸,无影手
蓝枫214,27,小僵尸,哈哈哈哈哈哈哈
利物浦小僵尸Rua,25,小僵尸,杀红眼了
私盐mo,10,小僵尸,笑死我了
幸福专线,27,小僵尸,都是无影手
蒜蓉胖头鱼,18,小僵尸,哈哈哈哈哈哈
大周股民小龙,22,女流,卧槽
1106878208,21,无粉丝牌,就是抢
帅的被人砍IIIIII,19,小僵尸,悬空寺。。又要有人摔死了
花飞半掩门WANG,14,鹌鹑,怪物手速啊
帅气无脑冲,20,无粉丝牌,出现了
暮色不说话,23,小僵尸,无影手
一个想肛周折的人,25,小僵尸,哈哈哈哈哈哈哈哈哈哈
超级肌肉狗,1,无粉丝牌,东西抢得飞快
超小胖233,6,无粉丝牌,输了这次比赛
你把我闪现给我交咯,21,小僵尸,哇无影手？
亦鱼,8,无粉丝牌,wegame有鸡儿全家桶
灬柠灬夏,9,无粉丝牌,好狠
summer的祈祷,17,小僵尸,hhhh
宝贝岑岑云健身,18,猛男,太快了
lzxlzxzzx,22,小僵尸,哈哈哈
心灵的追念f,9,无粉丝牌,哇6666666666
飘荡的信仰,7,无粉丝牌,steam还是好点
我是你的saber酱,15,小僵尸,出现了
ASH9559900,17,小僵尸,什么都没有了。
你瞎啊你瞎啊你你瞎啊,4,无粉丝牌,66666666666
瓜瓜的117号技师,23,小渣男,哈哈哈哈哈哈哈哈哈   剥皮
FuyunoYuuki,17,小僵尸,读读用户协议就知道为什么了
小烈驴,24,小烈驴,wegame猛汉王联机完爆steam
老陈你又在OB了,16,小僵尸,233333333333
夜灵摆渡,9,无粉丝牌,卧槽
华仔DJH,22,影魔王,长衫罩子龙
秦锵锵,17,小僵尸,一群老逼
黑暗游侠丶星宇,24,小僵尸,对着宝哥就是一套三连
MakeitColorful,14,猛男,哈哈哈哈哈
心有虎啸,27,小僵尸,瞬间就舔干净了卧槽
fone39,35,小僵尸,这速度
11223581618,1,无粉丝牌,倒地同时舔包....
小莫他爷爷,16,久哥哥,哈哈哈哈哈
卡包拿来,13,寅子,一秒13舔
黒炭,28,小僵尸,没抢到
山中猫,18,小乌贼,明月天涯不是守卫襄阳？
心灵的追念f,9,无粉丝牌,好狠
140160222,5,无粉丝牌,d j d j d m c m
kobecheng,13,无粉丝牌,手速惊人
wzq1314450,19,小僵尸,秒没
北京范迪塞尔,15,无粉丝牌,扒皮
艾迪QAQ,30,Quin,啥都没了
私盐mo,10,小僵尸,这也太快了
tc2014tc,20,小僵尸,心机宝
800YZH丶尐啵啵,25,叶灬子,412
5233丶兔子爱吃臭豆腐,24,深深儿,都是无影手
缘头缘脑缘肚皮,20,196,都是无影手
池早早早早,22,无粉丝牌,ban了
雾里探尘思梦影S,23,无粉丝牌,这速度也太快了吧
莫道殇逝无穷尽,17,无粉丝牌,又出现了
米纳思伊西尔,11,无粉丝牌,推荐一首  偷功
小莫他爷爷,16,久哥哥,全要打包
或许在未来zzz,13,小8路,出现了
Virpard,14,猪芳芳,杀红眼，自己人都杀
xyhzzz,12,小僵尸,闯荡江湖就靠无影手
老老马马马马马,1,无粉丝牌,⚽
冥明如月,7,无粉丝牌,包里面的东西都看不到的
nononnnnnn,18,小僵尸,再下长败赵子龙
小舟阿,19,小僵尸,痛击我的队友
油条炸酱面,11,YJJ,wegame没有全家桶的呀
liyuanhanga,12,无粉丝牌,太快了
金陵小丧尸rua,24,小僵尸,出现了出现了
LVlingxiang0,12,无粉丝牌,wegame怪物猎人的联网比steam好多了
抹去回憶,25,小僵尸,扒皮四人组
游泳健将点子王,21,小僵尸,双刺又没了
绿野鲜粽,20,小僵尸,根本就没有无影手
whuzhang,20,小赢僧,三级甲被抢了
麻柳沱头号大帅哥,3,无粉丝牌, 东厂曹公公
800YZH丶尐啵啵,25,叶灬子,4先手
你是我的大苹果丶,9,无粉丝牌,无影手
游云一怒,16,无粉丝牌,我是不是听到了王姐的笑声
水无月流哥,7,小僵尸,天照心法
qwetank,13,无粉丝牌,3级甲没抢到啊枫哥
JETxMark,3,无粉丝牌,这个游戏没有自己人
呀巴扎嘿,34,小僵尸,这帮b打自己人一套一套的
Dreamcatcher123,9,小僵尸,桃谷六仙
619515365,14,小僵尸,武学奇才yyf
爱你灬不解释,16,无粉丝牌,打跑你再舔
Naruto爱潇潇,10,小僵尸,有没有高手去放一下BGM啊
千变之楚,14,小僵尸,你要药啊
Cinde丿Nuo,1,无粉丝牌,多砍两刀可以抢包
601725104,9,小僵尸,鱼叉
陆牧灬,25,小僵尸,....你长刀心法丢了啊
AAAsala,6,无粉丝牌,亚马逊食人鱼
1106878208,21,无粉丝牌,人死鸟朝天，扒皮无影手
superkee,20,小僵尸,不瞒大家，我是OB的舔包粉
银人dsg,8,无粉丝牌,什么游戏
憂鬱的明日香,6,无粉丝牌,捡包的时候爆下气啊，把队友震开
孔伯尼,2,无粉丝牌,这群比舔包让我想起丧尸分尸
哇咔咔0rz,33,學习机,扒的只剩裤衩了
蜜制艺术家,23,小僵尸,鱼叉不要啊，拿长刀啊，你以为是抢吗？
路壹Lu1,11,小僵尸,长刀要学着用啊峰哥
Ty丶剑神,12,无粉丝牌,四个全练成了无影手
山中猫,18,小乌贼,这tm谁是dg不专业啊
你瞎啊你瞎啊你你瞎啊,4,无粉丝牌,常杀赵子龙
800YZH丶尐啵啵,25,叶灬子,换技能
duriancrab,1,无粉丝牌,OB人均无影手
花葉之血,7,无粉丝牌,全程在要东西
FuyunoYuuki,17,小僵尸,wegame怪猎还是v1.1
KissHusky,3,无粉丝牌,东方不败肯定狠啊
xyzfox808,12,小僵尸,长刀技能学啊
who6864,9,陌晨丷,天天毒瘤，就没意思了，峰哥毒瘤是为了赢
二狗先生啊,6,无粉丝牌,高手
AAAsala,6,无粉丝牌,亚马逊食人鱼啊
漠漠Z,10,XDD,你们抢东西，不留情面
碳烤胖头鱼RUA,18,小僵尸,2333
凡尘PM,16,小僵尸,wegame10几个 垃圾进程
aks87215993,7,你跑毛,打输了之后最明智的就是夸大敌人
村里的哲师傅,10,小僵尸,东枫不败
2930831051,10,无粉丝牌,救救救  有没有药
送外卖的帅哥,32,无粉丝牌,哈哈
dzwjk,8,小僵尸,令狐冲打不过东方不败😂
cp526914354,21,小人参,别问，问就是要
柿Kakichoco,20,小兰人,东方不败上把不是被枫哥锤了吗
选城椅nGx8614,1,无粉丝牌,Q 群 595θ15294做㗒
l081570,20,小僵尸,卧槽这个手速没得说
气不气呀呀呀呀呀,17,小僵尸,我去送
爱版主猪猪真是太好了,16,无粉丝牌,哈哈哈哈
lzxlzxzzx,22,小僵尸,6
午夏柳,21,小赢僧,说的最多的话就是药
DP风的信息,20,无粉丝牌,东方不败放了赵子龙一马
颜_Whatever,35,无粉丝牌,根本没有无影手 人人都是无影手
请你把我打皱,6,无粉丝牌,完了
米纳思伊西尔,11,无粉丝牌,偷功
缘头缘脑缘肚皮,20,196,？？？
大师兄抱紧我,7,无粉丝牌,东方不败
艾迪QAQ,30,Quin,这个马
johnson456,20,无粉丝牌,怎么又是东厂姜公公
飘荡的信仰,7,无粉丝牌,东方不败。
卡包拿来,13,寅子,这可能就是江湖失传已久的无影手吧
谜团大MTD,15,小僵尸,BGM可以放《七剑战歌》啊
叫我信仰就好了,26,小僵尸,我去送
无比丶复杂,31,小K基,要去送了、
没有色彩的红魔33021,6,小僵尸,你要去送死了吗
逐星者的静谧,9,影魔王,人家鸟都不鸟你
呀巴扎嘿,34,小僵尸,膨胀了
学习马克思的三好青年,13,小赢僧,火影bgm放起来啊
JasonNaomi,4,无粉丝牌,锦衣卫
800YZH丶尐啵啵,25,叶灬子,412.
气不气呀呀呀呀呀,17,小僵尸,我去送送他
离冒险远远的,15,无粉丝牌,这是什么游戏啊
Dreamcatcher123,9,小僵尸,无影手是枫哥独门秘技。。。
TomHou9997,1,无粉丝牌,膨胀了
Naruto爱潇潇,10,小僵尸,刚刚看了好多应景的BGM，可惜我放不了
foookend,11,无粉丝牌,赵子龙打不过东方不败
pp416,13,小僵尸,东方不败
掘地求升,20,小僵尸,你这点血去会会他
flp2419,3,无粉丝牌,要死
青人,25,小僵尸,。。。
lawliet233,8,总监,+-966
千变之楚,14,小僵尸,你血都没满想会谁啊
封文若,16,三贱贱,峰哥说：我去会会他。从那天后我就再也没见过峰哥
Acey2234,17,小僵尸,峰哥你换心法啊
whutlijidehao,21,小僵尸,厂公
凡尘PM,16,小僵尸,steam 除了游戏 没有多余进程
COCOMINI,7,无粉丝牌,舔包舔到互换衣服哈哈哈
卵子都秀飞了,14,小僵尸,在下前去送死
你瞎啊你瞎啊你你瞎啊,4,无粉丝牌,杀了孙行者，还有者行孙
AlthrieS,14,小僵尸,没药了
放纵的颖,7,小僵尸,🐍最菜，还总是藏💊，真的。。。气死了
漫漫雨忆寒,12,无粉丝牌,"战前单挑敢不敢,开展停手先救我"
练车的司机,17,小僵尸,东方不败不是喜欢令狐冲吗
啵啵国的小啵啵,20,小僵尸,赵子龙打不过东方不败
nononnnnnn,18,小僵尸,我去会会（送）
战略大师操作似屎,15,无粉丝牌,没血海要去会东方不败
LLYCF,13,无粉丝牌,姜公公阴阳人大战东方不败
风之痕100,18,集团军,东方不败
Ouliestuo,3,无粉丝牌,赵云棺材压不住了
夜风独酌,6,无粉丝牌,喜欢抢伤害就这下场啊
开车的死宅,10,无粉丝牌,东方不败义释赵子龙
800YZH丶尐啵啵,25,叶灬子,412
飘荡的信仰,7,无粉丝牌,习惯了steam
吃着西瓜上着分,8,小僵尸,龙姜治川厂
Kevin93779,1,无粉丝牌,宝哥是真的蠢
吊车小司机,1,无粉丝牌,姜公公不服东方不败？
Naruto爱潇潇,10,小僵尸,来个高手去放BGM啊
lq5236637,5,无粉丝牌,红衣服的是黄翔
蛤皮嗨啊,3,无粉丝牌,宝哥是来吃药的
耀挚奉ulE9829,1,无粉丝牌,Q 群 595θ15294做㗒
劫怂倦EXO2947,1,无粉丝牌,Q 群 595θ15294做㗒
集邮仁波切,18,小緑帽,山西一窟鬼，史家兄弟，桃谷六仙
skissss,22,小豆包,佛头的洞里 全是药
谜团大MTD,15,小僵尸,东方不败喜欢令狐冲那个是电影改编的吧
怎么免费看直播,28,196,锦衣卫?
青山笼愁深,13,大马猴,宝哥就是个废物什么都要全特么浪费
请你把我打皱,6,无粉丝牌,宝哥是真的瘤
acm1990,26,小僵尸,............
qq_UfBuGG,19,小僵尸,怪物猎人steam人多些
游鱼酱,9,无粉丝牌,宝哥好蠢
气不气呀呀呀呀呀,17,小僵尸,宝哥蠢
阿银喵,33,无粉丝牌,宝哥
在下200斤含一半头,11,无粉丝牌,宝哥要死了
Phantom53056,1,无粉丝牌,0
qr1025qr1025,14,小痒虫,233333333333333
叫我信仰就好了,26,小僵尸,斯内克。。。。。
1987546245空姐,2,无粉丝牌,洺孖∈∈軞♢茤≈≈≈绌氺ーー曰女且
NewSkW,18,玫瑰酱,宝哥好tm蠢阿
daijunbo1992,39,小赢僧,宝哥真是搞啊
ㅣ泐ㅣ,19,小僵尸,生日快乐
小点子王丶,14,小僵尸,斯内克
月华夜8,20,大马猴,蠢啊
心灵的追念f,9,无粉丝牌,哈哈哈哈哈哈哈哈哈哈
超级肌肉狗,1,无粉丝牌,2333333
唯一的注视,26,小僵尸,.。
远离枫暴浩劫,26,无粉丝牌,掉下去就刺激了
阿银喵,33,无粉丝牌,斯内克
pdslcd,13,小僵尸,斯内克
陆牧灬,25,小僵尸,宝哥 路子野啊
血槽,18,小僵尸,枫哥学一招血海魔刀录
灬柠灬夏,9,无粉丝牌,。。。。
金牛仔仔,49,无粉丝牌,你是拐腿马
小白鸽摄像头粉,21,小渣男,马没了
TwistedFate丶1,24,无粉丝牌,奏乐啊
终焉来临之时,12,小僵尸,寺内可
星期三的月亮,27,小僵尸,宝哥
蓝桥123a,11,无粉丝牌,🐍
Sooooooying,14,不自觉,头也不回哈哈哈
OGMaxwell,16,小赢僧,宝哥蠢b
猫九的喵九丶,10,无粉丝牌,宝哥啊 妈耶
jgpynick,18,小僵尸,独木桥lei了
余渣,18,小8路,斯内克
wo460850486,9,B9,哪位大哥哥说一下，ti几号开战
山与海丶千夜,21,小僵尸,恐高  头好晕
无运高精丶,17,无粉丝牌,斯内克自有妙计
twoeatone,26,小僵尸,宝哥要死了
彷徨25年,1,无粉丝牌,黄河五鬼
将军之歌,16,小僵尸,宝哥好蠢
wabgzhi2015,34,小僵尸,斯内克
六道克克,21,小僵尸,下马啊
少管闲事是一种美德,58,小僵尸,卧槽
Carter15,24,小僵尸,只能跳下去了
a154881112,22,小緑帽,宝哥。。
qr1025qr1025,14,小痒虫,宝哥。。。
hbchenchende,17,小僵尸,血祭啊蛇
小则又沐风丶,18,集团军,换吐纳
LPY666,5,无粉丝牌,宝哥真tm蠢死
目标是星辰大海,4,无粉丝牌,这都能喷的？
随风啦啦啦啦,5,无粉丝牌,别管他，真的蠢
我呗,22,无粉丝牌,让宝哥死，舔她
l183331,11,无粉丝牌,你怎么会跟 着宝哥这蠢B跑
Ceycalvin,11,小僵尸,233333
核弹boom,20,火乍,刚刚气死的兄弟早点死去
999哈哈哈D,15,小肚皮,这风景可以的
lifelover,24,无粉丝牌,过河拆桥啊
xyhzzz,12,小僵尸,江湖险恶啊
豆豆唯一指定男朋友,20,一发,宝哥好蠢
老老马马马马马,1,无粉丝牌,哈哈哈哈
鹿真97699,6,无粉丝牌,今天这么好战？
112121212141548484,1,无粉丝牌,蠢宝
小点子王丶,14,小僵尸,bgm
daijunbo1992,39,小赢僧,斯内科对付你自由妙计
你屎临到头啦,7,小僵尸,江湖险恶
六块一毛二,9,无粉丝牌,宝哥情商好低
池早早早早,22,无粉丝牌,江湖险恶没有单挑
好好学习的逗比,20,无粉丝牌,和宝哥玩才有意思啊
ImbaTV场控,17,小8路,一会宝哥肯定故意跳下去
殘梦丶断忆,11,小僵尸,宝哥又蠢又瘤又吵
kkkkkkk7,7,无粉丝牌,奏乐啊
MENG阿傑,4,无粉丝牌,吃的你的血
周大帅比比比,18,小僵尸,这游戏是w版好还是s版好
Phantom53056,1,无粉丝牌,000
莫道殇逝无穷尽,17,无粉丝牌,江湖险恶
Nosensesin,9,无粉丝牌,他要吃你的药啊
你是我的大苹果丶,9,无粉丝牌,宝哥好蠢
斗鱼用户LysJlrQF,1,无粉丝牌,姜公公
xyhzzz,12,小僵尸,险恶他
李可可coco,1,无粉丝牌,宝哥
CXIApril,27,小乌贼,补血喝的是你的血
眼角一丝翔,16,小僵尸,江湖险恶
送外卖的帅哥,32,无粉丝牌,哈哈给个舞台
xyzfox808,12,小僵尸,宝哥越管他越蠢啊
ericzxc,20,无粉丝牌,这老哥有意思
缘来最爱吃面筋,26,196,还等补血，真实江湖
johnsonhad,10,无粉丝牌,他吃得都是你们的药啊
Carter15,24,小僵尸,宝哥卡住了，太好了
Jokey99,19,小僵尸,他补的是你的血啊，枫哥
DP风的信息,20,无粉丝牌,规矩好多
千变之楚,14,小僵尸,别让补血啊，补血了你们药都没了
katou惠丶,43,大绅士,别啊 补了你们都没药了
wo丶在金牛湖畔,16,小僵尸,宝哥卡住了啊
milkum,18,小肚皮,废物啊
三尺微命v,10,无粉丝牌,这他妈怎么单挑啊
倾言轻语,16,无粉丝牌,不能补啊 药都是我的
学习马克思的三好青年,13,小赢僧,需要火影的bgm
佳成,12,无粉丝牌,血补了你们舔什么
微微豆莱,25,小痒虫,帅
呀巴扎嘿,34,小僵尸,老是看成痔疮药
当一阵枫吹过,23,小僵尸,那是你们的药
气不气呀呀呀呀呀,17,小僵尸,。。。。。
私人的乌托邦,9,无粉丝牌,哈哈哈
扭type,24,小僵尸,= =
老老马马马马马,1,无粉丝牌,哈哈哈哈哈哈
dummxl,19,小僵尸,小号别带宝哥节奏了行吗 不喜欢你可以不看
Mario丶焱枫,31,小僵尸,....
宝贝岑岑云健身,18,猛男,这游戏没啥区别啊 服务器就一个
GragHack,15,小肚皮,。。。。。。。。。。。。
whz1987,20,无粉丝牌,。
艾迪QAQ,30,Quin,宝哥卡住了
TwistedFate丶1,24,无粉丝牌,卧槽
游鱼酱,9,无粉丝牌,出现了
是杠头,16,二珂,6
跳刀跳刀0,8,暴躁朵,。。。。。。
阿森丨改变中的我,20,小僵尸,我草 
大哥丶喝冰阔落,5,无粉丝牌,什么游戏啊？？？大哥们
AL尊,24,小肚皮,66666666666
nakeroudaibe,13,无粉丝牌,一刀
小Key童鞋,17,小僵尸,出现了
眼角一丝翔,16,小僵尸,他吃的是你的药啊
不要糾結這8個字,12,小僵尸,哈哈哈哈哈哈哈
碳烤胖头鱼RUA,18,小僵尸,。。。。
夜半修仙233,14,无粉丝牌,好狠
依马偎斜桥,3,无粉丝牌,我草
RexChooo,31,小僵尸,哈哈哈哈哈哈哈哈哈
WonderfulUZP,22,小僵尸,一刀。。。
远离枫暴浩劫,26,无粉丝牌,......
CXIApril,27,小乌贼,皮没了
呱呱呱找朋友,5,无粉丝牌,卧槽
fishpear,30,QQ酱,卧槽
苏依,17,小僵尸,和哈哈哈哈哈哈哈哈哈哈
明天你好啊丶,31,196,.....
ASH9559900,17,小僵尸,.........
扬州奇迹哥,9,小僵尸,。。。。。。。。。。。。。。。
转角过后C,13,小僵尸,疯子
春秋萌丶一场,4,无粉丝牌, 一顿抢
Doxter077,19,无粉丝牌,..............
Orzlkk,14,小僵尸,哈哈哈哈哈哈哈哈
asuna0930,20,小僵尸,我草
Iron_Feather,17,小僵尸,出现了
唯一的注视,26,小僵尸,。。。。
你要撞壁吗,21,小僵尸,哈哈哈
机智喵大仙,24,集团军,2333333333333
twoeatone,26,小僵尸,一刀
萌萌哒xiao七,17,小僵尸,？？？？？？
holygzm,11,无粉丝牌,，，
紫舞小缘,19,小僵尸,..........
叫我白鸽就好了,48,小僵尸,哈哈哈哈
每天回家一个人宅,30,小僵尸,。。。。。
巴斯光年111,16,无粉丝牌,卧槽
qwetank,13,无粉丝牌,来了来了
pjq970622,22,无粉丝牌,哈哈哈哈
wabgzhi2015,34,小僵尸,666666666
这把摆大巴,13,耀西,流批
LunaGGG,11,无粉丝牌,老流氓
拼命小三郎666,9,小僵尸,理下宝哥啊
没什么可说的,25,小僵尸,换装
背锅侠汪峰,7,无粉丝牌,.................
你瞎啊你瞎啊你你瞎啊,4,无粉丝牌,2333333333333
pedrocool,23,小僵尸,宝哥
柿Kakichoco,20,小兰人,哈哈哈哈哈哈
叫我Victor就好,22,辣椒儿,66666666666
ㅣ泐ㅣ,19,小僵尸,......................
月神AA,8,无粉丝牌,233333333333333333333
cui568239967,11,无粉丝牌,哈哈哈哈哈哈
碳烤胖头鱼RUA,18,小僵尸,这群老B
超小胖233,6,无粉丝牌,输了
xyhzzz,12,小僵尸,哈哈哈
伦敦下雨了,23,小僵尸,..............
nononnnnnn,18,小僵尸,哈哈哈哈哈哈哈哈哈哈
RUA丶囧香,24,小僵尸,。。。。。。。。。。。
终焉来临之时,12,小僵尸,出现了
GoGoRKO,22,无粉丝牌,面罩都要
夜灵摆渡,9,无粉丝牌,6666666666
衣袂临风,25,小僵尸,。。。
回忆dan忘,24,小僵尸,......
Akatsukich,20,小僵尸,别补血啊，等下药没得添了
小僵尸他lei了,16,小僵尸,这个逼
的空间费,19,小僵尸,2333333333333
一怒超鬼丶,18,小肚皮,哈哈哈哈哈哈
胖头鱼头胖ruaruarua,19,小僵尸,哈哈啊哈
AtlantisJuem,26,小僵尸,哈哈哈哈
z710955704,21,小僵尸,。。。
刀儿加贝,18,小僵尸,6666
Sot1丶,17,401,23333333
酒仙,7,无粉丝牌,。。。
皈依大头姑娘,24,小赢僧,无影手
Mario丶焱枫,31,小僵尸,............
不知道我的温柔,17,小僵尸,卧槽
疯子219007,17,无粉丝牌,无影手
艾露恩的小迷弟,25,小僵尸,。。。。。
你屎临到头啦,7,小僵尸,哈哈哈哈哈哈
111112323232,24,无粉丝牌,哈哈哈
hydra209,14,无粉丝牌,来
laijialin,11,无粉丝牌,..............
深巷猫与郎c,19,小僵尸,皮都没了
flashwind,1,无粉丝牌,無影手
你很别致哟,25,小僵尸,？？？？
小懒12345,36,小僵尸,好狠
少管闲事是一种美德,58,小僵尸,卧槽
Best灬day,12,无粉丝牌,哈哈哈哈
你把我闪现给我交咯,21,小僵尸,？？？？？？？？？？？
P丶ersist丿,3,无粉丝牌,出现了
黑皮君221,16,小肚皮,哈哈哈哈哈
此木成皿,23,小乌贼,…
缘头缘脑缘肚皮,20,196,！！？？？？
玉堕,23,小僵尸,66666666
kkkkkkk7,7,无粉丝牌,卧槽 衣服换了好多次
老师12341234,7,无粉丝牌,衣服互换几次
圣西罗的夜夜,7,无粉丝牌,皮都没了
你像流浪的流星,26,小肚皮,哈哈哈哈哈哈哈哈
圆滚滚啊圆滚滚,24,无粉丝牌,卧槽……
灬柠灬夏,9,无粉丝牌,一脚
起名字那么麻烦1,1,无粉丝牌,衣服又换了
捕鱼达人,19,小僵尸,23333333
艾迪QAQ,30,Quin,哈哈哈哈哈哈哈
Ty丶剑神,12,无粉丝牌,哈哈哈哈哈哈
阿冷两只小猪,23,阿冷,卧槽
pp416,13,小僵尸,66666666666666
0如痴如梦0,12,大马猴,无影手
赵月影,1,无粉丝牌,这宝哥怎么做到这么蠢的
酷似陈冠希zZ,7,不自觉,瘠薄
猛娚天降,13,小肚皮,无影手
a154881112,22,小緑帽,。。。
ElijahN,9,无粉丝牌,尸体都没了
八月与不安,16,朴妹,233333333
小马向后冲,15,小僵尸,？？？？？
偏偏爱Sama,24,小僵尸,。。。。。。。。
一分钟一头牛,18,小僵尸,23333
苟就完事了,21,无粉丝牌,无影手
yan421768079,14,无粉丝牌,我奥
金陵小丧尸rua,24,小僵尸,哈哈哈哈哈哈啊哈
老陈你又在OB了,16,小僵尸,哈哈
qq_uP9KHF,5,无粉丝牌,哈哈哈哈哈哈
路壹Lu1,11,小僵尸,我真是服了哈哈哈哈哈哈哈哈哈
1106878208,21,无粉丝牌,无影手
pdslcd,13,小僵尸,？？？？？？？？？？？？？、、
Dreamcatcher123,9,小僵尸,无影手。。。。。
老逼枫喝水,22,小僵尸,哈哈哈哈哈
PolarCodes,37,小僵尸,空了
52231hjh,1,无粉丝牌,哈哈哈
飘荡的信仰,7,无粉丝牌,卧槽
你好大梦无痕,7,无粉丝牌,送人头
掘地求升,20,小僵尸,扒皮
金牛仔仔,49,无粉丝牌,鞭尸
请输入昵称炼仔,2,无粉丝牌,有意思
PepsiCoRUA,34,小僵尸,chuxianle
怎么过怎么逗,25,耀西,无影手！！
十年踪迹十年心,15,小僵尸,扒光哈哈
笑丶眼,14,小僵尸,卧槽
AlthrieS,14,小僵尸,哈哈哈哈哈哈哈
锈剑行天下,24,小僵尸,卧槽
826984049,10,无粉丝牌,卧槽
DP风的信息,20,无粉丝牌,这是小僵尸送温暖吧
大鷄巴甩甩,26,小僵尸,卧槽
eesummer,16,小僵尸,哈哈哈哈哈
文盲P,4,无粉丝牌,....................
阿飘0411,9,大吊队,握草
GoGoRKO,22,无粉丝牌,面罩都不放过
Silhouette4V,20,小肚皮,出现了！无影手
卡包拿来,13,寅子,一秒
远离一切负能量,7,小僵尸, 哈哈哈哈
事非,29,小僵尸,。。。。。。。。
LPY666,5,无粉丝牌,这群老b添宝
13756750929,15,无粉丝牌,补血？？？
Doxter077,19,无粉丝牌,消失了...
老年选手的挣扎,9,小乌贼,各种换装
觅风痕,22,点子王,好狠
dyw112c,23,无粉丝牌,。。。。。。
丶Agnes,22,无粉丝牌,哈哈哈哈
誰明浪子訫,26,嗨粉,无影手 我草
我呗,22,无粉丝牌,衣服都扒没
fishpear,30,QQ酱,惊了
啊拉拉君,24,蜀军,233333
fanyudexin,14,无粉丝牌,宝哥快让他去死吧，蠢得一批。
万象天引rua,25,小僵尸,这手速
hmily007,12,小僵尸,卧槽卧槽卧槽
haixiudahan,7,大龙,66666666666666
胖头鱼头胖ruaruarua,19,小僵尸,无影手他leile
奇葩不是我是谁,10,无粉丝牌,2333333333333
姜的鱼,23,小僵尸,出现了
就是黑,18,小僵尸,卧槽0
渝万丶CrySilenc,13,k神呀,lei了lei了
六道克克,21,小僵尸,你们在干什么
跑与追,28,小僵尸,好狠
海宝w,2,无粉丝牌,人间蒸发
道术之隙,7,无粉丝牌,NMB啊
PepsiCoRUA,34,小僵尸,出现了
pswlzx,12,无粉丝牌,宝哥不见了啊
IAFortunes,23,小僵尸,这群老逼
lujielujie321,1,无粉丝牌,死的都好惨
柚的sunny,18,小僵尸,包都给舔没了
MENG阿傑,4,无粉丝牌,哈哈啊哈哈
北京范迪塞尔,15,无粉丝牌,这速度
qq1334540036,19,小僵尸,扒皮
早起的猫儿有鱼吃,24,小乌贼,衣服又换了一套
superbin8,18,集团军,哈哈哈
黑暗游侠丶昔痕,24,小僵尸,换了身衣服
Rampag丶影锋,26,小僵尸,666666666
1124634866,10,无粉丝牌,扒光
来碗浓痰泡饭,15,小僵尸,哈哈哈哈哈哈哈哈
第十七具尸体,8,无粉丝牌,哈哈哈
学姐快来帮我推个油,19,小乌贼,无影手
轩辕无念,18,小僵尸,无影手
僵尸集团军来袭丶Rua,25,小僵尸,哈哈哈哈哈哈
zs569711747,8,无粉丝牌,小刘卧槽
wabgzhi2015,34,小僵尸,哈哈哈哈哈哈哈哈哈哈
阴晴天丶,16,小僵尸,再快一点 哈哈哈哈哈哈哈哈哈哈哈哈哈哈
DalaDala,10,无粉丝牌,看不清
西门小汪,10,小僵尸,0.1秒
wqymsncom,6,无粉丝牌,。。
NY臣本布衣,20,小赢僧,江湖四大扒皮恶人。。
梦断廊桥梦,26,小僵尸,光速
回忆dan忘,24,小僵尸,1S没
chronusliang,13,小乌贼, 卧槽
心有虎啸,27,小僵尸,卧槽，瞬间舔得渣都没了。。。。。
rise3n,3,无粉丝牌,卧槽这个速度
胡幺鸡哟,29,右右,衣服都扒
任达华年,13,无粉丝牌,天火套
Mz1kros,21,小僵尸,换衣服大赛
这片天灰什么,21,小僵尸,丧尸吃人
苦b建筑生,4,无粉丝牌,剥皮手法
艾迪QAQ,30,Quin,舔的衣服都换了一套
枝语暮杨,15,无粉丝牌,一jo
8128440abc,13,小僵尸,食人鱼
乌鸡国怂逼小旋风,20,小乌贼,哈哈哈哈哈哈，箱子都没了
qwetank,13,无粉丝牌,互换衣服
dasibiedy,13,小僵尸,这是个割草游戏
小舟阿,19,小僵尸,衣服疯狂换
浮夸saygoodbye,19,小僵尸,？？？？
伦敦下雨了,23,小僵尸,衣服又互相换了一波
qq_qNPzJB,13,集团军,扒皮了卧槽
我才是十六啊,12,小僵尸,66666666666666666666
Readabc,11,小僵尸,233333333333
星辰痕泪,20,小僵尸,甭管是什么，舔了再说
wluiz,30,196,长刀可以要啊
Th9526,21,小僵尸,哈哈哈哈
禾子与凛,12,小僵尸,衣服都扒光
domsamg,33,小僵尸,换装游戏
wancy133,12,无粉丝牌,长刀都不要了
珍惜账号,10,无粉丝牌,扒皮双子
xiao_guagua,9,无粉丝牌,t舔得只剩屌
甜心小辣椒,11,小僵尸,笑死老子了
唯一的注视,26,小僵尸,脚还没落地 装备没了
峰哥什么时候跳伞,28,小僵尸,我晕，我字都看不清
鞋子里有钱1,21,小僵尸,卧槽？
opigye,7,无粉丝牌,还没看清有什么东西。
雾里探尘思梦影S,23,无粉丝牌,寸草不生
一片俊叶子,21,无粉丝牌,哈哈哈哈哈哈哈哈
foookend,11,无粉丝牌,舔成裸尸
起名字那么麻烦1,1,无粉丝牌,一秒钟衣服又换了
咆哮的死神丶,9,小僵尸,哈哈哈哈啊哈
你要撞壁吗,21,小僵尸,长刀招式啊
文盲P,4,无粉丝牌,箱子舔没了
yutou527,7,无粉丝牌,卧槽了
花儿为啥那样黑,21,小僵尸,66666666666
wzq1314450,19,小僵尸,皮都扒没了
长度为5字符,14,小僵尸,袈裟哥
扬州奇迹哥,9,小僵尸,你妈逼啊 玩个吊啊
路壹Lu1,11,小僵尸,扒皮抽筋手
土土兔王座,14,小僵尸,袈裟
tinyqing,11,无粉丝牌,姜扒皮
Lin周周,19,小僵尸,233333333333
夜雨空梦,17,小僵尸,这个舔包速度，好流氓啊
间间单单生活,2,无粉丝牌,大佛头上面有东西
枫剩的午餐,30,小僵尸,摸烂了
移动万花捅,7,无粉丝牌,一群老瘤子
你是我的大苹果丶,9,无粉丝牌,哈哈哈哈
魔理沙偷走了什么,21,小僵尸,袈裟
xyhzzz,12,小僵尸,袈裟
不要糾結這8個字,12,小僵尸,我tm要笑死了
SSSshe,7,无粉丝牌,这是换装游戏啊
吊车小司机,1,无粉丝牌,可以谈啊
三份呵护七分哎,18,小僵尸,哈哈哈真是好玩
moonsheng,13,小僵尸,妈的老子看他们填包笑的和zz一样
只是一个信徒,25,椰汁瓜,瞬间成骨架
没有色彩的红魔33021,6,小僵尸,你他妈抢东西还是快
鹿真97699,6,无粉丝牌,233333333
连清人10736,1,无粉丝牌,宝哥自闭了
小莫他爷爷,16,久哥哥,衣服都扒了
6小毛,8,无粉丝牌,无影手
1308473247,9,小僵尸,每次这个舔的速度，我都无语了
优格水友,8,无粉丝牌,bgm
c13052977834,22,小僵尸,笑出声这舔包
池早早早早,22,无粉丝牌,救救宝哥
练车的司机,17,小僵尸,秃驴套
万象天引rua,25,小僵尸,看都不看，就捡
我是大蘑菇ghd,5,无粉丝牌,裤衩都没了
回忆宛如风沙,15,小僵尸,皮都扒下来了
斗鱼用户vLHni32C,2,无粉丝牌,💘331◌9ーー１786⒋💘.
Ty丶剑神,12,无粉丝牌,又换了套衣服。。
qwetank,13,无粉丝牌,舔个包衣服换了3套
醉心觅红尘,18,小僵尸,单挑
she871020,12,小僵尸,方丈来了
斗鱼用户chirZODP,1,无粉丝牌,和尚上线
秋名山阿强0,18,小僵尸,袈裟
ou226480,16,小僵尸,老衲求婚
黄浦江畔丶吃牛,21,小僵尸,方丈大师lei了
超级肌肉狗,1,无粉丝牌,袈裟哥
kalali,17,无粉丝牌,方丈
backpackersjie,21,小僵尸,和尚
Lancelot丶YY,23,无粉丝牌,情趣袈裟
johnson456,20,无粉丝牌,少林寺的、】
漠漠Z,10,XDD,看都不看
黑暗游侠丿gareth,25,小僵尸,6666666666
颜_Whatever,35,无粉丝牌,姜和尚
连清人10736,1,无粉丝牌,宝哥自闭了，。
guidabing1004,1,无粉丝牌,江湖险恶，等你补血？不存在的
秦锵锵,17,小僵尸,兄弟 枫哥要去送死
丶无爱无恨,7,无粉丝牌,变成袈裟哥了
o安晓瑜,19,小僵尸,奏乐
斗鱼用户vLHni32C,2,无粉丝牌,💘331◌9ーー１786⒋💘...
从前有座山炮,15,集团军,还记得当年，尸体都舔没了
寡夫有村,18,小僵尸,这舔的速度是何等的卧槽
泰勒德顿,8,无粉丝牌,宝哥 还在后面没上来 我也算是服了
milkum,18,小肚皮,哈哈哈哈哈哈哈
污昂王子恩政,8,无粉丝牌,没看见发生了什么
山中猫,18,小乌贼,卧槽
猫九的喵九丶,10,无粉丝牌,得罪了方丈还想跑？？？
谜团大MTD,15,小僵尸,BGM可以放《七剑战歌》啊牙少
Qooooa,5,无粉丝牌,变和尚了
屠格洛夫斯基,21,小僵尸,袈裟！
lamlon,11,无粉丝牌,宝哥好蠢
送外卖的帅哥,32,无粉丝牌,哈哈，会摔锅啊
月神AA,8,无粉丝牌,23333
BeginAgain17,20,小乌贼,石佛，卧槽
小莫他爷爷,16,久哥哥,宝哥
故我,10,无粉丝牌,岑昆
远离枫暴浩劫,26,无粉丝牌,哈哈哈哈哈
游刃有缘,21,集团军,3个人衣服换了半天
花果山大大王61979,1,无粉丝牌,这个游戏好，舔包不怕被阴
小点子王丶,14,小僵尸,奏乐
200斤不含头马格纳枫,14,无粉丝牌,舔到互换衣服
这只是个皮皮,21,小星雲,奏乐
灰骑士,19,小僵尸,换装游戏
soap9318,10,无粉丝牌,方丈握草
胭脂成灰,1,无粉丝牌,假和尚卧槽
lin600417,2,无粉丝牌,老秃驴
道术之隙,7,无粉丝牌,乔峰大战东方不败？？？
连清人10736,1,无粉丝牌,宝哥自闭了
GoGoRKO,22,无粉丝牌,双刺打重剑有优势啊
laoChen99999,26,小僵尸,这bmg可以
卡包拿来,13,寅子,老秃驴
hipirate,22,小赢僧,鲷哥警告
我呗,22,无粉丝牌,方丈
青人,25,小僵尸,。。。。。来了来了
不可描述的混沌入侵,29,小僵尸,666666
zqr1116,12,小僵尸,方正大师
还是那个没头脑,4,无粉丝牌,......
aiwor1230,4,无粉丝牌,OB 自带飞龙探云手啊
猛娚天降,13,小肚皮,窝草
GragHack,15,小肚皮,66666666666
o安晓瑜,19,小僵尸,呼哈
土土兔王座,14,小僵尸,高手！
99233丶柠檬,26,001,问世间
灬柠灬夏,9,无粉丝牌,方丈
Doxter077,19,无粉丝牌,可以
你屎临到头啦,7,小僵尸,这个bgm可以
颜_Whatever,35,无粉丝牌,梦遗大师
丰满必搂,16,小僵尸,石佛
echo必杀技,9,无粉丝牌,感觉最有意思的 就是看他们舔 哈哈
cui568239967,11,无粉丝牌,高手
明天你好啊丶,31,196,BGM不对啊
老老马马马马马,1,无粉丝牌,ho
叫我白鸽就好了,48,小僵尸,6666
依马偎斜桥,3,无粉丝牌,老秃驴
zztxiaopengyou,3,无粉丝牌,姜昆
疯狂小子,5,无粉丝牌,华山论剑！！
阴晴天丶,16,小僵尸,6666666666666
阿库西斯神教传销员,15,小僵尸,可以可以
rise3n,3,无粉丝牌,峰大师
呼呼呼123245,7,无粉丝牌,666
o安晓瑜,19,小僵尸,呼！哈
acm1990,26,小僵尸,BGM不对啊
集邮仁波切,18,小緑帽,？？？？？？？？？
天真乌鞋,26,小僵尸,呼。哈
Grady果果,20,小僵尸,华山论剑
骨头吃完了,21,Quin,世间只有你好
呀巴扎嘿,34,小僵尸,ho
MeMe丶Sun,20,小僵尸,66666
走到最后,28,小僵尸,哈哈哈哈哈
烟鱼雨云,21,小痒虫,宝哥
Dreamcatcher123,9,小僵尸,可以
老老马马马马马,1,无粉丝牌,吼！蛤
硬骨鱼,13,无粉丝牌,给劲
孤独风中丶一头猪,22,小肚皮,66666666666666666666
lcr0719,15,麋鹿阿,可以可以
原谅我叫LRW,18,小僵尸,呼哈
灬柠灬夏,9,无粉丝牌,。。。。。
ABSLH2014,22,小僵尸,世间始终你好
vk5523694,12,无粉丝牌,一看就是hawqin
Sensei一Lai,13,小僵尸,666666
OB之王陈炎川,19,小僵尸,66666666666
游泳健将点子王,21,小僵尸,有感觉了
呀巴扎嘿,34,小僵尸,ha
袄特慢,14,无粉丝牌,，，，，‘
柿Kakichoco,20,小兰人,BGM可以
hipirate,22,小赢僧,放天龙八部啊
Rorypond,14,小僵尸,666
煌煌耀耀,20,小僵尸,方丈
将军之歌,16,小僵尸,6666
1457319920Q,22,全针,石佛
还是那个没头脑,4,无粉丝牌,666666
Christmas丶Judas,2,无粉丝牌,射雕！
夜雨空梦,17,小僵尸,6666
池早早早早,22,无粉丝牌,高手
蹭网的看客,44,耀西,666666
练车的司机,17,小僵尸,BGM不对啊
余渣,18,小8路,石佛
红枫出岫,15,小僵尸,6666
年夕,8,小僵尸,石佛
MakeitColorful,14,猛男,６６６６６
异灵术老师的口红,12,小僵尸,是个高手
qq_EWO0X9,16,无粉丝牌,旗鼓相当的对手
fone39,35,小僵尸,666666666666666
gongshuoran,16,修仙迪,～梦遗
循端,6,小僵尸,666666
Uniyield,12,无粉丝牌,还有BGM
ArcherDaniel,21,小僵尸,成昆
DP风的信息,20,无粉丝牌,世间始终你好
o安晓瑜,19,小僵尸,呼，哈
milkum,18,小肚皮,哈哈哈哈哈哈哈哈哈哈哈
内蒙古大夫,10,小僵尸,宝哥……
qq_ygNse8,14,小僵尸,吃肉和尚
叫我Victor就好,22,辣椒儿,！66666
呀巴扎嘿,34,小僵尸,hoha
小西gggg,14,小僵尸,这个bgm可以
老老马马马马马,1,无粉丝牌,乎！蛤
斗鱼用户chirZODP,1,无粉丝牌,紫霞
铭仔阿铭,23,小僵尸,呼 哈
这只是个皮皮,21,小星雲,BGM错了！
浮云出碧落,15,小僵尸,呼 哈
钝锋小刀,17,渔子溪,吼哈
小僵尸里的吴彦祖,32,小僵尸,华山论剑
鱼伯牙,16,无粉丝牌,66666
难难难难弟,19,影魔王,求bgm
意外之上,25,小僵尸,射雕
红枫出岫,15,小僵尸,华山论剑
GoGoRKO,22,无粉丝牌,双刺真的随便打重剑的
樵梓,25,小肚皮,方丈
胭脂成灰,1,无粉丝牌,没毛病，乔峰是少林俗家弟子
PepsiCoRUA,34,小僵尸,吃了含笑半步癫？
Dreamcatcher123,9,小僵尸,华山论剑
liyuanhanga,12,无粉丝牌,是你吗  方丈
瓜瓜的117号技师,23,小渣男,都是高手啊
Grady果果,20,小僵尸,华山论剑！
nakeroudaibe,13,无粉丝牌,高手过招
远离枫暴浩劫,26,无粉丝牌,哈哈哈哈哈哈
ads546433718,11,无粉丝牌,66666666666
山中猫,18,小乌贼,6666
gongshuoran,16,修仙迪,这是梦遗
灾厄渡鴉,21,小僵尸,嚯 哈
将军之歌,16,小僵尸,666
麦田里的守望者19,2,无粉丝牌,华山论剑
w5891582,6,无粉丝牌,哈哈哈
明月无边,11,无粉丝牌,还能等一下的？
天真乌鞋,26,小僵尸,你老公找不到了，不等
大周股民小龙,22,女流,华山论剑
13eam,25,小僵尸,等一下2333
tomo123,4,无粉丝牌,华山论剑
pp超,22,无粉丝牌,高手
Winter文韬,3,无粉丝牌,吼！哈！
534016497,2,无粉丝牌,神仙打架
雾里探尘思梦影S,23,无粉丝牌,江湖没有等一下
你瞎啊你瞎啊你你瞎啊,4,无粉丝牌,金毛狮王谢斌什么时候来啊
烟鱼雨云,21,小痒虫,铁血丹心
爱版主猪猪真是太好了,16,无粉丝牌,溜了
zqr1116,12,小僵尸,等一下
私人的乌托邦,9,无粉丝牌,四大恶人
灬柠灬夏,9,无粉丝牌,233333333
Dazermonster,19,小僵尸,6666666666
怪诞乌鸦灬,27,小僵尸,拉满 哈哈
Chase_gafa,15,小僵尸,fgnb!!
还是那个没头脑,4,无粉丝牌,66666666666666666666
赵无敌123,38,小僵尸,fgnb
夜半修仙233,14,无粉丝牌,哈哈哈
黑暗游侠丿gareth,25,小僵尸,6666666666
硬骨鱼,13,无粉丝牌,hhhhhhhhhhh
zhouye27,5,无粉丝牌,一起上？
肖英俊001,10,阿冷,旁友，请等一下
NewSkW,18,玫瑰酱,哈哈哈哈
谜团大MTD,15,小僵尸,BGM可以放《七剑战歌》啊牙少。
连清人10736,1,无粉丝牌,宝哥自闭了，。
汐灬木,22,小肚皮,fgnb
逐星者的静谧,9,影魔王,追！
yyfyyf2468,43,小僵尸,牛逼
小僵尸他lei了,16,小僵尸,666666
fone39,35,小僵尸,66666666666666666666666666
小学生熔岩doom,7,无粉丝牌,跑了233
跳刀跳刀0,8,暴躁朵,fgnb
蜀山捏吧,25,小僵尸,死，霸气
莫道殇逝无穷尽,17,无粉丝牌,等一下
还是那个没头脑,4,无粉丝牌,..........
碳烤胖头鱼RUA,18,小僵尸,fgnb
艾迪QAQ,30,Quin,哈哈哈哈哈
此木成皿,23,小乌贼,66666666666666
叫我信仰就好了,26,小僵尸,FGNB
oscar213,18,小僵尸,等一下 我老公呢
我有小圆本,13,小僵尸,江湖险恶
1219丶扶朕起来,22,蘑菇,等一下
wabgzhi2015,34,小僵尸,Fgnb
freedom310,24,小僵尸,梦遗大师
阴晴天丶,16,小僵尸,666666666666666666
DP风的信息,20,无粉丝牌,M16我草
dzwjk,8,小僵尸,233333333333
你屎临到头啦,7,小僵尸,好狠
twoeatone,26,小僵尸,等一下哈哈哈
扭type,24,小僵尸,....???
唯一的注视,26,小僵尸,0.0
gongshuoran,16,修仙迪,这身打扮 梦遗
柿Kakichoco,20,小兰人,不是对手啊
ericzxc,20,无粉丝牌,东方不败溜了
送外卖的帅哥,32,无粉丝牌,牛逼
acm1990,26,小僵尸,fgnb
淡沫123123,19,小僵尸,峰哥牛逼
头酱大笨蛋丶,40,小僵尸,fgnb！！四大恶人之首！
AtlantisJuem,26,小僵尸,6666666
陈小弟天梯历险记,10,无粉丝牌,峰哥牛B啊啊啊啊啊
lcr0719,15,麋鹿阿,66666666666666
上海的枫,18,小僵尸,牛逼
hahao1233,15,无粉丝牌,哈哈
MakeitColorful,14,猛男,６６６６６６
艾露恩的小迷弟,25,小僵尸,枫哥牛逼！！！
l183331,11,无粉丝牌,NB
灬柠灬夏,9,无粉丝牌,笑死我了
带带大明猩,10,朴妹,四大恶人
nononnnnnn,18,小僵尸,66666666666666666666666
休止,23,女流,皮都舔掉了
frankz,12,QQ星,出现了
起床没洗头,9,无粉丝牌,江湖险恶
jentwo,27,苍爹,lei了
qqqquan,16,哒哒术,66666666666666
Murieldongyingjie,19,小僵尸,哈哈哈哈哈哈哈高手
煌煌耀耀,20,小僵尸,fgnb
静静的看着你吹逼,23,小僵尸,fg太厉害了
傣轰,10,小僵尸,fgnb
gladiat0r,4,无粉丝牌,等一下我老公呢
胧夏,16,小僵尸,fgnb
Re1fy,15,无粉丝牌,fgnb
birdnotfly,21,无粉丝牌,等一下，我老公呢
Alex小波,25,小僵尸,FGNB
绿野鲜粽,20,小僵尸,我老公呢
Zz质能大千,18,小僵尸,fgnb
老老马马马马马,1,无粉丝牌,皮没了
黑無常,5,000,666666
猛娚天降,13,小肚皮,得罪了方丈还想跑？
龙神一蹦惊天地,1,无粉丝牌,枫哥牛逼
心里有鬼,14,小僵尸,6666666666666666
Lazarus96,7,小僵尸,宝哥还没上来吗？
斗鱼用户LysJlrQF,1,无粉丝牌,等一下？等一下就死了
WonderfulUZP,22,小僵尸,等一下？？？
明月无边,11,无粉丝牌,江湖等不聊的！
微微豆莱,25,小痒虫,FGNB
你和Mary还一起talk吗,23,影魔王,66666666666666
三尺微命v,10,无粉丝牌,这手速起飞
長期幫小學生欺負同學,17,无粉丝牌,36计
大师兄抱紧我,7,无粉丝牌,出现了
秦锵锵,17,小僵尸,等一下 我老公呢
土土兔王座,14,小僵尸,三级甲
丶Agnes,22,无粉丝牌,哈哈哈哈哈哈
w5891582,6,无粉丝牌,fgnb
zxx287,18,小僵尸,死
枫哥头上能跑马,15,小僵尸,等一下，我队友呢
炎焱氼炎焱,20,小僵尸,哈哈哈
COCOMINI,7,无粉丝牌,哈哈哈啊哈
91虎先生,27,周双虎,出现了
AurumK,26,小僵尸,FGNB
傻娜酱,3,无粉丝牌,hhhhhhhhhhhhhhhhh
免税五花肉,7,无粉丝牌,这就是江湖啊
青人,25,小僵尸,。。。。。。。。。
六道克克,21,小僵尸,哈哈哈哈哈
远离枫暴浩劫,26,无粉丝牌,等一下
依马偎斜桥,3,无粉丝牌,6666666666666
kingbox40,20,小僵尸,FGNB
lifelover,24,无粉丝牌,真实
甜心小辣椒,11,小僵尸,牛逼
枝语暮杨,15,无粉丝牌,雷了
叶落浮萍,27,小僵尸,fgnbfgnbfgnbfgnbfgnbfgnbfg
蒜蓉胖头鱼,18,小僵尸,死！
那一把好姜,8,无粉丝牌,fgnb
不要糾結這8個字,12,小僵尸,哈哈哈哈哈
hahao1233,15,无粉丝牌,fgnb
将军之歌,16,小僵尸,哈哈哈
neroxpluto,10,无粉丝牌,fgnb
LPY666,5,无粉丝牌,老b一群乱舔
僵尸王rua岑,18,小僵尸,就这？
囧囧之王王,2,无粉丝牌,FGNB
BeginAgain17,20,小乌贼,丢人了呀，兄弟
CXIApril,27,小乌贼,衣服又要换了
蜡笔小新ac,21,小僵尸,这是黄翔说的高手？？？？？？？
逐星者的静谧,9,影魔王,哎，丢人啊
魔理沙偷走了什么,21,小僵尸,这不是东方不败啊
myaya1,8,无粉丝牌,等于说东方不败打不过峰哥
欧阳健521,14,小僵尸,66666666666666
淑爹源妈最疼我,32,小僵尸,FGNB
不知道我的温柔,17,小僵尸,这也叫高手
叫我舔才就好了,19,小肚皮,哈哈哈哈
阿冷两只小猪,23,阿冷,fgnb
馄饨骑士月巴,23,小僵尸,牛逼哈哈哈
MeMe丶Sun,20,小僵尸,等一下
xyhzzz,12,小僵尸,等一下
Th9526,21,小僵尸,哈哈哈66666666666666666666666666
emrua,6,无粉丝牌,fgnb
秦缺与秦川,15,全针,无影手lei了
gongshuoran,16,修仙迪,梦遗
该吃饭了ii,1,无粉丝牌,fgnb
祝之君,20,小僵尸,哈哈哈
大周股民小龙,22,女流,高手？
vk5523694,12,无粉丝牌,江湖败类
鹤唳茶芳,23,猛男,FGNB
美味蛋黄酱,16,小僵尸,Fgnb
opigye,7,无粉丝牌,FGNB。
ssssssbxp,14,小僵尸,枫哥单挑已经很叼了
Gameislive,7,无粉丝牌,羊入虎口，还想等一下
Mario丶焱枫,31,小僵尸,等一下 我老公呢
Akatsukich,20,小僵尸,斯内克人呢
猫九的喵九丶,10,无粉丝牌,得罪了方丈还想跑？
丶无爱无恨,7,无粉丝牌,东方不败就这？
PepsiCoRUA,34,小僵尸,哈哈哈
阿萨姆QAQ,19,小僵尸,无情冷枫
xpf960930,12,小僵尸,FFGNB
漠漠Z,10,XDD,等一下可以
连清人10736,1,无粉丝牌,宝哥自闭了啊
lq5236637,5,无粉丝牌,西毒欧阳锋
请你把我打皱,6,无粉丝牌,fgnb
好像生气了,5,无粉丝牌,等一下我老公呢
qq1334540036,19,小僵尸,哈哈哈
老陈你又在OB了,16,小僵尸,fgnb
陆牧灬,25,小僵尸,等一下 等一下 哈哈哈哈
艾迪QAQ,30,Quin,233333333
忠诚的小僵尸,24,小僵尸,高手等一下
AlthrieS,14,小僵尸,笑死我了
小戴0693,15,小僵尸,这也算高手？？？？？
宝贝岑岑云健身,18,猛男,这也太快了
吃着西瓜上着分,8,小僵尸,66666666666
王者B,5,无粉丝牌,那个东方不败很猛？？？
胖头鱼头重两百斤,27,小僵尸,Fgnb
XanaduF,22,小僵尸,东方不败不过如此
缘磬,24,无粉丝牌,等一下  我老公呢
夜半修仙233,14,无粉丝牌,完全不是峰哥对手
没有名字的孙同学,11,无粉丝牌,啥游戏
lyttricks,20,无粉丝牌,出现了出现了
2JEFF,10,无粉丝牌,等一下我老公呢
z2110568,18,小8路,打不过跑了。
pdslcd,13,小僵尸,出现了
你的健康顾问大黑,19,无粉丝牌,峰哥牛逼
Zwei_sR4,18,无粉丝牌,等一下
JasonNaomi,4,无粉丝牌,风格牛逼
游鱼酱,9,无粉丝牌,叫人了
瓜瓜的117号技师,23,小渣男,哈哈哈哈哈哈哈哈哈哈哈哈哈哈哈
丶Agnes,22,无粉丝牌,哈哈哈哈哈哈哈
吊车小司机,1,无粉丝牌,这个假的东方不败
小僵尸他lei了,16,小僵尸,叫人了
缘磬,24,无粉丝牌,等一下  我老公呢等一下  我老公呢
随风啦啦啦啦,5,无粉丝牌,bgm加成
你很别致哟,25,小僵尸,哈哈还把
空空你是,17,小僵尸,等一下  我老公呢？
肖英俊001,10,阿冷,旁友，等一下
丶萨麦尔,22,矮酱y,等一下，等一下，我老公呢
NY臣本布衣,20,小赢僧,四大扒皮恶人。。。
JETxMark,3,无粉丝牌,我看到了三级甲
僵尸集团军来袭丶Rua,25,小僵尸,好几把都有这个逼啊
Msddnz,13,无粉丝牌,难念的经 难念的经 难念的经
920340050,2,无粉丝牌,重剑没技能，打不过双刺
Hero灬鬥鱼,4,无粉丝牌,fgnb
机智喵大仙,24,小僵尸,Fgnb
TwistedFate丶1,24,无粉丝牌,这衣服真好看
柿Kakichoco,20,小兰人,就这？满血吊打？
吃着西瓜上着分,8,小僵尸,枫哥牛逼
豆不喜欢,14,小豆包,高手？？
请输入昵称炼仔,2,无粉丝牌,换衣服
Alex小波,25,小僵尸,叫人了
梦断廊桥梦,26,小僵尸,换衣服
艾迪QAQ,30,Quin,巨龙
心理病人2018,1,无粉丝牌,四大名捕
阴晴天丶,16,小僵尸,摇人了
污昂王子恩政,8,无粉丝牌,等不了呀
星期三的月亮,27,小僵尸,叫人了
樵梓,25,小肚皮,不是
Grady果果,20,小僵尸,喊人来了
llllin,10,无粉丝牌,FGNB
你屎临到头啦,7,小僵尸,叫人了
名扬天下刘皇叔,15,小僵尸,摇人了
AlthrieS,14,小僵尸,叫人了
豆豆唯一指定男朋友,20,一发,等一下我老公呢
圣西罗的夜夜,7,无粉丝牌,有人来了，埋伏
eegassffa,11,无粉丝牌,退一下哈哈
1106878208,21,无粉丝牌,东方不败扑街
Readabc,11,小僵尸,66666666666666
Th9526,21,小僵尸,仙剑奇缘真的燃
JamesRomo,34,骚飞,东方不败不厉害啊
仟秋未央,17,小僵尸,每杀一个就扒衣服
domsamg,33,小僵尸,XJB舔
沉土随风,1,无粉丝牌,东方不败暴打巨龙，峰哥暴打东方不败
池早早早早,22,无粉丝牌,救救宝哥啊
呀巴扎嘿,34,小僵尸,人摇人了
kent3fire,7,小僵尸,峰哥牛逼
路壹Lu1,11,小僵尸,宝哥人没了哈哈哈哈哈哈
斗鱼用户eGAlLKha,1,无粉丝牌,梦遗大师
一如往昔,16,无粉丝牌,叫人了
黑暗游侠饺子,23,小緑帽,gg be
连清人10736,1,无粉丝牌,宝哥自闭了
树下雨中,29,小僵尸,fgnb
cp526914354,21,小人参,等一下我老公呢
哎呦我天没名字了嘛,19,小僵尸,笑尿了
COCOMINI,7,无粉丝牌,宝哥还卡着
丿茕茕白兔,20,集团军,叫人了
请你把我打皱,6,无粉丝牌,三级甲舔没了
远野物语_lunatic,6,无粉丝牌,东方不败就这水平？
wujinghang886,14,无粉丝牌,三级甲舔完了哈哈哈哈哈
练车的司机,17,小僵尸,守着啊
灬柠灬夏,9,无粉丝牌,得罪了方丈还想走？
免卡上车的红领巾,19,霸天虎,这人ID好眼熟啊
淡沫123123,19,小僵尸,直接死的 哪有队友。。。
萌村村长,32,女流,报仇的来了，快撤
第二十一年秋分,14,耀西,扫地僧
安鎮坂Fish,13,小僵尸,江湖不等
冷OCC,18,无粉丝牌,叫人了啊
孤独枫中一匹狼,13,小僵尸,宝哥卡住了
蒜蓉胖头鱼,18,小僵尸,摇人了！
叫我信仰就好了,26,小僵尸,摇人了
苟就完事了,21,无粉丝牌,摇人了
zhouye27,5,无粉丝牌,等人来啊
JerryHA0,28,小僵尸,四大恶人
免税五花肉,7,无粉丝牌,这就是江湖啊。。
掘地求升,20,小僵尸,守尸啊
你要撞壁吗,21,小僵尸,不是直接死的吗
gongshuoran,16,修仙迪,法号梦遗
铭仔阿铭,23,小僵尸,他直接死的哪来的队友
Grady果果,20,小僵尸,摇人来了
Ty丶剑神,12,无粉丝牌,10分钟可以换三套衣服。峰哥牛逼!
laowucny,13,小僵尸,宝哥没了哈哈哈哈
龘焱淼森饕餮魑魅魍魉,2,无粉丝牌,66666666666
终焉来临之时,12,小僵尸,叫人了
气不气呀呀呀呀呀,17,小僵尸,摇人了
夜雨空梦,17,小僵尸,叫兄弟了呀
心灵的追念f,9,无粉丝牌,宝哥人了
超级肌肉狗,1,无粉丝牌,宝哥呢
a154881112,22,小緑帽,宝哥上不来。。。
AtlantisJuem,26,小僵尸,宝哥呢
世事繁华f,12,小僵尸,宝哥自闭了
不吃鱼的猫cat,18,小僵尸,蛇呢
Rorypond,14,小僵尸,把他队友收了
疯狂小子,5,无粉丝牌,有几把队友
slp丶fargo,20,小僵尸,报个没了
twoeatone,26,小僵尸,报点=送
Lovpodtt,1,无粉丝牌,这是假的东方不败把
季非殇,15,尧顺宇,摇人了
Carter15,24,小僵尸,斯内克在悬崖面壁
艾迪QAQ,30,Quin,宝哥呢。。。
抱影,15,小僵尸,舔了3套衣服
卵子都秀飞了,14,小僵尸,舔包舔亏了
史努比灬,18,小赢僧,宝哥人呢
不要糾結這8個字,12,小僵尸,宝哥又跑了
上去一顿乱rua,21,小僵尸,去学啊
无脑僵尸Eric,14,一发,四大恶人
洛丹伦的沉沦,15,小僵尸,等他们来呀
连清人10736,1,无粉丝牌,宝哥自闭了啊
Akatsukich,20,小僵尸,不是，斯内克人呢
dyw112c,23,无粉丝牌,龙神把三级甲舔掉了
表面兄第,14,无粉丝牌,摇人了
LoSuny,19,无粉丝牌,学心法去啊
zzdeyan1,22,小僵尸,这也叫 高手 了1
zlasdfg,15,无粉丝牌,摇人了
Hentai小绅士熊吉,19,小僵尸,直接死的有队友？？
丶无爱无恨,7,无粉丝牌,宝哥在哪啊
烟鱼雨云,21,小痒虫,你们少个人啊
swc099,16,小僵尸,每人理我宝哥 哈哈
藕酱的小板凳丶,22,小肚皮,宝哥怎么回事
任性Zzzz丶,25,小僵尸,摇人了
ヅ北港の夏天ˇ,12,小僵尸,难念的经bgm啊
天依寰,6,无粉丝牌,宝哥不见了
道术之隙,7,无粉丝牌,斯内克呢？？？？
小屎Roy,23,集团军,宝哥呢？？？？
怎么又在OB啊,30,集团军,还是个高手呢
理想国活死人,7,不自觉,宝哥呢
wancy133,12,无粉丝牌,宝哥在干嘛？
MurricaneXX,23,小僵尸,宝哥关了
喀纳斯之恋,9,小僵尸,宝哥还没出来吗
武田老师的瓦萨比,19,武美娘,蛇还卡着呢么
蒜蓉胖头鱼,18,小僵尸,宝哥呢？
远离枫暴浩劫,26,无粉丝牌,帮我报仇
唯美的画面,26,小僵尸,宝哥呢
有钱就变坏,19,小僵尸,没人关心宝哥啊
人品帝哈,17,无粉丝牌,宝哥呢
囧囧之王王,2,无粉丝牌,他这是在拉赞助呀
COCOMINI,7,无粉丝牌,就救宝哥啊
ImbaTV场控,17,小8路,直接死的
夜郎阿郎,1,无粉丝牌,宝哥还卡那里了
ASH9559900,17,小僵尸,宝哥 回不来了
小点子王丶,14,小僵尸,斯内克人呢
硬骨鱼,13,无粉丝牌,带恶人
风吹沟子凉,10,无粉丝牌,宝哥自闭了
你屎临到头啦,7,小僵尸,宝哥。。
花果山大大王61979,1,无粉丝牌,这游戏舔包没危险真是太赞了
灬柠灬夏,9,无粉丝牌,宝哥。。。。
放纵的颖,7,小僵尸,🐍拿来了很多药，，你和他要呀！！！！！
努撸一杯,13,小僵尸,宝哥不见了
OB之王陈炎川,19,小僵尸,宝哥呢？
Zard的嘿嘿真好听,20,干物喵,这个B上把被峰哥杀过呀
陈四四,22,无粉丝牌,哈哈哈哈3级甲舔没了
禾子与凛,12,小僵尸,宝哥呢
这只是个皮皮,21,小星雲,风紧扯呼
妹皇乌帝,16,小僵尸,都死了一个怕毛
小莫他爷爷,16,久哥哥,宝哥 哈哈哈
黑暗游侠丶昔痕,24,小僵尸,摇人了
疯狂小子,5,无粉丝牌,直接死的哪来的队友
夜半修仙233,14,无粉丝牌,宝哥没了
RexChooo,31,小僵尸,宝哥挂机了？
不要笑我丑,17,小僵尸,宝哥上不来了 哈哈哈哈
低調你懂嘚,17,小僵尸,《当阳常志此心丹》这首歌是龙神专属
黄浦江畔丶吃牛,21,小僵尸,宝哥被关了
痞子姓汤,20,小僵尸,宝哥自闭了
一ddos,18,一发,摇人了
缘来我叫白胡子,26,196,宝哥呢
名字怎么都被取走了啊,9,小僵尸,宝哥
洛丹伦的沉沦,15,小僵尸,等他们来呀！！！
dzwjk,8,小僵尸,😂真是的江湖
苟就完事了,21,无粉丝牌,少了个人
连清人10736,1,无粉丝牌,宝哥自闭了
ericzxc,20,无粉丝牌,宝哥在干吗
司野胖胖胖,5,无粉丝牌,宝格卡住了
项家大少,9,无粉丝牌,就这龙神说好强，可见峰哥牛逼
憋尿神功,28,小緑帽,宝哥人还在那边
小舟阿,19,小僵尸,宝哥还在那儿
蓝桥123a,11,无粉丝牌,🐍呢？
zxc312118,19,小僵尸,宝哥人没了
陪伴豆丶小兽医,33,小豆包,风紧扯呼
微微豆莱,25,小痒虫,摇人了，快撤
Cinde丿Nuo,1,无粉丝牌,直接死的
401丶午夜棒棒糖,30,401,宝哥上不来了
0912346x,14,小僵尸,斯内克在悬崖面壁
桂花树,19,小僵尸,蛇还卡在那
青山笼愁深,13,大马猴,学金刚经啊
第二十一年秋分,14,耀西,圆真
吃着西瓜上着分,8,小僵尸,宝哥去哪儿了？？
誰明浪子訫,26,嗨粉,素质好低  守尸
小僵尸啵啵怪,31,小僵尸,🐍卡住了 你们去帮帮
梦断廊桥梦,26,小僵尸,换衣服
柚的sunny,18,小僵尸,宝哥自闭了
gto20080315gba,2,无粉丝牌,蛇哥还在那
夕夏温良,19,小僵尸,蛇哥还在卡
妞妞霁天,12,小荔枝,得罪了方丈还想跑。
水中放水,12,无粉丝牌,宝哥还没上来吗
gaogeyu8108,12,无粉丝牌,用枪啊
纯白色的黑暗,10,无粉丝牌,宝哥又死了
88disco,14,小僵尸,宝哥呢
Uniyield,12,无粉丝牌,宝哥在看风景
SoneLeea,22,无粉丝牌,宝哥凉了
JETxMark,3,无粉丝牌,宝哥不见了
周呵呵呵呵呵,16,小僵尸,宝哥卡死了 笑死我了
请你把我打皱,6,无粉丝牌,宝哥。。。。
时代曲1995,3,小僵尸,队友呢？唉队友呢，队友呢。。。
11223581618,1,无粉丝牌,转移话题黑了3级jia
觅风痕,22,点子王,宝哥在干嘛
蜜制艺术家,23,小僵尸,他们少人啊，不怕，能打
翔炸天,2,无粉丝牌,巴不得赶紧喊人
wujinghang886,14,无粉丝牌,你们别说宝哥了啊
不说谎的欺诈师,11,小僵尸,他不是直接死的吗
nononnnnnn,18,小僵尸,斯内克呢 哈哈哈、
颜_Whatever,35,无粉丝牌,武侠时装秀
陆牧灬,25,小僵尸,不是 宝哥呢
独秋,5,无粉丝牌,他直接死的。。吓你们的
游泳健将Rua,11,小僵尸,宝哥 自闭了
阿银喵,33,无粉丝牌,斯内克
捕鱼达人丶EM,26,无粉丝牌,斯内克在搞毛
PepsiCoRUA,34,小僵尸,点子王宝哥
一曲醉人心,16,无粉丝牌,宝哥呢
星期三的月亮,27,小僵尸,蛇哥在干嘛
游鱼酱,9,无粉丝牌,斯内克
叫我信仰就好了,26,小僵尸,斯内克。。。。
1163582002,5,无粉丝牌,宝哥自闭了
老陈你又在OB了,16,小僵尸,摇人了
皮卡丘de消失,14,无粉丝牌,宝哥卡住了
我叫苏楚威,12,小僵尸,真的不理宝哥了？
心理病人2018,1,无粉丝牌,四大名捕啊
苍白饕餮,13,无粉丝牌,一支穿云箭，千军万马来相见
圆滚滚啊圆滚滚,24,无粉丝牌,宝哥呢
1457319920Q,22,全针,呸 还高手？
桑切斯Sanchaz,8,小僵尸,fgnb
头酱大笨蛋丶,40,小僵尸,宝哥。
难以实现的梦想,20,小僵尸,宝哥呢
SeeSaWw,7,小僵尸,宝哥呢？
沐榭,17,无粉丝牌,进去念经啊
雅痞的疯子,7,无粉丝牌,宝哥卡住了
僵尸王rua岑,18,小僵尸,去救宝哥啊
艾迪QAQ,30,Quin,宝哥刚才卡住了，现在人都没了
无脑僵尸Eric,14,一发,这怕是个假的东方不败
wo丶在金牛湖畔,16,小僵尸,蛇凉了
James_XDD,5,无粉丝牌,宝哥自闭
gaowei789456123,7,无粉丝牌,斯内克在干嘛
魔理沙偷走了什么,21,小僵尸,宝哥在玩你妈呢 
免税五花肉,7,无粉丝牌,。。。。。。
次手,12,无粉丝牌,放明月天涯放明月天涯放明月天
萌萌的大梦mua,29,小痒虫,报个人没呢哈哈哈
twoeatone,26,小僵尸,宝哥去探险了
1106878208,21,无粉丝牌,宝哥
秋名山阿强0,18,小僵尸,宝哥自己了
最爱小缘的小小峰,24,196,龙神：这个人是高手，好猛
孔伯尼,2,无粉丝牌,。。。。
山与海丶千夜,21,小僵尸,峰哥赶紧换衣服啊 
gaogeyu8108,12,无粉丝牌,枪厉害
超凡尔,20,寅子,宝哥卡了五分钟没人理
痒痒跟我合租了解一下,15,集团军,宝哥人呢哈哈哈哈哈哈
谁翻手倾覆盛名垂千古,13,无粉丝牌,宝哥自闭
污昂王子恩政,8,无粉丝牌,得罪了方丈还想跑？
1219丶扶朕起来,22,蘑菇,斯内克
LPY666,5,无粉丝牌,蠢宝自闭了
霹雳油条麦克李,16,集团军,大理寺办案
游泳健将点子王,21,小僵尸,宝哥哈哈
每天回家一个人宅,30,小僵尸,宝哥生日快乐
国服第一蓝猫姜岑,5,小僵尸,淫僧姜岑
烟鱼雨云,21,小痒虫,你们没发现少个人吗
cui568239967,11,无粉丝牌,问此山是否只有此山最高
十离之殇丶,20,小僵尸,斯内克
Explosion,15,无粉丝牌,直死的有个屁队友啊
wabgzhi2015,34,小僵尸,斯内克
请输入昵称炼仔,2,无粉丝牌,宝哥，生日快乐
Ty丶剑神,12,无粉丝牌,宝哥困了?
唯一的注视,26,小僵尸,.。。。
怪诞乌鸦灬,27,小僵尸,斯内克
乄还有谁乄,23,小僵尸,宝哥卡住了
wujinghang886,14,无粉丝牌,你们别骂宝哥啊
斗鱼用户chirZODP,1,无粉丝牌,宝哥自闭了
yxlolxy,11,无粉丝牌,蛇哥在干啥
孔伯尼,2,无粉丝牌,卡自闭了
红芯2,18,小僵尸,宝哥还卡在那
枫剩的午餐,30,小僵尸,宝哥还在那里 哈哈哈哈
终究不见,9,无粉丝牌,哈哈哈哈哈哈哈哈哈哈哈哈哈哈哈哈
你瞎啊你瞎啊你你瞎啊,4,无粉丝牌,宝哥闭关了
BladeWolf,20,全针,包呢
小舟阿,19,小僵尸,宝哥一直卡在那里
天依寰,6,无粉丝牌,宝哥自有妙计
猛娚天降,13,小肚皮,宝哥想办法了
落来处眠156,5,小僵尸,宝哥真傻
我在未来等你33370,6,无粉丝牌,宝哥自闭了
大喵记得说多谢26,9,小僵尸,三级甲舔没了.天秀啊
笑白生,1,无粉丝牌,意思每次舔包都要换衣服
我呗,22,无粉丝牌,让斯内克变盒子吧
Sooooooying,14,不自觉,哈哈哈哈哈还是动不了
WonderfulUZP,22,小僵尸,宝哥：这把没我
老老马马马马马,1,无粉丝牌,宝哥自闭了
csab007,17,无粉丝牌,宝哥在悬崖面壁思过
wo丶在金牛湖畔,16,小僵尸,哈哈哈
200斤不含头马格纳枫,14,无粉丝牌,宝哥真自闭了
李弎蛋,17,小僵尸,峰哥是真大腿
微微豆莱,25,小痒虫,宝哥。。。。
1113132,10,小僵尸,宝哥自闭了啊
1203205900,8,小僵尸,snake快坐化了
憋尿神功,28,小緑帽,叫宝哥把药丢下来啊
钝锋小刀,17,渔子溪,哈哈哈哈
小Coco酱,23,401,宝哥生日快乐
qq_EWO0X9,16,无粉丝牌,一身装备死了
连清人10736,1,无粉丝牌,宝哥自闭了
难能可贵的坚持,1,无粉丝牌,我给你们说 这游戏乐趣之一就是宝哥
Vammmmmmm,7,小僵尸,自闭了
我不叫傻鱼,13,小僵尸,快去救救宝哥吧
此ID已复存在,17,小僵尸,宝哥。。q
唯一的注视,26,小僵尸,跳崖了
acm1990,26,小僵尸,宝哥生日快乐
老男孩19739,6,无粉丝牌,西毒欧阳锋！
碳烤胖头鱼RUA,18,小僵尸,...
硬骨鱼,13,无粉丝牌,掉下去了卧槽
气不气呀呀呀呀呀,17,小僵尸,添一下
Silhouette4V,20,小肚皮,斯内克是真的蠢唉
司野胖胖胖,5,无粉丝牌,自闭了
o安晓瑜,19,小僵尸,"救救宝哥吧<img class=""chat-emotion"" rel=""dy102"" src=""https://shark.douyucdn.cn/app/douyu/res/page/room-normal/face/dy102.png?v=20170626"" />"
秋名山阿强0,18,小僵尸,自闭了
故我,10,无粉丝牌,宝哥自闭了
小镰刀的绿帽,18,小僵尸,y宝哥笑死我了
鲨丨鱼辣椒,23,小僵尸,是内克想办法了
衣袂临风,25,小僵尸,你在哪（我要舔包）
早起的鸟儿梆硬,20,小僵尸,宝哥真傻屌
忆往曦,28,徐薇,虚竹在睡梦姑 别稳
你很别致哟,25,小僵尸,斯内克真的蠢
魔理沙偷走了什么,21,小僵尸,这他妈玩你妈呢
liyuanhanga,12,无粉丝牌,换装游戏
ASH9559900,17,小僵尸,自闭了
艾迪QAQ,30,Quin,心疼宝哥
恼羞成怒,22,小緑帽,斯内克
pp416,13,小僵尸,233333333333
wu100235,12,小僵尸,点子王
深海住民nbex,4,无粉丝牌,下马啊
斗鱼用户7RyVLycN,1,无粉丝牌,马接一下
Murieldongyingjie,19,小僵尸,寺内可
请你把我打皱,6,无粉丝牌,宝哥喜欢一个人去
连清人10736,1,无粉丝牌,宝哥自闭了，。。
依马偎斜桥,3,无粉丝牌,斯内克
豆豆唯一指定男朋友,20,一发,宝哥在干嘛啊，下马啊
wujinghang886,14,无粉丝牌,宝哥被你们说自闭了啊
GoGoRKO,22,无粉丝牌,听声音是自闭了
气不气呀呀呀呀呀,17,小僵尸,快去添宝哥
Zhou_EyM,22,小僵尸,宝哥哈哈
无脑僵尸Eric,14,一发,宝哥真是有意思
fanyudexin,14,无粉丝牌,宝哥也不参战，一顿舔，然后死了。
domsamg,33,小僵尸,宝哥凉了半天了
l183331,11,无粉丝牌,宝哥是真的蠢，蠢B死了就死了
星期三的月亮,27,小僵尸,宝哥自闭了
夜半修仙233,14,无粉丝牌,自闭了
ericzxc,20,无粉丝牌,宝哥23333333
冷雨凉宵,21,小僵尸,想舔包
baushgakbjfb,6,无粉丝牌,自闭了 哈哈
转角过后C,13,小僵尸,宝哥自闭，哈哈哈哈
山中猫,18,小乌贼,宝哥卡住了
AtlantisJuem,26,小僵尸,宝哥真的
王子丶杀手,14,小僵尸,斯内克
OB真的不难受吗,31,小緑帽,宝哥是真的蠢
淑爹源妈最疼我,32,小僵尸,宝哥是真的蠢
馄饨骑士月巴,23,小僵尸,去舔宝哥的包！
不要糾結這8個字,12,小僵尸,救（舔）一下
池早早早早,22,无粉丝牌,宝哥哭哭惹
终焉来临之时,12,小僵尸,点子王
昨日的誓言ㄣ,18,小僵尸,我服了
迷上了,14,小僵尸,沙壁宝
单排就是克制,18,小僵尸,宝哥哈哈哈哈哈哈
半夏小五,8,猛男,黄飞鸿的歌了解一下
菜狗才叫的多,11,无粉丝牌,宝哥在干jb
o安晓瑜,19,小僵尸,。。。。。
Dreamcatcher123,9,小僵尸,宝哥 一套双刺功法  
112121212141548484,1,无粉丝牌,蠢逼
OGMaxwell,16,小赢僧,宝哥真是菜
飞飞飞飞娜,45,小僵尸,死得好
难能可贵的坚持,1,无粉丝牌,宝哥真的要玩出一朵花
我是你的saber酱,15,小僵尸,🐍还在哪个桥哪里吗
JETxMark,3,无粉丝牌,自闭了
花果山大大王61979,1,无粉丝牌,其实想舔
PepsiCoRUA,34,小僵尸,点子王宝哥
qwetank,13,无粉丝牌,救一下（等死了舔包）
OnlyonlyO,13,无粉丝牌,自闭经脉
l878384138,1,无粉丝牌,啥游戏
Grady果果,20,小僵尸,宝哥舔着舔着人没了
ohanatyann,14,小僵尸,救一下（舔
逐星者的静谧,9,影魔王,救救宝哥
Kevin93779,1,无粉丝牌,幸好没了  不然还要坑
僵尸集团军来袭丶Rua,25,小僵尸,舔一下
qwe1643244732,8,无粉丝牌,笑死了
连清人10736,1,无粉丝牌,宝哥自闭了
你瞅啥v胖头鱼,34,浪B鹏,宝哥天天卡死
szdtone,7,无粉丝牌,这个蠢货
foookend,11,无粉丝牌,宝哥玩的是个几把啊
westrange,17,小僵尸,救（舔）
国服第一蓝猫姜岑,5,小僵尸,淫僧
小缘喵老师教你们啵啵,19,小僵尸,死了好
宇多真治,7,无粉丝牌,蓝洞为了针对峰哥背包都改小了
韶华镜中池,13,小肚皮,宝哥自闭了
小舟阿,19,小僵尸,宝哥好狠啊
进入过范冰冰的身体,2,无粉丝牌,宝哥不能骑马
一怒超鬼丶,18,小肚皮,宝哥的包要舔啊
mastertibbers,8,无粉丝牌,这把吃鸡了 蠢逼死了
练车的司机,17,小僵尸,才想起来宝哥
扬州奇迹哥,9,小僵尸,老秃驴
Alleria丶Windrunner,23,小僵尸,飞马
MurricaneXX,23,小僵尸,面壁
安鎮坂Fish,13,小僵尸,笑死我了
zftaaa111,12,小僵尸,宝哥 东西一添 我卡死了
锈剑行天下,24,小僵尸,快去舔
