Leoric999988,12,无粉丝牌,09比麻花藤还恶心
刘真新他爸爸,3,无粉丝牌,曹绍廉我知道你在看
735086420,17,小乌贼,这次TI就没准时的
米米米米米米米米兰,12,无粉丝牌,龙神去安排了
激情鼎沸,2,无粉丝牌,vp和液体被黄旭东奶了
拿饭盒少年,12,彼哦,胖头鱼：说出来你们可能不信，我忘记开麦了
Louder78,6,无粉丝牌,度假设
jklou09,12,小僵尸,8老板之后国内一直没出现一个统一江湖的大哥
书剑风尘,8,无粉丝牌,强行准时
馒头mantou,17,武美娘,老干爹得几点了啊
喵怕丝,15,小僵尸,鸽亦是一种不鸽
Unidentified,4,小乌贼,少一个啊
山高水深zgl,12,小僵尸,贪吃蛇呢
天弹,13,猛男,蛇哥要睡到lgd比赛打完
nastyfred,12,小乌贼,PPY、KKY都是和你一个时代的人啊566
名字吊,28,小乌贼,斯内克吃饭去了
艾瑞达之王,12,无粉丝牌,鲷宝 
Unidentified,4,小乌贼,宝哥呢
把妹丶KMJ,4,无粉丝牌,今晚有人干吗？今晚有人干吗？今晚有人干吗
Dekkkkkk,16,无粉丝牌,电子竞技为什么没有准时，职业精神差点意思
穆克拉的大蕉蕉,15,小僵尸,开始咚咚咚
尚美行,6,无粉丝牌,加拿大人 也和印度人一样吗 都是这样 不守时的啊
激情鼎沸,2,无粉丝牌,vp回家。液体估计还赶飞机了
椎名真白乀,15,无粉丝牌,谁的麦 带回音
zd5161206,4,无粉丝牌,做商人没一个有09的成绩的！浙大出来的脑袋还是好用啊
Enid666,6,无粉丝牌,真的不ban蜘蛛吗
纳叶呗巴依,23,无粉丝牌,打完这场还有cosplay大赛卧槽
DK小朋友,15,小僵尸,怎么声音最大那个不见了
一大一卜,18,小乌贼,做教练也跟不上了，最多做老板了现在
又到了JP的season,19,小赢僧,看了820纪录片现在看566都有点不习惯
沉睡的双眼皮,4,无粉丝牌,黄大仙法力无边
queen55555,12,无粉丝牌,来了
月光族的时候,18,无粉丝牌,拳击手咚咚咚
ggggm,13,小僵尸,大战
失去连接小伙子,4,无粉丝牌,这届要先捶了李逵啊
小鹅掌敲大猪头,18,小緑帽,别划了呀
1095190622,4,无粉丝牌,09线上拳击手和kky还在打，哎
肯定去朝鲜半岛好啊,17,影魔王,今年有没有新英雄？
常常去安慰别的人,15,小8路,把液体 干了  秘密
残留的躯壳,22,集团军,谁说没有准时，没看过震中杯？
认为主播是猪的请扣1,42,无粉丝牌,还在吹09？
蓬莱山輝夜姬,11,无粉丝牌,看了七年ti 就没有准时过
岸上游的鱼,12,无粉丝牌,想看一场再睡，明天7又要起来，纠结
阿宽和Gakki是不可能的,12,无粉丝牌,三幻神是哪三个？
芳苑家的五毛钱,19,小僵尸,357比566大。别人还做的风生水起
1234564aaa,15,小肚皮,乌总 09婚礼你去吗
失去连接小伙子,4,无粉丝牌,最怕李逵越打越勇啊
纠结触动了心弦,14,小僵尸,怎么就三兄弟。。。。。
月之暗面xy,21,影魔王,bo几
黄桥人家666,12,无粉丝牌,哪有一个时代，dota1乌总还打好几年啊
海泽小轩10,2,无粉丝牌,现在直播可以啊，为什么要再看ti流口水
n8847,15,无粉丝牌,别看了 上班重要
听一首歌,17,无粉丝牌,这个kuroky 以前在mym就打上了！！！！！！！！
激情鼎沸,2,无粉丝牌,黄旭东的毒奶应该是稳的z!!!!!
一舉鯨濤快哉風,22,小乌贼,09是哪届冠军
zd5161206,4,无粉丝牌,8老板现在就划划就行了啊！开心就好
遗忘之铭,23,小乌贼,357 85年的
小鹅掌敲大猪头,18,小緑帽,赶紧2：0看lgd
脑残喷子的野爹,17,影魔王,老陈
VS一直都在等820选她,23,小乌贼,拳击手的陈打了八年了啊
kanKt,11,小乌贼,讲道理 puppy跟kky还是比820玩
woqunimajia,4,无粉丝牌,gtmd秘密
埃及OK鱼,7,无粉丝牌,老干爹一选黑工的啊
n8847,15,无粉丝牌,7点要上班的 
西行寺妖忌,7,无粉丝牌,三幻神之战开始了
愔梦殇孤单一人,9,无粉丝牌,烟，槟榔，肯德基，冰可乐，哪个大哥帮我买下
能别天真么,21,小乌贼,乌总 你不退 现在也是拳酱了呀
拿饭盒少年,12,彼哦,566自己都说了，是个俗人
小桃孜,50,小乌贼,U赢电竞呢 火箭该来了
不动明王伊卡尔迪,22,小乌贼,起早了我擦，才两点
ludwigging,16,小乌贼,我也觉得
ianwatkins36,15,无粉丝牌,小鹿啊
梦里蓝天阿,13,无粉丝牌,小鹿阿
水火谈,12,小乌贼,OB这6个人对于游戏的理解没人能比的上
牙上有饭,15,无粉丝牌,秘密感觉完全不是李逵对手啊
Leoric999988,12,无粉丝牌,09跟浙商学的啊
破阵江城子,9,无粉丝牌,puppy？就是当年A队的那个？
爿走鱼尾纹,12,海草儿,@papi酱
lbj026abc,4,无粉丝牌,gh来牛啊
Louder78,6,无粉丝牌,今天奇迹哥在玩小黑
Jiunhau,14,无粉丝牌,gtm秘密
zd5161206,4,无粉丝牌,老干爹今天赢了就直接进决赛了！加油
闪烁_qq,5,无粉丝牌,为什么ppy打了8年还那么厉害
uranusb,13,无粉丝牌,小鹿不错，能恶心陈
人艰不黑,12,无粉丝牌,水人
岸上游的鱼,12,无粉丝牌,看20分钟
梦里蓝天阿,13,无粉丝牌,小鹿克陈阿
皓腕凝霜雪nx,16,小乌贼,拉的翼神大战奥西里斯的天空龙
ob海鲜饭,10,影魔王,蜘蛛兔毛
拿饭盒少年,12,彼哦,u赢电竞它马上就要lei了
ludwigging,16,小乌贼,当教练实现梦想很好，做直播我们看的也开心
碳烤胖头鱼RUA,18,小僵尸,PAPI是navi的啊
金色的寒冰,4,无粉丝牌,看了纪录片
196缘来是你,14,小僵尸,lei了
一大一卜,18,小乌贼,大龙去eh的时候，就背了一麻袋槟榔
杰特西,16,小乌贼,现在是第一场还是第二场？
西行寺妖忌,7,无粉丝牌,8老板不划了啊
奝驻参国办事处处长,23,小僵尸,胡了
ludwigging,16,小乌贼,老板自己做主嘛
CharleS丶Matt,5,无粉丝牌,Kky是远古大神
c嘿喵,10,小乌贼,绝活leil
唯一的注视,26,小乌贼,皮鞋王
名字吊,28,小乌贼,好自信
踏尽一桥轻雨,12,小乌贼,其实看看八老板的直播也挺好的了
边玩dota边打炮,12,无粉丝牌,蜘蛛
jsh900712,4,无粉丝牌,巨神兵已经被干死了
金色的寒冰,4,无粉丝牌,有声音了
脑残喷子的野爹,17,影魔王,绝活
laevateilice,18,无粉丝牌,喔噢
小小的凡,15,猛男,1手确实可以
雨中女王,21,小僵尸,小鹿克陈？陈克小鹿吧
draxty,2,无粉丝牌,船长小小
要听听路,35,小乌贼,船长
196缘来是你,14,小僵尸,双绝活
岚苍夜冥,17,集团军, 毫不掩饰
怕天天战,6,无粉丝牌,蜘蛛精他leile
Jiunhau,14,无粉丝牌,卒
PassengerWan,22,小乌贼,游戏理解吹的有点过分了，ob兄弟也不是个个顶尖
我叫啥的来着,11,小僵尸,三个字，求针对
用户3850606197,6,无粉丝牌,自信满满
喵怕丝,15,小僵尸,废物皮鞋
thomasssssssssssss,18,集团军,蜘蛛不怕你针对
qq459624502,8,小赢僧,三幻神在败者组，那干爹就是法老王
花式跳水运动员,2,无粉丝牌,马桶蜘蛛王
hana114,13,猛男,那秘密coco了啊
ludwigging,16,小乌贼,老板老板，今晚解说多说点别划哈
thomasssssssssssss,18,集团军,蜘蛛真不怕你针对
DemonYT,20,小僵尸,midone绝活船长吧
刹那终古,3,无粉丝牌,小小啊
晨阳321,17,无粉丝牌,求针对
J_M__,2,无粉丝牌,炼金
uranusb,13,无粉丝牌,有没有白牛这一说
Jackyfff,4,骚易丶,小鹿怎么克制陈？小鹿又不是酱油
广工彭于晏a,8,不自觉,coco吧
喵你个妹,17,小乌贼,马吐吧~~~man!!!
zd5161206,4,无粉丝牌,8老板现在年纪也大了啊！划划就好了！心气估计也没有以前那么高
uranusb,13,无粉丝牌,炼金白牛
山高水深zgl,12,小僵尸,贪吃蛇来了
拿饭盒少年,12,彼哦,一选蜘蛛有点不把秘密当人看啊
mobilein,21,你几分,刚被啊
箫默2016,2,无粉丝牌,GG
西行寺妖忌,7,无粉丝牌,炼金到底能不能打蜘蛛呢？
听一首歌,17,无粉丝牌,我记得kky刀1那会很早就打上了！！！！！
Leoric999988,12,无粉丝牌,浙商在全帼算数一数二的了吧，做事效率是真的高
残荷花已零落,11,大马猴,皮鞋？
纠结触动了心弦,14,小僵尸,宝哥声音好小
半死桐,13,无粉丝牌,皮鞋
牙上有饭,15,无粉丝牌,nec，骨法，陈，法系速推复古有没有可能
天使焦250,13,小乌贼,谁呀
碳烤胖头鱼RUA,18,小僵尸,哈哈哈
遗忘之铭,23,小乌贼,谁啊
孤屿gy,9,小僵尸,刘畅
凌云汪少,18,小僵尸,"nec,,GG"
lzmzzq,25,趴趴,nec已经输了
月光族的时候,18,无粉丝牌,死亡光环
杨三俗咕咕咕,21,鸽王,uuu9
Mr_Night,25,无粉丝牌,NEC拿头打蜘蛛？
箫默2016,2,无粉丝牌,秘密GG
萌萌的寂寞单身汉,21,小赢僧,马甲？
一舉鯨濤快哉風,22,小乌贼,流畅
邱豆豆豆,18,无敌丸,皮鞋
我真的没开挂丶,23,木恩,皮鞋？？
破阵江城子,9,无粉丝牌,hao娘吧
金丶三胖,17,无粉丝牌,皮鞋
明抢了阿噗阿噗,32,小僵尸,刘畅吧
闪烁_qq,5,无粉丝牌,皮鞋啊
laevateilice,18,无粉丝牌,流畅皮鞋？
耶稣墙,14,小僵尸,皮鞋啊
东塔岭车神,9,无粉丝牌,流畅啊
nastyfred,12,小乌贼,蜘蛛王
亚萨西亚萨西,10,小乌贼,皮鞋
斗鱼用户gHxJ20ZU,2,无粉丝牌,刘畅吧
九十一年,10,小乌贼,流畅
噜噜噜噜2噜噜噜噜,14,小钻風,你怎么不问问神奇海螺呢
认为主播是猪的请扣1,42,无粉丝牌,肯定是皮鞋啊
名字吊,28,小乌贼,流畅
唯一的注视,26,小乌贼,皮鞋王啊
Kyrieman,14,小苏菲,皮鞋？
65tgbj,4,无粉丝牌,流畅
train6731,6,无粉丝牌,机枪兵？
芳苑家的五毛钱,19,小僵尸,30岁正是男人事业起步的时候。说心气不高的6666
月光族的时候,18,无粉丝牌,流畅哈哈哈
九十一年,10,小乌贼,哈哈哈
都是我的小号,8,无粉丝牌,皮鞋皮鞋
边玩dota边打炮,12,无粉丝牌,说啊
爱国知识分子,12,无粉丝牌,+
钱粮胡同口儿,22,小乌贼,nec还是可以打蜘蛛的
afkdouyu,14,无粉丝牌,皮鞋
拿饭盒少年,12,彼哦,hao吧
梦里蓝天阿,13,无粉丝牌,废物皮鞋阿
金色的寒冰,4,无粉丝牌,皮鞋吧
永远的wind,12,无粉丝牌,皮鞋
ludwigging,16,小乌贼,肯定皮鞋啊
1Mafia,15,小肚皮,流畅
怕天天战,6,无粉丝牌,点下名呀
谦逊的米拉克,19,无粉丝牌,kky当年天才少年
CharleS丶Matt,5,无粉丝牌,Kky和vigoss Loda雅蠛蝶齐名
我真的没开挂丶,23,木恩,👞
水火谈,12,小乌贼,解读啊，这群人经验见识是有的
Aradenu,16,耀西,那就是还没退役的了
改个名字1258,8,无粉丝牌,我听皮鞋说过
zd5161206,4,无粉丝牌,豪逼是ug啊！
RingoI,6,无粉丝牌,如果是皮鞋肯定说出来了
陈医生从何说起,10,无粉丝牌,周海洋啊
永远的wind,12,无粉丝牌,流畅
致命四辩手,49,小僵尸,这口气像皮鞋
奝驻参国办事处处长,23,小僵尸,上将hao
热爱卖队友,13,小僵尸,皮鞋刘畅二选一
玮噜噜,12,无粉丝牌,可以打吧
123456Numb,16,小兰人,废物皮鞋啊
碳烤胖头鱼RUA,18,小僵尸,。。。
wxhmyxyxy1,10,无粉丝牌,拒绝鱼啊
国师的小弟,15,小乌贼,宝哥中气足
她就像舒芙蕾,29,无粉丝牌,我咋听着再说皮鞋呢
可爱的青苹果,13,无粉丝牌,不是你这样说没人能打蜘蛛，因为他能钻野
丨好好haohao,3,无粉丝牌,秘密 拿大圣她
青浦邹经理,11,无粉丝牌,感觉液体要上拳酱的套了
NewSkW,18,玫瑰酱,皮鞋扬哈哈
Mr_Night,25,无粉丝牌,蜘蛛有魔抗 法系打不了
旅人救世剑,3,无粉丝牌,卜能说
名字吊,28,小乌贼,哈哈哈哈哈
ludwigging,16,小乌贼,哈哈哈哈
浅晗落,9,无粉丝牌,那把雕哥一起玩的，pa
PassengerWan,22,小乌贼,别问，问就皮鞋
天使焦250,13,小乌贼,用排除法 首先不是566
HypnosXu,11,小僵尸,哈哈哈哈哈哈
都是我的小号,8,无粉丝牌,流畅流畅
明抢了阿噗阿噗,32,小僵尸,那肯定是刘畅了
凌云汪少,18,小僵尸,kky才25真的齐名吗
背锅侠,12,小僵尸,轻声细语脏蛇宝？
ludwigging,16,小乌贼,那估计是核桃么
书剑风尘,8,无粉丝牌,皮鞋：MMP
海泽小轩10,2,无粉丝牌,可是现在8老板的确是心气不高的感觉啊
一袋大虾x,20,小乌贼,皮鞋，hao逼二选一
拿饭盒少年,12,彼哦,跟鲷哥关系好的
天才低调,18,无粉丝牌,皮鞋待遇好高
改个名字1258,8,无粉丝牌,我看皮鞋直播 听皮鞋说过
crowsss,10,无粉丝牌,流畅了
yuanzh,8,无粉丝牌,👞
梦里蓝天阿,13,无粉丝牌,deigou
边玩dota边打炮,12,无粉丝牌,排除法，成了
sevenjj530,14,鹿好听,maybe？
FishBoneYu,5,无粉丝牌,流畅呀
suningday100,22,小僵尸,PIS？
我真的没开挂丶,23,木恩,皮鞋：我真是日了狗了
吴泳涌,7,无粉丝牌,畅呀
名字吊,28,小乌贼,大妈？
nastyfred,12,小乌贼,那就是前十中单freeze
豌豆大便射手,2,无粉丝牌,可以打个几把，4000分可以打
林斗斗,9,无粉丝牌,皮鞋退役来ob吧
这波你要怪我咯,11,无粉丝牌,皮鞋说过蓝猫能打，然后被打爆了
认为主播是猪的请扣1,42,无粉丝牌,no皇吧，这么菜
CharleS丶Matt,5,无粉丝牌,远古四神啊
西行寺妖忌,7,无粉丝牌,战术大师拳酱要开始了吗
爱你晴天,18,无粉丝牌,应该是maybe
三七二十一,30,小乌贼,那就是关系没那么熟的
梦里蓝天阿,13,无粉丝牌,deigou阿
爲薆垨姤,8,无粉丝牌,看来船长真的克蜘蛛啊
莫德雷德xy,3,无粉丝牌,流畅战绩也好久没玩NEC了应该也不是
mofa魔法,9,无粉丝牌,现在都是皮鞋、流畅二选一了吗？
猴子请来的阿三,6,无粉丝牌,刘畅？
芳苑家的五毛钱,19,小僵尸,566就是人蠢啊。ti1奖金那么高都退役
tqqmyq,22,小乌贼,乌总都29……还打个鬼啊
小糸稻子,8,无粉丝牌,开盘老毕
creamyang2012,12,无粉丝牌,大圣克蜘蛛啊
GuGuqiu,5,无粉丝牌,小小打蜘蛛啊
草原上的流寇,3,无粉丝牌,流畅前10啊
拿饭盒少年,12,彼哦,我也觉得是maybe
爲薆垨姤,8,无粉丝牌,liquid都ban船长了
我叫刘宝童,12,小乌贼,炼金？
南御子,9,冰雪糕,皮鞋说好的拿冠军组队呢
丨好好haohao,3,无粉丝牌,秘密大圣操蜘蛛呀
黄桥人家666,12,无粉丝牌,皮鞋说蝙蝠能打，然后……
suningday100,22,小僵尸,NoNo也说了啊 自大狂
悟丶控,8,无粉丝牌,皮鞋来ob午夜档666
当仁,3,无粉丝牌,周海洋：我TM
麦兜和八戒谁可爱,21,小乌贼,xxs那天我看雕哥直播了
jklou09,12,小僵尸,这届没人选炸弹人，差点意思
uranusb,13,无粉丝牌,炼金白牛啊
KyleWu007,12,无粉丝牌,p神的nec我看了那场
紫幕青烟,5,无粉丝牌,奶子呢
GuGuqiu,5,无粉丝牌,小小搭nec可以的  有爆发
打腮红的山大王,17,小僵尸,破案了，may皇。。。。
西行寺妖忌,7,无粉丝牌,炼金到底能不能打蜘蛛呢
再见盘尼西林,14,小肚皮,猴子
红茶不加冰c,9,小乌贼,那时候820是不能输的，好多喷子的，压力很大
月光族的时候,18,无粉丝牌,炼金黑弓
15900960970,5,无粉丝牌,伐木机去打蜘蛛爽  各自发育
Boram_,16,小僵尸,小学生？
一大一卜,18,小乌贼,乌总说了那时候做视频一个月20万
帅气回头送,8,长青派,去雕哥MAX找
法师看电影,20,小乌贼,等于黑皮鞋就没关系？
xiaofoot,17,郑白给,pis
丨好好haohao,3,无粉丝牌,大圣
再见盘尼西林,14,小肚皮,孙悟空
都死,13,格调M,是小学生吧
破阵江城子,9,无粉丝牌,我觉得是单车，毕竟放言过SF不适合这个版本的男人
一斗yu独我占八石,4,无粉丝牌,midone船长啊
196缘来是你,14,小僵尸,船长啊
吴泳涌,7,无粉丝牌,566太老实，哪个选手不划几年再推啊
zd5161206,4,无粉丝牌,炸弹人不是削过了吗？还能打吗？
不规范和法规和规范,3,无粉丝牌,其实820运气也不好
782970032,15,小僵尸,我查了战绩，是maybe
拿饭盒少年,12,彼哦,我好像也想起来了，确实是may皇……
一斗yu独我占八石,4,无粉丝牌,midone船长一流
爿走鱼尾纹,12,海草儿,Coco被禁了
水火谈,12,小乌贼,那个年代820是金子招牌，压力肯定大
鳖鳖你还没滚吗,2,无粉丝牌,diao哥专业啊
奝驻参国办事处处长,23,小僵尸,后手优势
566今天结婚了吗,11,小乌贼,那时候820是不能输的，好多喷子的，压力很大
LLYours,11,无粉丝牌,566要是复出打个5再怼个冠军那是真无敌了🤣
内向是聊错了对象,2,无粉丝牌,狗屁，李逵后选
能别天真么,21,小乌贼,那个时候喷子真没那么多好吧
埃及OK鱼,7,无粉丝牌,我感觉二手船长好一点
ludens847,4,无粉丝牌,拳酱加油，干死李逵
1095190622,4,无粉丝牌,may皇
Louder78,6,无粉丝牌,斯文这届ti咋没见过，感觉这场可以选啊
潇潇有丶二,7,无粉丝牌,奇迹哥的炼金估计不会选 被打自闭了呀
遗忘之铭,23,小乌贼,ti2冠军100万，那个时候做视频也差不多
为了魅影之纱,17,小乌贼,船长被ban了
明抢了阿噗阿噗,32,小僵尸,船长没了，瞎子men
梦里蓝天阿,13,无粉丝牌,蜘蛛王阿
lyb猪芳芳,11,无粉丝牌,p个几把 pis那么自闭会说打爆这种话？
196缘来是你,14,小僵尸,coco被ban了
失去连接小伙子,4,无粉丝牌,这届ti淘汰赛大圣没见出来啊
岿然不动灬,16,无粉丝牌,别吹midone船长了，就亮眼过一次，后面全输
怕天天战,6,无粉丝牌,破案了吗，May皇
愔梦殇孤单一人,9,无粉丝牌,卡尔该出来了吧
各个地方花鸟,20,小渣男,820拿个ti冠军真的完美了
广工彭于晏a,8,不自觉,就是may皇  我在现场我打的蜘蛛
一大一卜,18,小乌贼,那时候都把820喷炸了，还没那么多。。。。
胖头鱼的鱼儿,17,小緑帽,那时候820就是勒布朗詹姆斯，不能输的
遗忘之铭,23,小乌贼,后面奖金几千万这种事你想不到的呀
芳苑家的五毛钱,19,小僵尸,2011年你怎么喷820？都接触不到。论坛喷？
Lannes,18,小乌贼,怕呀 败者组谁输谁滚蛋了
draxty,2,无粉丝牌,小小炼金啊
埃及OK鱼,7,无粉丝牌,二手船长，不拿nec了啊傻子们
不解峰,2,无粉丝牌,一天到晚大招大招，哪里来那么多大招
听一首歌,17,无粉丝牌,loda也是远古大神！！！！！！！！
小小的凡,15,猛男,上地卜师炸弹人呀
杨三俗咕咕咕,21,鸽王,刚转5就被喷成狗了…我当年接受不了老板打5也喷过…
少川,15,无粉丝牌,液体选蜘蛛，秘密想赢只能和蜘蛛互肥针对奇迹哥
博格巴ooooPOGBA,12,小乌贼,乌总自己说赚回来那肯定赚回来了。这还有质疑的？
solomax,7,无粉丝牌,maybe的蓝猫说可以打蜘蛛 被打diu了
常常去安慰别的人,15,小8路,液体 什么阵容啊 感觉不扎实啊
草原上的流寇,3,无粉丝牌,是maybe，我玩的蜘蛛
zd5161206,4,无粉丝牌,8老板拿了ti冠军就没有566了啊！
岚苍夜冥,17,集团军,他们怕啊
suningday100,22,小僵尸,炸弹人啊 好厉害
nastyfred,12,小乌贼,啪一个大招
静守輪回,21,小僵尸,来一手SK搞搞
幻梦方醒,19,小僵尸,不完美的青春啊
sxakln2014,12,无粉丝牌,秘密的米波算一个吧
拿饭盒少年,12,彼哦,may总决赛别这么搞就行好吧
spawnjimwo,19,无粉丝牌,需要一个全英雄挑战队伍
mofa魔法,9,无粉丝牌,小牛能打蜘蛛不
爿走鱼尾纹,12,海草儿,老鹿可以打蜘蛛吗
红茶不加冰c,9,小乌贼,输了各种喷，压力太大了，退役也是没办法
andyLongyu,5,无粉丝牌,关闭弹幕保平安
来一口小抹茶,2,无粉丝牌,Wings有声音啊
thomasssssssssssss,18,集团军,猛犸炼金
国师的小弟,15,小乌贼,566拿了冠军，大b肯定后悔
头发骨头,15,无粉丝牌,那么问题来了，vp说好的大招呢
123456Numb,16,小兰人,冰龙有毒啊
196缘来是你,14,小僵尸,李逵这个bp有说法的啊
不规范和法规和规范,3,无粉丝牌,10冠赚的没录视频赚的多
stefaney,5,无粉丝牌,美杜莎
jk9hot,2,无粉丝牌,思考1分钟，随机
不太诚恳哦哦哦,5,无粉丝牌,ti拿了 也没现在的乌总了呀
15900960970,5,无粉丝牌,小牛拿啥打蜘蛛
tqqmyq,22,小乌贼,乌总说……拿了TI 冠军估计不会退役的
Daaale,13,香菜呀,rotk的猛犸不就是大招吗
还有我_qq,2,无粉丝牌,做视频肯定赚了很多，不然566和09不可能做那么多视频
看8老板被虐,6,无粉丝牌,wings放大招那把也死了
小于飞砖,24,小渣男,newbee以及roushan
懒神口番,13,小眫子,牛头
都死,13,格调M,nb？
孤屿gy,9,小僵尸,破案了破案咯是ychen
火火霍霍,10,无粉丝牌,这个版本又是这几个英雄来回ban选，哪像ti6
n8847,15,无粉丝牌,拿巫妖啊
小胖儿12345,2,无粉丝牌,wings
亚萨西亚萨西,10,小乌贼,newbee
水火谈,12,小乌贼,820如果拿到了TI，今天又是另外一个故事
draxty,2,无粉丝牌,炼金小小炸弹人
Aradenu,16,耀西,wings英雄海不能叫大招
七丨不归路,17,一发,有些弹幕能不能好好看比赛啊
雨中女王,21,小僵尸,小牛不好打吧 图腾抬手太慢了
天使焦250,13,小乌贼,德鲁伊吗
梦里蓝天阿,13,无粉丝牌,精灵飞机不是lgd的大招？
丨好好haohao,3,无粉丝牌,wings大招炸弹人？
很好的很耗,17,无粉丝牌,没大招，每个都是绝活 除了屠夫
Ainasni,25,莎拉,才发现李逵的赞助是魔爪啊
达维安猫熊,6,无粉丝牌,ti1 谜团
孤屿gy,9,小僵尸,破案了破案了是ychen
邵怼怼aka,18,无粉丝牌,人生哪有如果 毫无意义
紫拉加奈卡紫拉跌四,4,无粉丝牌,老鹿吃经济前期不被蜘蛛打爆
zd5161206,4,无粉丝牌,牛怎么打蜘蛛啊！就一个大后期，线上怎么打啊！
hineg8,14,无粉丝牌,wings决赛 tf呀
TMW_Satan,3,无粉丝牌,讲道理这版本线优，应该有刚被的
xiaofoot,17,郑白给,比赛编号21688373，maybe
雨浥轻尘x,3,无粉丝牌,等会lgd来个影魔屠夫
过期牛奶有点酸,13,无粉丝牌,打什么啊、你看566和OB打勇士联赛都输了
广工彭于晏a,8,不自觉,牛头也可以打蜘蛛
用户3850606197,6,无粉丝牌,李逵走远了呀
15900960970,5,无粉丝牌,小牛就大招 对线要被打死  最多一辅助
色情主播方块笑,11,无粉丝牌,我喜欢566，别说ti1了
微寒M,4,无粉丝牌,明年复出打个5或者教练 拿个TI 可以算dota第一人了么
七丨不归路,17,一发,蛇了一把炸弹人
默海空,28,小烈驴,血魔要被NEC打爆啊
法师老狼,23,小乌贼,赛老师的狼人这种算不算大招呀
无所谓的痛哭,12,无粉丝牌,牛可以中啊
蛛丝马迹已成往事,16,无粉丝牌,sf
uranusb,13,无粉丝牌,哈哈哈哈，被LGD的血魔打怕了
博格巴ooooPOGBA,12,小乌贼,你们这群老B乌总复出，愉快的下午谁赔！
放下球球,18,无粉丝牌,这把李逵输了啊
ludwigging,16,小乌贼,那真是第一人哈哈
吴泳涌,7,无粉丝牌,大圣
月光族的时候,18,无粉丝牌,钢背
zd5161206,4,无粉丝牌,牛对线弱啊！
李4096109,14,无粉丝牌,ZOUS
a929695890,13,小僵尸,龙骑啊
天荒地老此生不换,21,无粉丝牌,这是学lgd的血魔了吗
4845kkk23666,3,无粉丝牌,伐木机
西行寺妖忌,7,无粉丝牌,那么谁能打蜘蛛又能打血魔呢
ludwigging,16,小乌贼,刀塔1和刀塔2加起来无敌哈哈
一个大菜几,3,无粉丝牌,为什么现在没人选天怒看
uranusb,13,无粉丝牌,黑鸟
余生自沉沦,23,小僵尸,朋友你什么年代的，最近几个月没老逼的勇士联赛都输的，有老逼的都赢的
静守輪回,21,小僵尸,这把刚背厉害
天天被套的猴子,12,大马猴,犹太人撒NBVCXZ·+
广工彭于晏a,8,不自觉,握草李逵无敌了！
海泽小轩10,2,无粉丝牌,愉快的下午没了有愉快的凌晨啊
2968263375,7,无粉丝牌,手榴弹啊
紫拉加奈卡紫拉跌四,4,无粉丝牌,ppy大战kky
沙漠里的蜘蛛侠,17,集团军,流畅啊
少川,15,无粉丝牌,小鹿没BAN啊
草原上的流寇,3,无粉丝牌,sccc
小小的凡,15,猛男,电魂呀
c嘿喵,10,小乌贼,那就中路蜘蛛啊
望岳绝顶,9,无粉丝牌,嘲讽wings的。你一辈子都不敢在ti决赛拿屠夫
CharleS丶Matt,5,无粉丝牌,龙猫被血魔打炸过
xiao鱼xiao鱼,4,无粉丝牌,903921669
金色的寒冰,4,无粉丝牌,剃刀
我真的没开挂丶,23,木恩,蓝猫血克血魔
Mr_Night,25,无粉丝牌,蓝猫被血魔吊打
uranusb,13,无粉丝牌,黑鸟能打血魔啊
qq1009154357,3,无粉丝牌,丽娜可以打血魔。最少64开
恩比德30年老球迷,21,小僵尸,566不是蓝猫王吗
博格巴ooooPOGBA,12,小乌贼,没愉快的下午要死！
PassengerWan,22,小乌贼,脑洞大开，wings重组，820重庆教练，然后谈恋爱去了
海泽小轩10,2,无粉丝牌,打ti泡解说啊
沙漠里的蜘蛛侠,17,集团军,血魔怕控
magicsoon,9,现象级,黑鸟打不过血魔
天天好厉害呦,9,小乌贼,乌总这么有钱找不到老婆？
zd5161206,4,无粉丝牌,566不需要老婆啊！这么多钱，每天换一个都可以啊！
岿然不动灬,16,无粉丝牌,血魔转3了
xiaofoot,17,郑白给,别舔了，566
kitschme,5,无粉丝牌,小牛也可以中路打蜘蛛吧
人生不猜,14,无粉丝牌,说得和566现在能找到一样
被将臣咬过的小乌贼,22,小乌贼,乌总可以去南美区试试打TI
紫拉加奈卡紫拉跌四,4,无粉丝牌,566睡着了？
Unidentified,4,小乌贼,老婆哪有荣誉重要
566今天结婚了吗,11,小乌贼,"怎么可能啊,即使能打也不会去打的"
Mr_Night,25,无粉丝牌,血魔蜘蛛都能吊打蓝猫啊
995426917,6,无粉丝牌,冰龙嘴里有眼睛
西恩老衲机友,10,无粉丝牌,wings都凉了这么久，就别再拿出来鞭尸了
mofa魔法,9,无粉丝牌,DOTA1，乌总的蓝猫好屌
蒙面小飞侠,17,无粉丝牌,真的能打吗？
nastyfred,12,小乌贼,肯定马桶中啊，厂公敢走中吗
背锅侠,12,小僵尸,杀不死
566今天结婚了吗,11,小乌贼,"就像当惯老板了突然去打工,适应不了的"
岿然不动灬,16,无粉丝牌,宝哥说得对，血魔肯定是3
gjvjcbjfgj,2,无粉丝牌,李逵不会哈斯卡吧
就一打酱油,22,小乌贼,别瞎操心
c嘿喵,10,小乌贼,真杀不了
亚萨西亚萨西,10,小乌贼,蓝猫怎么打蜘蛛。。。
常常去安慰别的人,15,小8路,液体 选个difa
望岳绝顶,9,无粉丝牌,wings解散也好。没参加ti也罢。你偶像队敢拿屠夫决赛？没卵
li6liyang微,14,无粉丝牌,老逼想看你开色像头啊
黄桥人家666,12,无粉丝牌,b.神被老婆搞的跑出去了
真鱼鱼鱼风,9,无粉丝牌,会拿电狗
常常去安慰别的人,15,小8路,李逵敌法还行
名字吊,28,小乌贼,肯定是蜘蛛中了
196缘来是你,14,小僵尸,蓝猫被动可以清小蜘蛛的啊
无尽的永夜0o,16,无粉丝牌,真心要找怎么可能找不到乌总这条件
西行寺妖忌,7,无粉丝牌,感觉秘密没了啊
胖头鱼的鱼儿,17,小緑帽,乌总最后一个视频就是蓝猫啊
2968263375,7,无粉丝牌,实力单身
用户3850606197,6,无粉丝牌,感觉蜘蛛会被针对死，然后血魔起飞
Mr_Night,25,无粉丝牌,蓝猫6级蜘蛛至少7级了
浪漫血族,13,无粉丝牌,不是，你们质疑枫暴之零？
芳苑家的五毛钱,19,小僵尸,30岁的人。被你们操心老婆问题。6666
真鱼鱼鱼风,9,无粉丝牌,秘密会拿电狗吧
怕天天战,6,无粉丝牌,峰哥的蓝猫不一样呀
swc099,17,小僵尸,之前比赛就有 蓝猫打蜘蛛了啊
赵萌丶,10,无粉丝牌,能打个屁的蜘蛛
真鱼鱼鱼风,9,无粉丝牌,米博
被将臣咬过的小乌贼,22,小乌贼,一手蜘蛛，现在都是这么野的吗
博格巴ooooPOGBA,12,小乌贼,现在来说这个老B找个老婆还真比冠军厉害。钢铁侠融化了奇迹啊
nastyfred,12,小乌贼,蓝猫王说能打
豌豆大便射手,2,无粉丝牌,被动清几把小蜘蛛
TMW_Satan,3,无粉丝牌,打不了蜘蛛。。
海泽小轩10,2,无粉丝牌,好像看场敌法啊，ti6决赛的敌法是真的爽
swc099,17,小僵尸,比赛打过得好吗 别BB了
小小的凡,15,猛男,绝活拿出来
神话的弟弟,4,无粉丝牌,那我只能说fgnb呀
真鱼鱼鱼风,9,无粉丝牌,ace 绝活米博
Mc桥豆麻袋,16,小僵尸,蜘蛛四级懒猫混不了
小番茄有拯救世界的心,9,无粉丝牌, 。
spawnjimwo,19,无粉丝牌,在理，不能大野
小胖儿12345,2,无粉丝牌,厅长敌法了
真鱼鱼鱼风,9,无粉丝牌,米博
mobilein,21,你几分,中单刚被不能打蜘蛛？
tqqmyq,22,小乌贼,峰哥能打……0-16
天荒地老此生不换,21,无粉丝牌,打血魔 边路队友状态也重要
瑟琶洞主,2,无粉丝牌,不用看了，完全没有想好怎么针对蜘蛛，0:2
人生不猜,14,无粉丝牌,蓝猫中 被土猫游一次就凉了
水火谈,12,小乌贼,峰哥说的是他自己的蓝猫
zd5161206,4,无粉丝牌,蜘蛛就是对线猛啊！后期其实一般
真鱼鱼鱼风,9,无粉丝牌,ace 米博啊
Louder78,6,无粉丝牌,炸弹人手榴弹组合
qq1009154357,3,无粉丝牌,TB 猴子
queen55555,12,无粉丝牌,咪博
百闻不如一见夕才,2,无粉丝牌,刚被可以
196缘来是你,14,小僵尸,米波可以打吧
我曾有只猫,18,小僵尸,蓝猫在找黄翔
道哥哥爱泓哥哥,14,小僵尸,fg的蓝猫被打炸过 很懂 哈哈哈
被将臣咬过的小乌贼,22,小乌贼,UG打蜘蛛吗，还没起来路都没了
沙漠里的蜘蛛侠,17,集团军,血魔怕幽鬼
mobilein,21,你几分,刚被又不弱
uranusb,13,无粉丝牌,顶着冰龙拿米波
失去连接小伙子,4,无粉丝牌,龙骑也出得少啊，淘汰赛
法师看电影,20,小乌贼,谜团会玩么？
聊骚的右手,9,无粉丝牌,刚被啊
爿走鱼尾纹,12,海草儿,米波太飘了
碳烤胖头鱼RUA,18,小僵尸,哈哈哈
青浦邹经理,11,无粉丝牌,斧王行不行
能别天真么,21,小乌贼,？？？？？？？？？
微笑的鱼Chris,4,无粉丝牌,蚂蚁
一挖耳勺的绝活,24,小乌贼,还能这样？
uranusb,13,无粉丝牌,弹幕还是有想法，顶着冰龙拿米波
qaq1552615729,3,无粉丝牌,不可能顶着冰龙拿米波
碳烤胖头鱼RUA,18,小僵尸,。。。
西行寺妖忌,7,无粉丝牌,厉害啊
划水的乌贼,25,小乌贼,饰品龙
钱粮胡同口儿,22,小乌贼,门票还有卡牌的内测资格
失败者sd,9,蚂蚱哟,龙骑
Mr_Night,25,无粉丝牌,对面有冰龙你选米波 不是送吗
鳖鳖你还没滚吗,2,无粉丝牌,我日
御驾亲征哟,30,小僵尸,男鞋女鞋
泱沉,21,大马猴,大纳迦
不动de风,12,集团军,你帮宝哥搞一个啊
新阿姆斯特丹孙一峰,41,猛男,得多宝道人才行啊
御驾亲征哟,30,小僵尸,加油
欺騙丨謊言,15,无粉丝牌,中国队全军覆没？
mofa魔法,9,无粉丝牌,蜘蛛发育拿塔好快
碳烤胖头鱼RUA,18,小僵尸,傻雕傻龙
名字吊,28,小乌贼,什么东东
1234564aaa,15,小肚皮,乌总没牌面
ALL零,7,必鸽牙,找大肠啊
钱粮胡同口儿,22,小乌贼,乌总之后玩不玩那个卡牌游戏啊，门票有内测资格
KillerMrM,9,无粉丝牌,蜘蛛强在一手对线装备碾压中期带走
yhypeterqwe,13,雨麟军,我去年得了4个箱子……
能别天真么,21,小乌贼,给宝哥绑啊
新阿姆斯特丹孙一峰,41,猛男,不是多宝道人怎么可能掉
爿走鱼尾纹,12,海草儿,一姐太拖节奏
子初一夜白,20,无粉丝牌,门票还有卡牌测试资格
常常去安慰别的人,15,小8路,敌法师
Aradenu,16,耀西,给宝哥绑啊
小角色ΦωΦ,4,无粉丝牌,问半灿要
1095190622,4,无粉丝牌,bo1？
draxty,2,无粉丝牌,幽鬼吧
RisingDragonStaff,34,徽太狼,秘密是多贪？？？？？
云惜风,37,蜀军,给宝哥搞一个早就掉一筐了
火火霍霍,10,无粉丝牌,对线猛，中期凶，后期无敌的英雄你也是会想哦
c嘿喵,10,小乌贼,头铁
okok了,8,无粉丝牌,一选蜘蛛为什么不抢船长啊
不动de风,12,集团军,多宝道人，了解一下
雨浥轻尘x,3,无粉丝牌,头铁
小书辞丶,20,怜光君,让多宝道人上阿！
jovii,16,大马猴,硬着头皮拿啊
相依朝暮至,6,小僵尸,头好铁
小小的凡,15,猛男,没了呀，这咋打
西行寺妖忌,7,无粉丝牌,多变好吧
百闻不如一见夕才,2,无粉丝牌,…头铁
theonly117,5,无粉丝牌,顶着血魔拿炼金?
岚苍夜冥,17,集团军,不怕死？
大番坡黎明,21,无粉丝牌,bat来了
m290301567,3,无粉丝牌,这阵容有点蠢阿
天弹,13,猛男,蓝猫还能走边路？
月之暗面xy,21,影魔王,我就等着dota卡牌给炉石点压力
徐远,11,南胖,找死啊
橡皮与香蕉,15,老铁团,顶着血魔拿炼金
常常去安慰别的人,15,小8路,敌法师 出来吧
jsh900712,4,无粉丝牌,还不如米波
walwz3,13,小僵尸,这阵容10分钟开始怎么玩
DCT陌上花开,18,小乌贼,看不懂
月光族的时候,18,无粉丝牌,还可以吧
被将臣咬过的小乌贼,22,小乌贼,怎么跟OP打VG那场 差不多
qq1009154357,3,无粉丝牌,秘密这个阵容真炸了。
196缘来是你,14,小僵尸,这把没了啊
uranusb,13,无粉丝牌,那这个蓝猫拿蛇了
广工彭于晏a,8,不自觉,怕什么  看呀 说不定秘密实力回来了
LovelessPIG,19,小乌贼,拳击手也开始头铁了吗
被将臣咬过的小乌贼,22,小乌贼,OP 打VP
法师老狼,23,小乌贼,不会是三号位蓝猫吧，中单nec吧？
背锅侠,12,小僵尸,我觉得秘密好僵硬
科隆小教堂,9,无粉丝牌,没看过奇迹哥的炼金？
mofa魔法,9,无粉丝牌,贪
工头被我骑,2,无粉丝牌,法拉利leile
斗鱼用户2409467,2,无粉丝牌,这局我看过？
名字吊,28,小乌贼,感觉秘密BP被爆了呀
西行寺妖忌,7,无粉丝牌,这把看分路了
Mr_Night,25,无粉丝牌,蓝猫去边路感觉废了一般了
夜无垢,3,无粉丝牌,我要去睡了 醒来告诉我lgd又2比0了
比利王的大雪碧,10,大马猴,秘密这是学wings走火入魔了吧
279792116,3,无粉丝牌,想知道这炼金走哪条路能混
1283351727,4,无粉丝牌,阵容没问题，下吧干回来
碳烤胖头鱼RUA,18,小僵尸,李逵的线都很优啊
小胖儿12345,2,无粉丝牌,来回换啊
潇潇有丶二,7,无粉丝牌,感觉秘密被爆了呀
雨浥轻尘x,3,无粉丝牌,20分钟解决战斗
oraclesql,9,小烈驴,artifact感觉跟炉石区别太大
GuGuqiu,5,无粉丝牌,怎么感觉选得好蛇
Aimi天,6,无粉丝牌,mm这阵容 不很好啊
kay2114,7,无粉丝牌,我看了卡牌演示 所谓的三路就是一人操作3盘炉石
welins,22,水水娜,奇迹哥不敢走中了
Enid666,6,无粉丝牌,大哥血魔，中单蜘蛛
深入猪瘟小朋友,16,无粉丝牌,奇迹哥炼金刚被打醉，估计要爆发
nastyfred,12,小乌贼,马桶中，信我
怕天天战,6,无粉丝牌,这两个队小心机多呀
就这样要怎样,17,小僵尸,刀塔卡牌游戏出手机端吗
ztbxxt,5,小僵尸,蜘蛛血魔炼金
碳烤胖头鱼RUA,18,小僵尸,哈哈哈
红茶不加冰c,9,小乌贼,这场我看过，李逵赢了
煎饼果子加仨蛋,23,一发,这把我是不是看过
qq1009154357,3,无粉丝牌,血魔蜘蛛双BKB冲脸，三酱油秒趟
西行寺妖忌,7,无粉丝牌,这具大家真的没影响吗
welins,22,水水娜,冠军中单马桶走中
菈菈萨塔琳戴比路克,17,小僵尸,蜘蛛不可能不中
凌云汪少,18,小僵尸,秘密说了，想和翅膀一样
zd5161206,4,无粉丝牌,秘密后期厉害啊！不过好难撑过去
V海纳百川V,17,无粉丝牌,233333333
Payaso,17,小僵尸,秘密的阵容容易崩啊
1234564aaa,15,小肚皮,一人操作三把炉石也太烧脑了
小小的凡,15,猛男,没手机端
火火霍霍,10,无粉丝牌,谁帮炼金屯野呢？
煎饼果子加仨蛋,23,一发,这场我看过有蜘蛛的赢了
紧绷的小腿儿,24,无粉丝牌,这nec没皮肤？？？
愔梦殇孤单一人,9,无粉丝牌,蝙蝠绝对烈士路了
紧绷的小腿儿,24,无粉丝牌,丑得一逼
熊猫奇奇,12,无粉丝牌,炉石再过一个月就自己凉了 每次新版本都好像要火一样
月光族的时候,18,无粉丝牌,秘密赢不好吗
zd5161206,4,无粉丝牌,李逵抓带线好狠
寻找遗失的温度,7,无粉丝牌,亿大佬
红茶不加冰c,9,小乌贼,这场我昨天看过，李逵赢了
mofa魔法,9,无粉丝牌,这手蝙蝠选得好啊
常常去安慰别的人,15,小8路,后期 秘密全a张 随便打啊
1234564aaa,15,小肚皮,陈啊。可以拉野
战神欧罗,18,小僵尸,蜘蛛加蝙蝠 野区等于没有了
潇潇有丶二,7,无粉丝牌,李逵又在学LGD
广工彭于晏a,8,不自觉,陈可以用宝宝囤啊
yuanzh,8,无粉丝牌,干李逵 咚咚咚
apppppppple,5,无粉丝牌,奇迹哥也想玩maybe那样的血魔呀
比利王的大雪碧,10,大马猴,奇迹哥:我不要压对面5级算我输
月之暗面xy,21,影魔王,那好累啊 卡牌要休闲啊
本在漂泊哟,20,小乌贼,卡牌也在steam吗
死灰復燃丶,2,无粉丝牌,刚刚看了一下三巴掌一个鲷哥
名字吊,28,小乌贼,看分路了
金色的寒冰,4,无粉丝牌,5把A结束比赛
hineg8,14,无粉丝牌,辰的坐骑 头好大啊
cj19860120,20,E家,田忌赛马
就这样要怎样,17,小僵尸,卡牌游戏没手机端就很僵硬
西行寺妖忌,7,无粉丝牌,这把秘密输了，下把会有大招吗
Aradenu,16,耀西,fata没饰品 不应该啊
raemian,17,无粉丝牌,？？？
zd5161206,4,无粉丝牌,中nec没蓝猫好啊！蓝猫经验很重要
深入猪瘟小朋友,16,无粉丝牌,不是说明年出手机端吗
Leoric999988,12,无粉丝牌,啥电脑啊？砸了吧
Ctrl灬,20,小荔枝,发他穷啊
专业水军,20,无粉丝牌,？？？？
你大爷还是滴你大爷,16,无粉丝牌,以前二三对点是因为蜘蛛在网里隐身啊，傻子龙
凌云汪少,18,小僵尸,不要卡牌游戏，要新英雄！
1095190622,4,无粉丝牌,吊大的说下bo几
skyjeef,10,小乌贼,fata哥从来不用饰品
煎饼果子加仨蛋,23,一发,都败者组了，谁还藏阵容
不解峰,2,无粉丝牌,液体爹化了
斗鱼用户DcuU0o4l,3,无粉丝牌,光头果然有东西
遗忘之铭,23,小乌贼,废话 不学lgd难道学ig
海泽小轩10,2,无粉丝牌,以前我这种鱼都是nec出杖，半血大是真的爽
ludens847,4,无粉丝牌,？？？？？？老干爹不选蜘蛛啊
mobilein,21,你几分,秘密没了啊
Boram_,16,小僵尸,光头：都TM学我
我想要月光宝盒,17,无粉丝牌,我在主舞台看到了龙神照片
广工彭于晏a,8,不自觉,除了决赛都是bo3
拿饭盒少年,12,彼哦,谁厉害就学谁没毛病啊
thisIntN,2,无粉丝牌,不一定
火火霍霍,10,无粉丝牌,把把都没有大招。或许把把都是大招
深入猪瘟小朋友,16,无粉丝牌,李逵学得快啊
月光族的时候,18,无粉丝牌,VP学NB
ludens847,4,无粉丝牌,lgd玩过蜘蛛？
开开开什么玩笑,17,小乌贼,老干爹会一选蜘蛛？
西行寺妖忌,7,无粉丝牌,有一句说一句，学过nb被打爆了
995426917,6,无粉丝牌,出门装都不买的吗
zd5161206,4,无粉丝牌,红杖nec容错低啊！而且脆
永远飞翔的范佩西,18,小乌贼,蜘蛛最好走中，边路好废
老鼠大侠,32,无粉丝牌, 这场赢了的打eg
常常去安慰别的人,15,小8路,这版本全在打架 血魔优先没毛病啊
海泽小轩10,2,无粉丝牌,a杖nec啊，
菈菈萨塔琳戴比路克,17,小僵尸,边路蜘蛛发育太慢了
提拉米苏じ,16,小僵尸,学也不可能一模一样啊，变成自己的这才叫会学
常常去安慰别的人,15,小8路,gh的土猫有更的
qwetank,13,无粉丝牌,头硬呀
西行寺妖忌,7,无粉丝牌,秘密感觉还是打不过李逵啊
残风夕照,16,猪芳芳,为啥你们慢20S
Merphoebus,22,小乌贼,蓝猫不中没等级玩不了
YeohYeeHung,4,无粉丝牌,秘密哪来的自信放蜘蛛
KillerMrM,9,无粉丝牌,一手点的
名字吊,28,小乌贼,血魔好打吧
西行寺妖忌,7,无粉丝牌,这分路秘密基本没了啊
GuGuqiu,5,无粉丝牌,血魔怕nec耗吗
望岳绝顶,9,无粉丝牌,家里穷。网速就这个样子。手机看lgd加油
金小小灰灰,14,无粉丝牌,今天有lgd吗
shazibai白,2,无粉丝牌,16年fata中单次次被奇迹鳖打爆
名字吊,28,小乌贼,长手打血魔，血魔不是随便补刀
小鹅掌敲大猪头,18,小緑帽,一对一nec不是被完爆／
kay2114,7,无粉丝牌,很难耗 nec又没爆发
海泽小轩10,2,无粉丝牌,4点lgd
广工彭于晏a,8,不自觉,5点lgd
名字吊,28,小乌贼,死了
大写的M9,3,无粉丝牌,nec三级血魔就玩不了
YeohYeeHung,4,无粉丝牌,一血+经验
比利王的大雪碧,10,大马猴,看完ji
望岳绝顶,9,无粉丝牌,我喜欢566直播间弹幕少。不看多了弹幕烦
比利王的大雪碧,10,大马猴,看完这本
Di1234JIN,14,小乌贼,死了也很赚
hana114,13,猛男,就是你可能转了，我肯定不亏
天才低调,18,无粉丝牌,大哥死了好补刀
搞事呀搞事,14,小肚皮,蝙蝠能压炼金 比压nec重要
Ahelloway,3,无粉丝牌,。
金小小灰灰,14,无粉丝牌, 不睡了不睡了，希望lgd别让人失望
xxxtzf111,5,无粉丝牌,你血赚我不亏
名字吊,28,小乌贼,啊雕吹起来了
c嘿喵,10,小乌贼,德意奥
斗鱼用户2409467,2,无粉丝牌,奶子那里弹幕更少
比利王的大雪碧,10,大马猴,看完这个bo3马上睡觉
海泽小轩10,2,无粉丝牌,弹幕少可以聊天啊
西行寺妖忌,7,无粉丝牌,雕哥开始吹了
拿饭盒少年,12,彼哦,鲷哥又开始吹了～
内向是聊错了对象,2,无粉丝牌,陈可以召唤一个净化怪啊
打刀塔不如跳舞,24,寅子,一觉醒来看看lgd能不能胜利
老鼠大侠,32,无粉丝牌,亏的是炼金 陈肯定觉得不亏
海泽小轩10,2,无粉丝牌,yyf那里发个弹幕都看不到
广工彭于晏a,8,不自觉,对啊566这边没节奏还是很舒服的
rzxlszy,16,小乌贼,马刀啊
小栗源治,16,小僵尸,奇迹哥补刀有点马啊
小鹅掌敲大猪头,18,小緑帽,没补刀斧的血魔。。。
1234564aaa,15,小肚皮,舒服啊
GuGuqiu,5,无粉丝牌,哎呦 厅长马刀
c嘿喵,10,小乌贼,蓝猫真的打不了
不解峰,2,无粉丝牌,老陈又在OB 蹭了1级么 233333
KnightTemplar,12,小乌贼,566在切什么啊  中路都被打回家了
BlackieMore,16,小乌贼,嗯，峰哥那里说啥都看不到，净看弹幕了
肥肥的哈维,17,女流,你一觉醒来LGD可能还没开
金小小灰灰,14,无粉丝牌,就怕一觉睡醒西恩dota亡了
蓝夜Skyknight,11,无粉丝牌,弹幕跟刚才看回忆录时是没办法比了。。。
qwetank,13,无粉丝牌,左右互喷
奝驻参国办事处处长,23,小僵尸,鲷哥开车了
余生自沉沦,23,小僵尸,。
Mr_Night,25,无粉丝牌,蓝猫拿头打蜘蛛啊 没办法
JAYo狩o猎o,16,小乌贼,没错啊，人多节奏也多，乌总这里舒服
西行寺妖忌,7,无粉丝牌,这分路爆中爆
kay2114,7,无粉丝牌,巨龙一脸懵逼
红茶不加冰c,9,小乌贼,乌总这大部分是真粉丝，带节奏的相对少点
海泽小轩10,2,无粉丝牌,估计都是去yyf那了
王者缠绵灬,16,无粉丝牌,Qq
1234564aaa,15,小肚皮,输了还有机会的
天使焦250,13,小乌贼,烧仙草
woshidundun025,3,无粉丝牌,566
zd5161206,4,无粉丝牌,胖头鱼的房管脑残，566这边好多了
1095190622,4,无粉丝牌,八百里分麾下炙
名字吊,28,小乌贼,差不多
pitttttt,11,无粉丝牌, 都好啊
无敌傲娇歪大爷,13,集团军,我要开始带节奏了，566就是个大笨蛋
西行寺妖忌,7,无粉丝牌,蓝猫打蜘蛛好打吗？
金小小灰灰,14,无粉丝牌, 特意从yyf那边过来，他那弹幕太多
蛇口吴彦祖,24,猛男,566这有房管？
奝驻参国办事处处长,23,小僵尸,好就好好看，别比来比去了
Mr_Night,25,无粉丝牌,胖头那边人多 节奏也多
随便起个名字看直播,6,无粉丝牌,胖头鱼那边的房管工作量大
老鼠大侠,32,无粉丝牌,感觉还是别讨论这个问题了 看比赛吧
海泽小轩10,2,无粉丝牌,兄弟，骂人说大笨蛋不是很有萌点吗
月之暗面xy,21,影魔王,现在可以屏蔽等级
内向是聊错了对象,2,无粉丝牌,566笨蛋是常识，你带个毛节奏
乌总你从了小迷妹吧,25,小乌贼,别比来比去
woshidundun025,3,无粉丝牌,乌总 你当过BP手么
dotaer99999999,6,无粉丝牌,秘密分路有点炸啊
zd5161206,4,无粉丝牌,蝙蝠烈士路这样玩，对面野区也没了
百撕骑姐,9,无粉丝牌,11
川地大大地川,14,集团军,三路被压，厉害厉害
广工彭于晏a,8,不自觉,是啦！我是笨蛋啦！笨蛋才会喜欢仙仙啊！
Kyrieman,14,小苏菲,好好看吧
永远飞翔的范佩西,18,小乌贼,fata昨天好迷
Mr_Night,25,无粉丝牌,屏蔽等级是网页还是客户端啊
YeohYeeHung,4,无粉丝牌,马ti踢
绿色宽胖娃,6,无粉丝牌,他最多是个小笨蛋
qwetank,13,无粉丝牌,马踢
敢爱敢恨小怂妹,17,小乌贼,不是带节奏啊，败家迷妹又开游侠了
永吉昴,7,Quin,我呕呕
hardycore3,12,无粉丝牌,乌总大笨蛋
月之暗面xy,21,影魔王,网页都有
扶风清和,14,小僵尸,烈士路？
拿饭盒少年,12,彼哦,你应该说乌酱大笨蛋！
Merphoebus,22,小乌贼,网页才有
乌总最爱的半仙,20,小乌贼,LGD四点，可以先去睡觉
VS一直都在等820选她,23,小乌贼,你应该这说，天❤天你个大❤笨❤蛋
名字吊,28,小乌贼,你赚我不亏
小角色ΦωΦ,4,无粉丝牌,意思是迷妹股又复盘了？
广工彭于晏a,8,不自觉,应该是5点多开
炭烧饭团,28,无粉丝牌,网页屏蔽了等级，客户端有效吗？
Kyrieman,14,小苏菲,迷妹？！？
金小小灰灰,14,无粉丝牌, 希望把李逵弄掉
斗鱼用户2409467,2,无粉丝牌,熬夜七八天了，终于快熬完了
Kyrieman,14,小苏菲,李逵应该能杀回去
YeohYeeHung,4,无粉丝牌,mc还是厉害
跨洋搬砖的大K,21,无粉丝牌,秘密整个赛季赢过液体几次。。。
c嘿喵,10,小乌贼,好痛
Di1234JIN,14,小乌贼,不讲道理了这蝙蝠
RisingDragonStaff,34,徽太狼,秘密这种bp真的搞
人帅枪刚老婆多,26,无粉丝牌,嘎嘣脆
zd5161206,4,无粉丝牌,看到这个蝙蝠，想到了830……
名字吊,28,小乌贼,这蝙蝠爽啊
背锅侠,12,小僵尸,没了下路
tneey,9,无粉丝牌,蝙蝠拿得妙啊
云在故乡心向西,15,小僵尸,放李逵的蜘蛛，头贴？
敢爱敢恨小怂妹,17,小乌贼,这个蝙蝠不讲道理了
枫落成雨,11,小僵尸,蝙蝠这个火真的和拉稀一样
老鼠大侠,32,无粉丝牌,反正eg已经上去了 秘密再给力也不可能都弄得掉的
zd5161206,4,无粉丝牌,蓝猫没蓝了
拿饭盒少年,12,彼哦,就是要多打架，血魔就越舒服啊
YeohYeeHung,4,无粉丝牌,666666666
名字吊,28,小乌贼,别人的陈打蝙蝠不都是招小sa的吗
炭烧饭团,28,无粉丝牌,。。。。。。。。。。。。。。。。。。
永远飞翔的范佩西,18,小乌贼,边路炼金有点搞，看了几次，就没肥过
能别天真么,21,小乌贼,MIDONE?
海泽小轩10,2,无粉丝牌,好鱼啊
脑残喷子的野爹,17,影魔王,马猫
Di1234JIN,14,小乌贼,烧死了
1095190622,4,无粉丝牌,？
西行寺妖忌,7,无粉丝牌,这是蓝猫
qwetank,13,无粉丝牌,蛇皮
LF99v大大大,25,小乌贼,。。。。。。。
天使焦250,13,小乌贼,迷的玩
冰冰冰冰冰GoD,5,无粉丝牌,流畅行中单
YeohYeeHung,4,无粉丝牌,这个蓝猫让我想到了龙猫
oraclesql,9,小烈驴,迷的玩
无尽的永夜0o,16,无粉丝牌,........
斗鱼用户2409467,2,无粉丝牌,火中做自己
背锅侠,12,小僵尸,喜欢选蓝猫
专业啊专业,11,无粉丝牌,没蝙蝠视野。。
uranusb,13,无粉丝牌,这个蓝猫让我想起了上海哈登
hana114,13,猛男,这是我在玩吗
内向是聊错了对象,2,无粉丝牌,火中做自己
钱粮胡同口儿,22,小乌贼,。。。
三每爱刀塔,2,无粉丝牌,火中做自己。。。
zd5161206,4,无粉丝牌,像流畅
云在故乡心向西,15,小僵尸,枫哥手痒了
lokin123,5,无粉丝牌,这个蓝猫让我想到了龙猫
名字吊,28,小乌贼,打蝙蝠陈要去招小sa
jaimewonder,12,无粉丝牌,midone好像不经常玩蓝猫吧比赛
奥林,3,无粉丝牌,830附体
Zwei_sR4,18,无粉丝牌,蓝猫 玩的是个jb
萝卜特甜,8,无粉丝牌,没视野啊
LovelessPIG,19,小乌贼,乌猫请求出战
闲人很忙啊,13,无粉丝牌,让炼金打蜘蛛不好吗
Mr_Night,25,无粉丝牌,蓝猫想家了
不解峰,2,无粉丝牌,米的玩吃了僵硬鸡么
我真的没开挂丶,23,木恩,秘密没了
极寒幽魂琪露诺,31,小乌贼,上海哈登的蓝猫这会到不了6
callmeT,9,无粉丝牌,GG
tneey,9,无粉丝牌,这蝙蝠爽得一批
能别天真么,21,小乌贼,didi
名字吊,28,小乌贼,打穿了
草原上的流寇,3,无粉丝牌,ga废了
月光族的时候,18,无粉丝牌,穿了
Di1234JIN,14,小乌贼,崩了呀
紫拉加奈卡紫拉跌四,4,无粉丝牌,gg
GuGuqiu,5,无粉丝牌,哎呦
月之暗面xy,21,影魔王,下路穿了
岿然不动灬,16,无粉丝牌,穿了，3路劣
justD2,15,战神,就跟着滚a就好了呀
永远飞翔的范佩西,18,小乌贼,这在玩蛇啊
c嘿喵,10,小乌贼,爆了
韩佳啦啦啦,24,无粉丝牌,不是一个级别的啊
疯狂默默人,5,无粉丝牌,被杀穿了呀
背锅侠,12,小僵尸,bp被爆了就是
Python杨,14,无粉丝牌,先烘后烤，再烧的卡蹦脆
可爱的青苹果,13,无粉丝牌,碾压，15分钟抬走
GuGuqiu,5,无粉丝牌,穿了
广工彭于晏a,8,不自觉,不是小萨吧？是那个4422的2
zd5161206,4,无粉丝牌,这蝙蝠在把野区收了，对面炼金不用玩了啊
jovii,16,大马猴,李逵知道不好打后期
callmeT,9,无粉丝牌,中下路没人敢去了
斗鱼用户DcuU0o4l,3,无粉丝牌,现在比赛整容太关键了
Nice博,11,小乌贼,收
西行寺妖忌,7,无粉丝牌,李逵三幻神之首啊
RisingDragonStaff,34,徽太狼,这炼金把圆盾放背包里。。。
小角色ΦωΦ,4,无粉丝牌,鸽鸽
无敌傲娇歪大爷,13,集团军,被说了，这个蓝猫致敬乌猫、
uranusb,13,无粉丝牌,国外队之间简直就是瞎逼演
c嘿喵,10,小乌贼,小蜘蛛回复上来了
老鼠大侠,32,无粉丝牌,炼金又没等级le
紫拉加奈卡紫拉跌四,4,无粉丝牌,秘密不早被开除神籍了么
我想要月光宝盒,17,无粉丝牌,不是一个档次啊
pitttttt,11,无粉丝牌,现在体系不多啊 
金小小灰灰,14,无粉丝牌,李逵打回去对lgd不利啊
我想要月光宝盒,17,无粉丝牌,液体赢了
pitttttt,11,无粉丝牌,炼金 蜘蛛 小黑
鳖鳖你还没滚吗,2,无粉丝牌,血魔啊
lokin123,5,无粉丝牌,液体赢了
月光族的时候,18,无粉丝牌,炸了啊
justD2,15,战神,没吃到f也死不了啊
apppppppple,5,无粉丝牌,这蓝猫流畅在玩吗
xinlingfu02,23,小皮鞋,液体 lgd这两个队的节奏要比别的队快
冷血无情么么哒,25,小痒虫,秘密阵容太贪了
斗鱼用户DcuU0o4l,3,无粉丝牌,老干爹能不能冠军，光头很关键
无敌傲娇歪大爷,13,集团军,打川
乡下头人D,9,无粉丝牌,实力差距太大了
没有故事的牛,2,无粉丝牌,有啥不利的。再来个2:0
天道茫茫,10,无粉丝牌,比如081
dotaer99999999,6,无粉丝牌,但是他穿了啊
小角色ΦωΦ,4,无粉丝牌,566我们想看乌猫
GuGuqiu,5,无粉丝牌,秘密bp真的妖路
老逼枫僵尸王的小僵尸,10,香菜o,红绿灯咋玩
emmmmm真香,18,小乌贼,老干爹怕谁？全是2比0今年封顶了
老鼠大侠,32,无粉丝牌,这把液体应该 不太可能被翻了吧
萝卜特甜,8,无粉丝牌,液体把EG干了就行了
新阿姆斯特丹孙一峰,41,猛男,这李逵好像被LGD打傻了
少川,15,无粉丝牌,LGD不会让液体拿蜘蛛，这一点就比秘密强
callmeT,9,无粉丝牌,这英雄上了就是劣呀
李三狗的哥哥二狗,8,小乌贼,eg把液体锤了，lgd把og锤了，og把eg锤了，
我真的没开挂丶,23,木恩,0-8-1的GA了解一下
名字吊,28,小乌贼,就是李逵强，感觉阵容反过来李逵也能打
脑残喷子的野爹,17,影魔王,细
李三狗的哥哥二狗,8,小乌贼,破费
justD2,15,战神,但是他也容易崩啊
uranusb,13,无粉丝牌,蓝猫明显选蛇了
乡下头人D,9,无粉丝牌,两个队不是一个档次的
海泽小轩10,2,无粉丝牌,别奶啊
折忆,3,无粉丝牌,那还去不如ug
少川,15,无粉丝牌,秘密没了
杰特西,16,小乌贼,例如李逵被干到0杠8的炼金
c9mxer,21,小僵尸,不刘畅
KillerMrM,9,无粉丝牌,很流畅
天使焦250,13,小乌贼,很流畅
黑道撒迦,13,无粉丝牌,很流畅好吧
炭烧饭团,28,无粉丝牌,不刘畅就对了啊
我真的没开挂丶,23,木恩,刘畅：nmsl
zd5161206,4,无粉丝牌,别奶啊！兄弟们！
LF99v大大大,25,小乌贼,马赛克
西行寺妖忌,7,无粉丝牌,选nec的感觉都输了啊
唐僧大官人,8,无粉丝牌,不 是很流畅
Saudade1caIn,12,无粉丝牌,很流畅
用户3850606197,6,无粉丝牌,没峰哥打的好
Rewrite风,9,1551,刘畅？
这个大二的,17,小乌贼,很刘畅啊
justD2,15,战神,很流畅
寐语者残云,3,无粉丝牌,刘畅  你听到了吗
民白吗,10,影魔王,太刘畅
潇潇有丶二,7,无粉丝牌,流畅不行啊 不流畅挺好的
名字吊,28,小乌贼,这很流畅
紫拉加奈卡紫拉跌四,4,无粉丝牌,很流畅
敢爱敢恨小怂妹,17,小乌贼,流畅了更惨
月之暗面xy,21,影魔王,很流畅啊
qwetank,13,无粉丝牌,就是刘畅
apppppppple,5,无粉丝牌,明明很刘畅啊
c嘿喵,10,小乌贼,midone状态不行啊
无敌傲娇歪大爷,13,集团军,很刘畅
斗鱼用户gHxJ20ZU,2,无粉丝牌,这还不刘畅吗？
岿然不动灬,16,无粉丝牌,不高清好吧
TCted,18,天宣占,10杀收菜
落花幽雨,18,无粉丝牌,很刘畅
我不四革马,18,无粉丝牌,是流畅啊
finalmarine,3,无粉丝牌,很刘畅好吧
5152847,4,无粉丝牌,很流畅
跨洋搬砖的大K,21,无粉丝牌,到底流不流畅
骗子猫吃翔,8,无粉丝牌,过于流畅
emmmmm真香,18,小乌贼,流畅还没退役？
wwal312,20,小渣男,到底流畅不流畅？
4845kkk23666,3,无粉丝牌,没我may 皇一半水平
Rewrite风,9,1551,这么刘畅还不刘畅？
hardycore3,12,无粉丝牌,很刘畅啊
hana114,13,猛男,这很刘畅。。。
无所谓的痛哭,12,无粉丝牌,就是流畅
都是我的小号,8,无粉丝牌,刘畅本畅
YeohYeeHung,4,无粉丝牌,这蜘蛛他们要怎么处理
justD2,15,战神,这已经很流畅了
月之暗面xy,21,影魔王,不流畅已经杀穿蜘蛛了
名字如人不能太短,20,无粉丝牌,man  复读起来
拿饭盒少年,12,彼哦,一个龙猫，一个奶猫…在这说蓝猫不行
新阿姆斯特丹孙一峰,41,猛男,别刷了，畅这个字我都不认识了
被将臣咬过的小乌贼,22,小乌贼,MAN
不解峰,2,无粉丝牌,不流畅，很刘畅
manuelY,2,无粉丝牌,黑流畅的封了啊
小角色ΦωΦ,4,无粉丝牌,复读机已经变成回音机
金小小灰灰,14,无粉丝牌, 对于流畅来说这是蓝光了
一挖耳勺的绝活,24,小乌贼,miss
c嘿喵,10,小乌贼,蜘蛛线野双收就是怪物
我真的没开挂丶,23,木恩,没了没了
qwetank,13,无粉丝牌,MISS！
finalmarine,3,无粉丝牌,miss了
奶特55,6,无粉丝牌,fata在干什么？
2968263375,7,无粉丝牌,M
西行寺妖忌,7,无粉丝牌,没了啊
valuable11,22,小乌贼,天命
YeohYeeHung,4,无粉丝牌,这个蜘蛛打你妈哟
别搞别搞我已认真,13,小乌贼,GG了
能别天真么,21,小乌贼,JIDI
岿然不动灬,16,无粉丝牌,厅长怎么还收了2个人头
文明观赛000,16,小僵尸,不放大的
justD2,15,战神,nec没大招吗？
MSnezhai,22,小8路,你刚知道是么
LF99v大大大,25,小乌贼,我第一次知道。。
老鼠大侠,32,无粉丝牌,才知道吗……
别搞别搞我已认真,13,小乌贼,枫哥云了啊
跨洋搬砖的大K,21,无粉丝牌,胖头鱼在说几把呢。。。
名字吊,28,小乌贼,细
最后马海,4,无粉丝牌,李逵上去没有什么不利请详询震中杯
yx_hbn,20,不自觉,他被蜘蛛打了 所以miss了
能别天真么,21,小乌贼,4300经济的炼金 、。。。
okok了,8,无粉丝牌,那感觉这把没了啊
云在故乡心向西,15,小僵尸,天命啊
岸上游的鱼,12,无粉丝牌,没什么好看的了，被吊打了
法师老狼,23,小乌贼,枫哥这个问题说明不看主播你别闹呀
callmeT,9,无粉丝牌,峰哥打中单的刚知道吗？
hana114,13,猛男,天命李逵2连冠
Jiunhau,14,无粉丝牌,云
岸上游的鱼,12,无粉丝牌,睡觉
wt10010,5,无粉丝牌,NEC贪了，没给大
凛冬将至717,15,冰GOD,废话，绿杖没用过吗
tzc1991,14,小荔枝,。。。这不是废话么
草长莺飞EAP,21,小乌贼,肯定是到的瞬间啊，要不然火帽怎么无影拳躲技能
轩辕舜黯,20,小乌贼,峰哥刚说啥呢
云在故乡心向西,15,小僵尸,该跪要跪的
凌云汪少,18,小僵尸,nec有点
西行寺妖忌,7,无粉丝牌,nec真的很强嘛
csass,6,无粉丝牌,蜘蛛没打nec，是土猫在打
幻梦方醒,19,小僵尸,只要我跑的足够快，死亡就追不上我
广工彭于晏a,8,不自觉,小蜘蛛上了直接秒了
ALL零,7,必鸽牙,让李逵死啊，放上去对lgd威胁大
折忆,3,无粉丝牌,感觉液体打的也一般
justD2,15,战神,上了直接死了
深川麻衣th,10,无粉丝牌,小蜘蛛上了牛就死了啊
dotaer99999999,6,无粉丝牌,骗解说？还有这种操作
广工彭于晏a,8,不自觉,这么多蜘蛛还有沉默肯定死的
名字吊,28,小乌贼,直接出辉耀了感觉
跨洋搬砖的大K,21,无粉丝牌,你让秘密把液体干掉就有点强人所难了。。。
Aiget,6,大马猴,液体是不可战胜的，奈斯他
mobilein,21,你几分,小蜘蛛上了，余震无敌了
斗鱼用户2409467,2,无粉丝牌,卧槽
新阿姆斯特丹孙一峰,41,猛男,谁赢谁说你说了算吗，还让李逵死
hana114,13,猛男,小蜘蛛应该不会加大伤害吧
Miro米洛,9,无粉丝牌,李逵打EG不好说 秘密还是差点
常常去安慰别的人,15,小8路,gh的土猫有更 没boboka叼
LF99v大大大,25,小乌贼,哈哈哈哈哈哈哈
一挖耳勺的绝活,24,小乌贼,秀
纽伦堡的傻孩子,22,小乌贼,哈哈
名字吊,28,小乌贼,秀
FengLingX,5,无粉丝牌,卧槽极限反杀
机智的水友,18,无粉丝牌,6666666666666666
我真的没开挂丶,23,木恩,哈哈哈
qwetank,13,无粉丝牌,秀起来了
西行寺妖忌,7,无粉丝牌,过份了啊，这么冲
拿饭盒少年,12,彼哦,局势瞬息万变
我真的没开挂丶,23,木恩,翻了翻了
被将臣咬过的小乌贼,22,小乌贼,秘密加油 干掉李逵
c嘿喵,10,小乌贼,秀
justD2,15,战神,有来有回
溜溜502502,15,全针,这么跳
新阿姆斯特丹孙一峰,41,猛男,没用啊……
seir11,8,小乌贼,还回来了
能别天真么,21,小乌贼,man
BINIST,3,无粉丝牌,奇迹哥第一人
YeohYeeHung,4,无粉丝牌,交琢了
劳斯莱斯zy,2,无粉丝牌,说句实话 比maybe血魔弱
新阿姆斯特丹孙一峰,41,猛男,这个蓝猫好马
BigFaceNN,16,无粉丝牌,把液体干了 保收LGD冠军
西行寺妖忌,7,无粉丝牌,蜘蛛不死就没问题
zd5161206,4,无粉丝牌,炼金有辉耀了以后蜘蛛全是送钱的
枫落成雨,11,小僵尸,给炼金空间刷了
折忆,3,无粉丝牌,好菜啊
YeohYeeHung,4,无粉丝牌,这血魔别说maybe，别谁都弱
LovelessPIG,19,小乌贼,液体这是送吧，不是压制
老馬老馬,21,无粉丝牌,蝙蝠永远在下路不动
月光族的时候,18,无粉丝牌,蓝猫好穷啊
新阿姆斯特丹孙一峰,41,猛男,这李逵好像被LGD打傻了
叫我哲哲头,7,无粉丝牌,10杀之后猛如虎
GuGuqiu,5,无粉丝牌,李逵醉了李逵
劳斯莱斯zy,2,无粉丝牌,操作都不精细
Aiget,6,大马猴,他们说，，，
walwz3,13,小僵尸,这蝙蝠怎么不出跳
灬CheN丶,10,无粉丝牌,没逼血魔完爆他好吧
沙漠里的蜘蛛侠,17,集团军,蝙蝠有问题
yiquman,19,蘑菇,这个蓝猫操作真的僵硬
紫拉加奈卡紫拉跌四,4,无粉丝牌,fata就是个卖套的
ludens847,4,无粉丝牌,这血魔出的啥装备啊
能别天真么,21,小乌贼,别说MIDONE了 被妹酱打爆的中单。。。
十三的三,18,无粉丝牌,像LGD昨天第一把 伦镇送
Miro米洛,9,无粉丝牌,蝙蝠自己想打跳
枫落成雨,11,小僵尸,炼金这几分钟疯狂刷钱
近铁二五仔,8,猛男,奇迹哥只会打钱打架不凶
馒头mantou,17,武美娘,淘汰李逵吧
潇潇有丶二,7,无粉丝牌,蝙蝠先出了挑战 要死了’
yibuyiqu,7,无粉丝牌,液体没学会怎么用血魔打炼金啊
jsh900712,4,无粉丝牌,炼金经济一直没涨
GuGuqiu,5,无粉丝牌,血魔不来留不到人
老馬老馬,21,无粉丝牌,李逵就控制少
okok了,8,无粉丝牌,这两波没看懂啊 
永远飞翔的范佩西,18,小乌贼,蝙蝠能站住线都不会先出跳的
残留的躯壳,22,集团军,秘密聪明，搞不死蜘蛛就全力搞死蜘蛛队友
广工彭于晏a,8,不自觉,握草战鼓挑战？？
GuGuqiu,5,无粉丝牌,蝙蝠没跳的
c嘿喵,10,小乌贼,点金都拉下来了
紫拉加奈卡紫拉跌四,4,无粉丝牌,mc这出装有点拖啊
折忆,3,无粉丝牌,这俩队就是给eg送状态
名字吊,28,小乌贼,血魔刃甲无敌
justD2,15,战神,？？？？bkb？？？
csass,6,无粉丝牌,有蜘蛛在，炼金打钱空间被压缩了
YeohYeeHung,4,无粉丝牌,交琢
西行寺妖忌,7,无粉丝牌,李逵不喜欢控制
脑残喷子的野爹,17,影魔王,刷了送
Miro米洛,9,无粉丝牌,刷了送
c嘿喵,10,小乌贼,突然没节奏
BigFaceNN,16,无粉丝牌,把液体干了 加油
ALL零,7,必鸽牙,他们说奇迹哥第一人
火箭雪糕,19,小僵尸,mc的蝙蝠还是菜
灬CheN丶,10,无粉丝牌,蝙蝠是猪皇玩的么，刷了送
香槟玫瑰花的葬礼,23,无粉丝牌,李逵不会要被秘密锤了吧
YeohYeeHung,4,无粉丝牌,怕是og也比招两队厉害
Vanksy,16,集团军,今天黄翔呢？
我想我是湖,2,无粉丝牌,奇迹哥的装备呢
银色小叶子112233,15,小赢僧,这种状态的李逵爬上来也是送啊
老鼠大侠,32,无粉丝牌,然而炼金的经济增长这段时间很慢的
紫拉加奈卡紫拉跌四,4,无粉丝牌,mc怼化了啊，刷了送
c嘿喵,10,小乌贼,这个挑战出蛇了
深川麻衣th,10,无粉丝牌,OG肯定比这两个队厉害啊
落花幽雨,18,无粉丝牌,怎么感觉两边都在刷了送
悲欢之歌,20,小乌贼,你们注意拳酱陈没，牛逼
板砖好少年,7,小僵尸,花塔
名字吊,28,小乌贼,秘密吧李逵干了就稳了
BigFaceNN,16,无粉丝牌,倚天倚天 是不是液体输了就回家了
coshero,5,无粉丝牌,李逵千万不能死
RitoServen,3,无粉丝牌,复读机566
新阿姆斯特丹孙一峰,41,猛男,让李逵上去给大爹手刃啊
蓬莱山輝夜姬,11,无粉丝牌,ga也不好刷
猫粮maol,11,小乌贼,请问蓝猫是流畅吗？
炸弹大岩蛇,6,无粉丝牌,猪皇是dota届的山尼若吗
灬CheN丶,10,无粉丝牌,还有EG呢
liuqi_yuki,10,无粉丝牌,滑塌 就是个方子呀
Miro米洛,9,无粉丝牌,拳酱陈绝活呀 前期声音巨大
finalmarine,3,无粉丝牌,李逵蜘蛛和血魔起来肯定要打gank，蓝猫不刷支援就行
能别天真么,21,小乌贼,拳酱陈 还用吹？ 绝中绝
hana114,13,猛男,但是st和nec都崩了啊
拿饭盒少年,12,彼哦,只有一直杀人一次不死才不会被弹幕说菜
justD2,15,战神,血亏
彦页z丶,16,小僵尸,你是在睡觉吗
折忆,3,无粉丝牌,世界级拉扯
qq459624502,8,小赢僧,不不不，即便eg进了三强，遇了og一样的
香槟玫瑰花的葬礼,23,无粉丝牌,这炼金太鸡儿穷了
xxooby,24,小乌贼,李逵炼金被血魔打爆了 就想学？
seir11,8,小乌贼,6K了
5152847,4,无粉丝牌,这蓝猫流畅。辣
walwz3,13,小僵尸,蓝猫一直在打架拉扯  炼金也不肥啊
qq459624502,8,小赢僧,搞不好最后决赛也是og
YeohYeeHung,4,无粉丝牌,事实上炼金是被打爆了
压倒性耳机,10,无粉丝牌,几点大巴黎
liuqi_yuki,10,无粉丝牌,蜘蛛 后期 不怎么样吧？
sachasacha,3,无粉丝牌, og打eg有惊怒buff
常常去安慰别的人,15,小8路,李逵节奏不对啊
潇潇有丶二,7,无粉丝牌,秘密能翻 不怕
BigFaceNN,16,无粉丝牌,希望秘密杀上去给LGD送菜
sachasacha,3,无粉丝牌,激怒
彼堓花开,10,无粉丝牌,这NEC没皮肤啊
zd5161206,4,无粉丝牌,蜘蛛后期不是不怎么样，是个废物
xxooby,24,小乌贼,4点
c嘿喵,10,小乌贼,等他辉耀蜘蛛都紫苑bkb了
广工彭于晏a,8,不自觉,比奇迹哥的炼金舒服哈哈哈哈
蓬莱山輝夜姬,11,无粉丝牌,ga对线bat被爆有问题?
tgmpwdj,4,无粉丝牌,中萨
灬CheN丶,10,无粉丝牌,这场完事 还有靠死扑类大赛呢
无敌傲娇歪大爷,13,集团军,中撒还行
西行寺妖忌,7,无粉丝牌,这要是抓两次炼金，秘密不是没了
老鼠大侠,32,无粉丝牌,万一 虽然不太可能 但是万一lgd没赢og不就慌了……
少川,15,无粉丝牌,秘密能杀两次奇迹哥就有机会占据优势
神来之笔r9,20,小乌贼,蜘蛛后期被溜
名字吊,28,小乌贼,李逵的盾
半缘修道半缘君zxcv,5,无粉丝牌,但是蜘蛛中期吊啊，蝴蝶bkb紫怨
favorigil,3,无粉丝牌,刚来，老哥们几比几了？
紫拉加奈卡紫拉跌四,4,无粉丝牌,双bkb带盾一波打死
能别天真么,21,小乌贼,man
半缘修道半缘君zxcv,5,无粉丝牌,上高挡不住
灬CheN丶,10,无粉丝牌,11比14
无敌傲娇歪大爷,13,集团军,566：man
5152847,4,无粉丝牌,细
名字吊,28,小乌贼,细
蛇口吴彦祖,24,猛男,11:14
名字如人不能太短,20,无粉丝牌,复读起来
c嘿喵,10,小乌贼,细
匆匆不忙啊,10,小乌贼,秀的肉片一愣一愣的
名字吊,28,小乌贼,man
justD2,15,战神,细哥
GuGuqiu,5,无粉丝牌,蜘蛛精 这个老比
我真的没开挂丶,23,木恩,炸了炸了
永远的小星星,4,无粉丝牌,马桶哥以前觉得他很蠢
西行寺妖忌,7,无粉丝牌,这蓝猫不是峰哥的蓝猫啊
YeohYeeHung,4,无粉丝牌,买一送一
广工彭于晏a,8,不自觉,gg
我真的没开挂丶,23,木恩,突然死亡
匆匆不忙啊,10,小乌贼,炸了
hjfydhdj,7,无粉丝牌,送起来了
名字吊,28,小乌贼,葫芦娃
YeohYeeHung,4,无粉丝牌,这两队好迷，笑死我了
RisingDragonStaff,34,徽太狼,蓝猫买活 不赚啊
hjfydhdj,7,无粉丝牌,突然复活
能别天真么,21,小乌贼,啄？
灬CheN丶,10,无粉丝牌,送起来了
老鼠大侠,32,无粉丝牌,蓝猫买活了
LovelessPIG,19,小乌贼,这两个队在干吗呢。。。
liuqi_yuki,10,无粉丝牌,这感觉赚了啊
土豪银,11,无粉丝牌,6666666
无敌傲娇歪大爷,13,集团军,互啄
一只老菜狗,9,无粉丝牌,papi酱
5152847,4,无粉丝牌,粗
Miro米洛,9,无粉丝牌,这两队在玩啥啊……
用户3850606197,6,无粉丝牌,外国人的随性
枫落成雨,11,小僵尸,没网装最吊的
名字吊,28,小乌贼,礼尚往来
oraclesql,9,小烈驴,还行吧，蓝猫买活是伏笔
随便起个名字看直播,6,无粉丝牌,感觉好多失误啊两边
c嘿喵,10,小乌贼,没网还要追好狠
LovelessPIG,19,小乌贼,拿出幻神的表现来啊
RisingDragonStaff,34,徽太狼,蜘蛛的大人头是陈的
jovii,16,大马猴,高分路人局
常常去安慰别的人,15,小8路,这波值5000
广工彭于晏a,8,不自觉,没网这么
YeohYeeHung,4,无粉丝牌,昨天og打eg都比这两队打得好
草原上的流寇,3,无粉丝牌,这不赚？
蔷哥,13,小赢僧,不放网？
lokin123,5,无粉丝牌,送了1千
深川麻衣th,10,无粉丝牌,两个队相互刷了送
洪霖,18,无粉丝牌,EG和OG要打第二把了
justD2,15,战神,他不是第一次干这事了
相依朝暮至,6,小僵尸,瞎比打
乌总的麻将粉,16,小乌贼,？？？？？
随便起个名字看直播,6,无粉丝牌,这种状态打lgd真的不会被3：0吗
zd5161206,4,无粉丝牌,炼金耍起了就行啊，他中期可以顶局势
永远飞翔的范佩西,18,小乌贼,没网没三十
司BaSO4,10,小咣头,葫芦娃中娃
拿饭盒少年,12,彼哦,你可能血亏，但我绝对不赚
怒救小伙伴,25,小乌贼,拳击手：这个逼还追你们买啊
Leoric999988,12,无粉丝牌,哎
斗鱼用户DcuU0o4l,3,无粉丝牌,买活的也还好
uranusb,13,无粉丝牌,国外队打简直就是路人水平
hjfydhdj,7,无粉丝牌,lgd独一档没毛病
灬CheN丶,10,无粉丝牌,LGD 干 OG，然后OG亲手送EG回家，完美了
artdrive,4,无粉丝牌,爷爷我来咯
Di1234JIN,14,小乌贼,外国队嘛，越马越好，别打出手感来就好
老逼枫僵尸王的小僵尸,10,香菜o,李逵不亏啊
内向是聊错了对象,2,无粉丝牌,爷爷救葫芦娃好吧
紫拉加奈卡紫拉跌四,4,无粉丝牌,ppy队内地位高啊，大喊一声买活救老子
炸弹大岩蛇,6,无粉丝牌,这蓝猫比pis差远了啊
xt4811471,17,无粉丝牌,说话声音有个逼好恶心
二雨,15,小乌贼,这2个队也就比NB，vg强那么一丢丢，
土豪银,11,无粉丝牌,剧情反转太快了
Enzee丶,21,小僵尸,lgd挑亚军就行了
乌总的麻将粉,16,小乌贼,看不懂了
特拉法尔加罗03,17,小赢僧,这俩队不会碰到老干爹了
oraclesql,9,小烈驴,液体马上要上高，蓝猫没买
近铁二五仔,8,猛男,秘密撑到30分钟就赢
uranusb,13,无粉丝牌,一打中国队就和打了鸡血一样
无敌傲娇歪大爷,13,集团军,这比赛好无聊，感觉等不到4点lgd要睡着了
红茶不加冰c,9,小乌贼,不买就拳击手回去要被拳击
zd5161206,4,无粉丝牌,炼金顶住，基本就赢了
RisingDragonStaff,34,徽太狼,买活死
永远飞翔的范佩西,18,小乌贼,感觉大敌还是eg，苏美尔状态好
lyang8736,14,小僵尸,流畅啊
能别天真么,21,小乌贼,midone。。。。
hjfydhdj,7,无粉丝牌,midone在玩🐔吧阿
我真的没开挂丶,23,木恩,刘畅化
能别天真么,21,小乌贼,乌猫
DemonYT,20,小僵尸,midone这蓝猫感觉tm的感觉500ping在玩
madaotxj,12,德拉巴,两兄弟一直送
思琳是我女神,13,集团军,辣？川菜？
潇潇有丶二,7,无粉丝牌,蓝猫还不出BKB 在出血精 要0分么
artdrive,4,无粉丝牌,这个板辣呀
名字吊,28,小乌贼,流畅的一逼
斗鱼用户2409467,2,无粉丝牌,川猫辣啊
月之暗面xy,21,影魔王,很流畅
乌鸡国怂逼小旋风,20,小乌贼,MIDONE现在这么菜吗
颜_Whatever,35,无粉丝牌,川式蓝猫
leazon,18,小乌贼,使用回车可以快速发送弹幕
灬CheN丶,10,无粉丝牌,流畅代打
KillerMrM,9,无粉丝牌,流畅呀
leazon,18,小乌贼,发送内容为空，请重新输入!
哥特的秋泽,21,惹不起,很刘畅
qwetank,13,无粉丝牌,刘畅了解一下
Rinso,23,小皮鞋,很流畅
紫拉加奈卡紫拉跌四,4,无粉丝牌,流畅代打
西行寺妖忌,7,无粉丝牌,怎么感觉三幻神之战吗
leazon,18,小乌贼,放点辣椒
奝驻参国办事处处长,23,小僵尸,流畅
沙漠里的蜘蛛侠,17,集团军,很liuc
土豪银,11,无粉丝牌,被克制了
mofa魔法,9,无粉丝牌,流畅化
乌总的麻将粉,16,小乌贼,这是幻神吗
5152847,4,无粉丝牌,印度鬼椒
1239802326,11,无粉丝牌,发
名字吊,28,小乌贼,这蓝猫畅化了
乌鸡国最帅小乌贼,22,小乌贼,蓝猫致敬乌总啊
YeohYeeHung,4,无粉丝牌,有一句说一句，这个蓝猫比刘畅辣
finalmarine,3,无粉丝牌,midone这2000分蓝猫
LovelessPIG,19,小乌贼,这蓝猫卡顿啊
伤战,5,无粉丝牌,蓝猫玩的好流畅啊
ALL零,7,必鸽牙,为什么观战老陈的蓝猫啊
AstFine,2,无粉丝牌,秘密在干嘛……
西行寺妖忌,7,无粉丝牌,不如OG打EG
shazibai白,2,无粉丝牌,怪不得刘畅说自己世界前十
萝卜特甜,8,无粉丝牌,想象一下，如果这个队是VGJ.T，弹幕是什么样的
zd5161206,4,无粉丝牌,幻神状态不好啊，对老干爹是好事
枫落成雨,11,小僵尸,76
随便起个名字看直播,6,无粉丝牌,这个蓝猫真的比不上流畅
灬CheN丶,10,无粉丝牌,蓝猫是不是拿手机玩的？
雨浥轻尘x,3,无粉丝牌,菜鸡
杰特西,16,小乌贼,李逵这个蝙蝠是真的迷
735086420,17,小乌贼,太惨了
内向是聊错了对象,2,无粉丝牌,血魔在又死了
匆匆不忙啊,10,小乌贼,秘密加油鸭
TCted,18,天宣占,菜鸡互啄
乌鸡国最帅小乌贼,22,小乌贼,看看胜率
西行寺妖忌,7,无粉丝牌,这蓝猫不是个顶尖强队的蓝猫啊
xxooby,24,小乌贼,偶数年 给我们国人点惊喜
shop丿云白,17,无粉丝牌,蓝猫会逃跑啊
Chriscc,12,影魔王,小牛这要有个跳不是直接爆炸
牙上有饭,15,无粉丝牌,怎么感觉要翻啊
乌鸡国最帅小乌贼,22,小乌贼,看看大老师
okok了,8,无粉丝牌,这个牛很关键啊这么看
好好学习的逗比,21,无粉丝牌,牛头跳大就炸了
匆匆不忙啊,10,小乌贼,干死液体
hjfydhdj,7,无粉丝牌,啄起来了
月之暗面xy,21,影魔王,这BAT有跳了怎么一直在刷线不抓人啊
justD2,15,战神,蜘蛛出个紫苑这蓝猫要死多少次
mofa魔法,9,无粉丝牌,这个蝙蝠没老11玩得好啊
1095190622,4,无粉丝牌,这蓝猫不如流畅啊
NERV枫本无心丶,7,无粉丝牌,蓝猫用脚玩第一句，让对面放松警惕
名字吊,28,小乌贼,蜘蛛打成这样后期打不了吧
ACfun的卧底,6,小财迷,真心和MAYbe的蓝猫差远了
常常去安慰别的人,15,小8路,这个节奏下去 液体要输
西行寺妖忌,7,无粉丝牌,蝙蝠这把也迷啊
萝卜特甜,8,无粉丝牌,那就16级加啊
大叔来自江湖,2,无粉丝牌,LGD这么稳，你说惊喜？
紫拉加奈卡紫拉跌四,4,无粉丝牌,切下蝙蝠装备
天荒地老此生不换,21,无粉丝牌,这个血魔没有查理斯小小爆发 不能立刻起飞啊
名字吊,28,小乌贼,蜘蛛阵容二塔都还在
Miro米洛,9,无粉丝牌,30分钟李逵上不了高的话后面就难打了
劳斯莱斯zy,2,无粉丝牌,这懒猫和血魔都比maybe差远了事实
AstFine,2,无粉丝牌,LGD稳个P 要被EG捶死
LovelessPIG,19,小乌贼,这两个队这状态都要被EG锤出屎
NERV枫本无心丶,7,无粉丝牌,老干爹今晚千万别输啊
百思不得姐123,18,无粉丝牌,这波蜘蛛只要一贪晚开bkb就会秒死
zd5161206,4,无粉丝牌,秘密牛跳可以克蜘蛛啊
finalmarine,3,无粉丝牌,秘密只要守塔，守越长时间塔就越好打
GuGuqiu,5,无粉丝牌,秘密阵容后期不怕的
广工彭于晏a,8,不自觉,李逵很容易破路的
小丑KD,17,小肥仔,决赛时今天还是明天啊
藤原佐为爱下棋,11,小緑帽,0
GuGuqiu,5,无粉丝牌,秘密后期吊
735086420,17,小乌贼,还是比较怕EG
ALL零,7,必鸽牙,先睡了，等下你们谁叫我起来看lgd啊？？？
藤原佐为爱下棋,11,小緑帽,00000000000000
金小小灰灰,14,无粉丝牌,今晚输了就悬了
广工彭于晏a,8,不自觉,决赛明天
藤原佐为爱下棋,11,小緑帽,.3
emmmmm真香,18,小乌贼,说老干爹不稳的搞笑？老干爹状态无敌
拿饭盒少年,12,彼哦,说实话，比赛里挺少见midone玩蓝猫的
YeohYeeHung,4,无粉丝牌,lgd打og7-3开吧，og这队不稳，刚调整不久的队
Kyrieman,14,小苏菲,是不是进了败者组就蠢了
西行寺妖忌,7,无粉丝牌,这状态说不定真的要被EG吃了
一直储到大口夺冠,7,无粉丝牌,LGD打得过OG再说吧 OG状态无敌
名字吊,28,小乌贼,点错了吧
用户3850606197,6,无粉丝牌,秘密不缺控？
匆匆不忙啊,10,小乌贼,突然死亡
oraclesql,9,小烈驴,lgd至少九一开
zd5161206,4,无粉丝牌,这要没了吗？
内向是聊错了对象,2,无粉丝牌,蓝猫太容易死了
oraclesql,9,小烈驴,og拿头打lgd
jovii,16,大马猴,结束了
justD2,15,战神,这蓝猫
大叔来自江湖,2,无粉丝牌,这康博还是NB啊
那里犹如三叉戟,20,无粉丝牌,这么蠢的队虐杀vg
YeohYeeHung,4,无粉丝牌,这蓝猫要被踢了
Rinso,23,小皮鞋,这根本不是老ga
emmmmm真香,18,小乌贼,og能赢lgd？你说笑话吗
老鼠大侠,32,无粉丝牌,og有种魔力 可以把对面拉到跟他一个水平然后用经验击败对手
奝的阿良,23,无粉丝牌,手抖？
海泽小轩10,2,无粉丝牌,点错是真的蠢
5152847,4,无粉丝牌,紧张
拿饭盒少年,12,彼哦,midone上一次比赛里玩蓝猫还是半年前
dotaer99999999,6,无粉丝牌,买书洗了呀
lyang8736,14,小僵尸,别NB奶了行吗
天使焦250,13,小乌贼,jinzhang
那边的山里有鬼,2,无粉丝牌,..................
土豪银,11,无粉丝牌,点错不可能
神圣触手X黑叔,10,十厘米,今年偶数年，中国必拿冠军，LGD唯一指定TI8冠军
train6731,6,无粉丝牌,肉搏玩多了啊
紫拉加奈卡紫拉跌四,4,无粉丝牌,拳击手不把这两个逼头打爆？
Leoric999988,12,无粉丝牌,什么15级点右边点错？
名字吊,28,小乌贼,10级天赋无敌的
一直储到大口夺冠,7,无粉丝牌,OG专克中国队
西行寺妖忌,7,无粉丝牌,这把秘密真的不是随便打打吗
灬CheN丶,10,无粉丝牌,以后会不会出个洗天赋的啊，防止点错，每场只能洗一次
ljayq,6,无粉丝牌,秘密在练阵容
动动脑子好吗,18,无粉丝牌,你们说这么多还不如去赌
呆辽,11,无粉丝牌,求问今天有中国队比赛么，什么时候
735086420,17,小乌贼,现在的比赛 队伍实力差距不大BP最关键
博格巴ooooPOGBA,12,小乌贼,买宁神书卷呀
月之暗面xy,21,影魔王,点错有可能 我有次加点就不知道按了什么结果加了
ShinVHye,10,无粉丝牌,他点10级天赋的时候以为是点15级天赋
566今天结婚了吗,11,小乌贼,说的是10级天赋
极寒幽魂琪露诺,31,小乌贼,1000G双天赋
c嘿喵,10,小乌贼,啥都别说了OG无敌
lyang8736,14,小僵尸,这是来了撸狗过来毒奶吗
大叔来自江湖,2,无粉丝牌,OB的解说你们就姑且这么听着吧
匆匆不忙啊,10,小乌贼,焦灼啊
奝驻参国办事处处长,23,小僵尸,想听专业的去官方，OB娱乐情怀向，不喜欢的不看就是了
BlackieMore,16,小乌贼,天赋的快捷加点是12.。。
别搞别搞我已认真,13,小乌贼,感觉要翻了
百思不得姐123,18,无粉丝牌,拳击手也太吊了吧 这陈玩的
斗鱼用户DcuU0o4l,3,无粉丝牌,国外中单除了苏美儿都很迷
justD2,15,战神,拳酱心里苦
无敌傲娇歪大爷,13,集团军,看比赛看的要睡着了，等不到4点lgd了怎么办
一只老菜狗,9,无粉丝牌,老陈卧槽
show技夜未央,4,小僵尸,娱乐情怀66666666
能别天真么,21,小乌贼,自杀行为
LF99v大大大,25,小乌贼,一开始只有右边眼
博格巴ooooPOGBA,12,小乌贼,想听官方报技能的快去
鳖鳖你还没滚吗,2,无粉丝牌,粘花
shandabobo,20,蜀军,人马这s的湿了
土豪银,11,无粉丝牌,拳酱厉害啊
馒头mantou,17,武美娘,秘密加油，干掉李逵
月之暗面xy,21,影魔王,那就对了 我估计是加点的时候选定英雄 我快捷键是1
九月暖暖丶,20,笑啥,人马：到底踩不踩，快点按啊
卖粉笔的奸商,5,无粉丝牌,4点LGD估计都开不了
pitttttt,11,无粉丝牌,ob比官方更专业好吧
YeohYeeHung,4,无粉丝牌,李逵：我赢了，但不知道为什么
Leoric999988,12,无粉丝牌,放nm屁官方复读机解说比ob专业？逗我呢？
哥特的秋泽,21,惹不起,李逵后期无力呀
西行寺妖忌,7,无粉丝牌,炼金加点是大招吗
动动脑子好吗,18,无粉丝牌,rtz这么菜还说eg屌
李三狗的哥哥二狗,8,小乌贼,醒来又是一场胜利
hjfydhdj,7,无粉丝牌,我先睡了，醒来灯lgd胜利就完事了
忽然之间间间,8,小痒虫,一个技能错了，就错了，别一直说啊
海泽小轩10,2,无粉丝牌,官方算了，国外解说可以很有激情，国内还是看ob吧
颜_Whatever,35,无粉丝牌,拳酱这个逼也是骨灰了 还能这么细腻？
小栗源治,16,小僵尸,拳酱有点屌啊
Chriscc,12,影魔王,看什么老干爹 睡觉就行了
一直储到大口夺冠,7,无粉丝牌,官方根本没人看 都来看OB的
月光族的时候,18,无粉丝牌,拳击手咚咚咚
yaoniming3000,9,小乌贼,交啄啊
东吴大军,7,无粉丝牌,睡觉啊，一觉醒来lgd就赢了
求奶少女前线越来越火,23,猛男,建议直接早上7点看战报
七笑笑笑,19,小僵尸,人马不要尊严的吗
一份素炒饼,16,猛男,巨大巨大超级超级低级的，失误（破
无敌傲娇歪大爷,13,集团军,41？
格斗区最牛逼,8,无粉丝牌,国内解说觉得AA不错呀。
内向是聊错了对象,2,无粉丝牌,炼金强行加难度
OB卡尔王566,21,小乌贼,不好说，蓝猫实在太穷了
w8793222,8,无粉丝牌,41是什么意思
justD2,15,战神,lgd还用看？醒来又是一场胜利
ALL零,7,必鸽牙,这局谁赢了谁碰EHOME吗？？？
求奶少女前线越来越火,23,猛男,一觉醒来，一场胜利
大番坡黎明,21,无粉丝牌,官方的不是一堆3000分解说吗
麻烦给我安排一下,8,电棍,强行官方没人看？
AstFine,2,无粉丝牌,官方主要能看现场比较舒服
斗鱼用户2409467,2,无粉丝牌,"官方口吻太官方了,没有娱乐性"
大叔来自江湖,2,无粉丝牌,今年的解说你有选择吗？
胖头鱼的鱼儿,17,小緑帽,官方就是报幕员，ob是分析师
draxty,2,无粉丝牌,为什么dota不出重训练之术啊
雨浥轻尘x,3,无粉丝牌,这两个队打不过eg的
乌总的麻将粉,16,小乌贼,41分钟收
一直储到大口夺冠,7,无粉丝牌,如果OB能看现场 谁还去看官方的
名字吊,28,小乌贼,蜘蛛血魔压制力不行
ljayq,6,无粉丝牌,拳酱给他们选的阵容估计都玩得不太多
finalmarine,3,无粉丝牌,AA的声音太难听，我受不了
大叔来自江湖,2,无粉丝牌,八师傅和RB组合都不在
一块大红烧肉,23,小赢僧,AA那个语速听着头疼
打刀塔不如跳舞,24,寅子,一觉醒来又是一场胜利
忽然之间间间,8,小痒虫,这群B，有什么好说的，技能错了就错啦 ，没什么好说的了？
735086420,17,小乌贼,别带节奏了 喜欢看谁就看谁
西行寺妖忌,7,无粉丝牌,蓝猫也不是老蓝猫
匆匆不忙啊,10,小乌贼,蓝猫太穷了，蓝猫起来液体就没了
近铁二五仔,8,猛男,李逵这个阵容输不起团战，秘密输得起
hjfydhdj,7,无粉丝牌,天赋一般都比jiennglihai and
杰特西,16,小乌贼,OG强无敌！
Mr_Night,25,无粉丝牌,这个减cd有没有区别太大了 肯定是点错了
Leoric999988,12,无粉丝牌,AA报幕是可以，但分析跟局势跟ob能比的？别逗
justD2,15,战神,这蓝猫就像rtz
ljayq,6,无粉丝牌,秘密不是说了要向WINGS学习
YeohYeeHung,4,无粉丝牌,这波打得可以
划水的乌贼,25,小乌贼,我曹
二狗先生啊,6,无粉丝牌,这牛
斗鱼用户2409467,2,无粉丝牌,gg
随便起个名字看直播,6,无粉丝牌,拳酱怎么那么屌
煎饼果子加仨蛋,23,一发,炼金这波豪爽
小栗源治,16,小僵尸,鸭脖子好果断
香槟玫瑰花的葬礼,23,无粉丝牌,牛������������立功了
乌总你从了小迷妹吧,25,小乌贼,这个牛哥
水哥777,15,猪芳芳,gg
一挖耳勺的绝活,24,小乌贼,卧槽
dotaer99999999,6,无粉丝牌,牛头吊
ACfun的卧底,6,小财迷,6666666666
颜_Whatever,35,无粉丝牌,拳酱可以啊
LovelessPIG,19,小乌贼,翻皮
能别天真么,21,小乌贼,拳酱MVP~
一只老菜狗,9,无粉丝牌,puppey的陈好厉害啊
是火山欧巴,12,小痒虫,66666666666666
名字吊,28,小乌贼,卧槽
奝的阿良,23,无粉丝牌,GG
划水的乌贼,25,小乌贼,这波牛逼
一绺残月,9,无粉丝牌,不作死就不会死啊
hjfydhdj,7,无粉丝牌,炸裂
jovii,16,大马猴,翻盘起手式
OB卡尔王566,21,小乌贼,ob分析也不咋地说实话
用户3850606197,6,无粉丝牌,66666666666
ressouvenir,15,小僵尸,鸭脖子还是屌啊
PassengerWan,22,小乌贼,卧槽，看湿了
土豪银,11,无粉丝牌,拳酱无敌
AstFine,2,无粉丝牌,牛头立功了
V海纳百川V,17,无粉丝牌,6666666666666666
常常去安慰别的人,15,小8路,陈无敌
sachasacha,3,无粉丝牌,牛逼
LSXX1234,8,无粉丝牌,牛反映太快了
一绺残月,9,无粉丝牌,66666666666666
liuqi_yuki,10,无粉丝牌,GG 了  蜘蛛后期就是废物
齋藤V飞鸟,10,无粉丝牌,666666666666666666666
半缘修道半缘君zxcv,5,无粉丝牌,牛逼
匆匆不忙啊,10,小乌贼,翻皮了
DFWelles,4,无粉丝牌,666666
红烧油皮杨永信,7,无粉丝牌,魔改牛头
YeohYeeHung,4,无粉丝牌,这波打出水准了，之前打的是鸡儿
广工彭于晏a,8,不自觉,牛头有视野吧？
忽然之间间间,8,小痒虫,翻了，OK，3.5倍上的车
lokin123,5,无粉丝牌,这牛玩的好
能别天真么,21,小乌贼,鸭脖子 也NB
搞事呀搞事,14,小肚皮,官方只有大肠老师能看 还有几个选手
zd5161206,4,无粉丝牌,这个牛
冷血无情么么哒,25,小痒虫, 这个牛头牛逼了
奝的阿良,23,无粉丝牌,牛头立功啊
Rewrite风,9,1551,这个牛
ludwigging,16,小乌贼,卧槽
折忆,3,无粉丝牌,gg
潇潇有丶二,7,无粉丝牌,0换5
天才低调,18,无粉丝牌,nice啊秘密
内向是聊错了对象,2,无粉丝牌,一波经济7000
饭配稀1123,13,无粉丝牌,秘密对不起
lopolo88,4,无粉丝牌,世界第一陈了解一下
GuGuqiu,5,无粉丝牌,炸裂
月光族的时候,18,无粉丝牌,牛逼
颜_Whatever,35,无粉丝牌,厅长雕化了
海泽小轩10,2,无粉丝牌,液体没几个可以杠住的啊
yaoniming3000,9,小乌贼,液体这么菜了吗
子初一夜白,20,无粉丝牌,弹幕还是刁钻啊，那么多角度喷，不看就不看，没必要喷
岚苍夜冥,17,集团军,这牛厉害啊
花式跳水运动员,2,无粉丝牌,拳酱绝活还是厉害啊
lokin123,5,无粉丝牌,是牛的功劳好不
偶估计,19,小乌贼,宝石也掉了
是火山欧巴,12,小痒虫,我操了 真他妈牛逼
Zwei_sR4,18,无粉丝牌,我打鱼丸又没了
jzg930,21,小僵尸,这把李逵没了
帅比智障少年,2,无粉丝牌,鸭脖子牛逼
大叔来自江湖,2,无粉丝牌,李逵这个阵容选出来就看着难受
凌云汪少,18,小僵尸,被打蠢了
lzdxsx,4,无粉丝牌,没学会啊
馒头mantou,17,武美娘,牛头反应牛逼
西行寺妖忌,7,无粉丝牌,这是完美团啊
乌鸡国怂逼小旋风,20,小乌贼,卧槽，鸭脖子这个跳大好强啊
复仇者assemb,7,无粉丝牌,兵败如山倒啊
Firmman,24,猛男,牛没视野
月之暗面xy,21,影魔王,无限可能的英雄 牛头 猛犸 谜团
能别天真么,21,小乌贼,拳酱鸭脖子NB！
上头阳丶,19,小肚皮,败者组都被打蠢了
吾爱吾庐,3,无粉丝牌,这个团美如画
换还幻,12,无粉丝牌,奇迹哥的BKB还是十秒
ACfun的卧底,6,小财迷,牛和陈都好叼
c嘿喵,10,小乌贼,拳酱
V海纳百川V,17,无粉丝牌,翻了
rzxlszy,16,小乌贼,这把李逵没了啊
潇潇有丶二,7,无粉丝牌,鸭脖子 厉害啊
颤栗啊,4,无粉丝牌,卧槽翻了
BINIST,3,无粉丝牌,奇迹哥第一人！
zd5161206,4,无粉丝牌,🐮🐮🐮立功了啊！
MircroLin,25,娜先生,这个跳大30w
时光偷走他的梦,11,无粉丝牌,就靠puppey
yuanzh,8,无粉丝牌,大肠也懂了dota吗
板砖好少年,7,小僵尸,鸭脖子太叼了
hjfydhdj,7,无粉丝牌,2:0回家了
小栗源治,16,小僵尸,鸭脖子666
finalmarine,3,无粉丝牌,拳酱要的效果打出来了
yihong831,8,无粉丝牌,厅长上盘被打傻了
致命四辩手,49,小僵尸,完美团
justD2,15,战神,这蓝猫就一个慧光
菈菈萨塔琳戴比路克,17,小僵尸,一手给你蜘蛛 明显陷阱啊
乌总你从了小迷妹吧,25,小乌贼,牛哥太厉害了
sachasacha,3,无粉丝牌,拳酱还是有点东西的
忽然之间间间,8,小痒虫,OK
Aarounmen,3,无粉丝牌,Top10
黑道撒迦,13,无粉丝牌,卫冕魔咒啊
潇潇有丶二,7,无粉丝牌,这波炼金爽死了
dotaer99999999,6,无粉丝牌,破雾也就0.5秒
liuqi_yuki,10,无粉丝牌,前期 蝙蝠那么肥 不带节奏 就废了
zd5161206,4,无粉丝牌,这基本翻了！
低调的肖先生,6,无粉丝牌,这波牛头绝对亮 明天TOP了
随便起个名字看直播,6,无粉丝牌,奇迹哥感觉打完lgd真的自闭了
近铁二五仔,8,猛男,奇迹哥完全不会打架，就会刷
ludwigging,16,小乌贼,老陈老牛
LF99v大大大,25,小乌贼,一开始只有右边眼
萝卜特甜,8,无粉丝牌,这么说不是LGD太强了，是李逵变弱了？
xxooby,24,小乌贼,讲道理秘密赢还是对大巴黎有利的
紫龙捷恋,20,小乌贼,大老师
紫拉加奈卡紫拉跌四,4,无粉丝牌,翻皮了
乌总你从了小迷妹吧,25,小乌贼,太关键了
乌鸡国怂逼小旋风,20,小乌贼,这波牛头和陈太关键了啊
奝驻参国办事处处长,23,小僵尸,dcdota的时候你几岁
新阿姆斯特丹孙一峰,41,猛男,LGD看着这场比赛：败者组就这种货色？
Enzee丶,21,小僵尸,奇迹哥不买bkb，这状态还是早点回家
AstFine,2,无粉丝牌,这个陈玩的也好
斗鱼用户2409467,2,无粉丝牌,"官方能看回放,比较爽"
丁潇潇没赴我的约,17,战神咪,拳酱  鸭脖子立功
瑷沁一百,18,小僵尸,那个秘密他lei了
云在故乡心向西,15,小僵尸,李逵赶紧回家把
莫离moli2015,13,无粉丝牌,这个传30W
菈菈萨塔琳戴比路克,17,小僵尸,秘密打液体真的有东西
哥特的秋泽,21,惹不起,李逵没了呀，阵容越拖越萎
okok了,8,无粉丝牌,这个牛感觉mvp
西行寺妖忌,7,无粉丝牌,蝙蝠这团啥都没干
Leoric999988,12,无粉丝牌,ob分析不咋地你开个直播你分析看看？
拿饭盒少年,12,彼哦,知道视野对团控英雄有多重要了吗
Candy丶Truelove,7,Aot浪,李逵之前被LGD打蒙逼了
lzdxsx,4,无粉丝牌,奇迹哥第一人
alpoe,7,无粉丝牌,厅长划水
颜_Whatever,35,无粉丝牌,厅长雕哥代打的
劳斯莱斯zy,2,无粉丝牌,四五号位反应真的快
reda55552,9,小乌贼,叫你一选蜘蛛！！
YeohYeeHung,4,无粉丝牌,李逵藏阵容啊，留在TI9才拿出来
AXE丶Rain,11,无粉丝牌,养蛊了啊
TCted,18,天宣占,奇迹鳖
名字吊,28,小乌贼,血魔没什么用
1234564aaa,15,小肚皮,奇迹哥被打自闭了？
无敌傲娇歪大爷,13,集团军,566：没有声音
一只老菜狗,9,无粉丝牌,vp李逵都被lgd打蠢了？
lokin123,5,无粉丝牌,这波牛头关键好吗
Ainasni,25,莎拉,被maybe打自闭了啊 厅长不行了
牙上有饭,15,无粉丝牌,等会养a，李逵没了
小角色ΦωΦ,4,无粉丝牌,液体已经蠢了呀
rzxlszy,16,小乌贼,蓝猫加陈有说法啊
凌云汪少,18,小僵尸,液体被老干爹打蠢了，跟毛子一样
人生不猜,14,无粉丝牌,他们说______
小栗源治,16,小僵尸,秘密两酱油厉害
匆匆不忙啊,10,小乌贼,秘密已经觉醒了
ALL零,7,必鸽牙,他们说祁厅长第一人
能别天真么,21,小乌贼,他们说 拳酱第一人
折忆,3,无粉丝牌,大老师：我给牛头20个胜点
少川,15,无粉丝牌,不是秘密打得好，是奇迹哥的节奏一直在被打乱
怒救小伙伴,25,小乌贼,被打自闭了呀
Rewrite风,9,1551,厅长想提干啊
hjfydhdj,7,无粉丝牌,奇迹哥别划了啊
hj544647065,11,无粉丝牌,奇迹哥回家局卡尔好吧
随便起个名字看直播,6,无粉丝牌,奇迹哥早就bkb了，只是一直没开出来
云在故乡心向西,15,小僵尸,李逵回家的话，LGD就真的稳了
m290301567,3,无粉丝牌,厅长还没缓过劲呢
一份素炒饼,16,猛男,官方解说有女的，神烦
LovelessPIG,19,小乌贼,谁去把EG捶了是真的
是大神不是大婶,7,无粉丝牌,奇迹哥看到炼金有阴影啊
OB卡尔王566,21,小乌贼,秘密上去证明决赛有可能会面对eg
xyss1,6,无粉丝牌,他们说
yuanzh,8,无粉丝牌, 年纪大就懂得多咯？
GuGuqiu,5,无粉丝牌,厅长现在真的好蠢啊
老馬老馬,21,无粉丝牌,蝙蝠问题也大 出个挑战不知道干嘛在下路晃了二十分钟
ACfun的卧底,6,小财迷,越拖秘密优势越大
c嘿喵,10,小乌贼,辉耀血魔没有刃甲血魔厉害
海泽小轩10,2,无粉丝牌,洗把脸，快睡了
轩辕舜黯,20,小乌贼,官方解说除了傻豆有几个上6000的，那叫解说？那叫技能贯口
reda55552,9,小乌贼,厅长太毒瘤了
alpoe,7,无粉丝牌,厅长
YeohYeeHung,4,无粉丝牌,他们说，李逵藏阵容
动动脑子好吗,18,无粉丝牌,下把估计奇迹卡了
yuanzh,8,无粉丝牌, 玩得早就懂得多咯？
静守輪回,21,小僵尸,蓝猫养个A还打你🐴
被遗忘的终结者哈,16,小乌贼,厅长这把打的没声音啊。。
笑点很低_qq,12,无粉丝牌,使用回车可以快速发送弹幕
专业治疗女盆友漏气,7,长青派,牛少这个跳大应该上集锦了
乌鸡国怂逼小旋风,20,小乌贼,这个血魔没学会啊
绿色宽胖娃,6,无粉丝牌,厅长ga被血魔打懵逼了 这局想学lGD 结果没了
菈菈萨塔琳戴比路克,17,小僵尸,ga 经济落后真的翻不了啊
头发骨头,15,无粉丝牌,也就eg有威胁
笑点很低_qq,12,无粉丝牌,第一人
斗鱼用户DcuU0o4l,3,无粉丝牌,厅长的几个绝活这个版本都凉了
格斗区最牛逼,8,无粉丝牌,DC不是猪大肠么
季风镇,15,小僵尸,小8  大妈啊
被遗忘的终结者哈,16,小乌贼,出装蠢 打的也不好
myj1090586642,18,影魔王,谁说是一定加错的，一直强调
Candy丶Truelove,7,Aot浪,厅长之前打LGD打出0参团，不会玩了
大叔来自江湖,2,无粉丝牌,李逵主要阵容太折了，血魔蜘蛛看不懂
能别天真么,21,小乌贼,MIDONE?
ALL零,7,必鸽牙,为什么不出个种植天赋的书
月之暗面xy,21,影魔王,这边4个A好爽啊
奝的阿良,23,无粉丝牌,song
常常去安慰别的人,15,小8路,演习
胖头鱼的鱼儿,17,小緑帽,官方只会报技能，哪里会分析局势
颤栗啊,4,无粉丝牌,这懒猫
笑点很低_qq,12,无粉丝牌,他们说：奇迹哥第一人
内向是聊错了对象,2,无粉丝牌,蓝猫笑死我了
奝的阿良,23,无粉丝牌,送得可以
qwetank,13,无粉丝牌,GH？
月光族的时候,18,无粉丝牌,。。。
颜_Whatever,35,无粉丝牌,辣
hjfydhdj,7,无粉丝牌,突然死亡？
Di1234JIN,14,小乌贼,买一送一
随便起个名字看直播,6,无粉丝牌,互相情谊卧槽
广工彭于晏a,8,不自觉,蓝猫吃了屎吧？
小艺是臭居居,15,小僵尸,sdn都是6000
zifeng777,47,赛文柒,midone
Ainasni,25,莎拉,买一送一
dotaer99999999,6,无粉丝牌,他们说奇迹哥第一人
c嘿喵,10,小乌贼,滚接沉默
AstFine,2,无粉丝牌,互相送？
颤栗啊,4,无粉丝牌,比我都菜。。
划水的乌贼,25,小乌贼,有来有回
猫粮maol,11,小乌贼,流畅？
Neltharion123,14,小荔枝,苏美尔说了，下场打秘密，已经判了李逵死刑
名字吊,28,小乌贼,互啄
OB卡尔王566,21,小乌贼,拳击手要打拳击了
灬CheN丶,10,无粉丝牌,畅化了
MSnezhai,22,小8路,厅长 这个沉默
59大军,23,她的猫,滚过来送，可太强了
西行寺妖忌,7,无粉丝牌,蓝猫厉害啊
ludwigging,16,小乌贼,。。。。。、
du110kang,16,小乌贼,我日，GH等着蓝猫的
hjfydhdj,7,无粉丝牌,啄起来咯
岚苍夜冥,17,集团军,？
张灌郁,2,无粉丝牌,.
我想我是湖,2,无粉丝牌,互相so
老鼠大侠,32,无粉丝牌,有点像昨天的opt……
lokin123,5,无粉丝牌,蓝猫吃了屎吧？
流氓俊豪,9,无粉丝牌,买一送一
怕天天战,6,无粉丝牌,土猫牛逼
光光大魔王,3,无粉丝牌,交啄交啄
紫龙捷恋,20,小乌贼,回合制
匆匆不忙啊,10,小乌贼,蓝猫打的是的瘠薄啊
RaNger123,2,无粉丝牌,拉都拉不住
小小天骄,16,无粉丝牌,突然死亡吗
Terrirblade,18,卡兵,又打回去了
sachasacha,3,无粉丝牌,其实卫冕这种事嘴上不说 心里肯定有欲望的
yaoniming3000,9,小乌贼,感觉是菜鸡互啄
小栗源治,16,小僵尸,拳酱准备戴手套了
Inconspicuousness,10,无粉丝牌,不敢相信蓝猫是倒数第二天的表现
yihong831,8,无粉丝牌,这蓝猫也好菜啊
冷血无情么么哒,25,小痒虫,赢了？ 奶死了
西行寺妖忌,7,无粉丝牌,有来有回
名字吊,28,小乌贼,畅化了
奝的阿良,23,无粉丝牌,哈哈哈哈哈哈
Rewrite风,9,1551,这个盾为啥不给炼金啊
ludwigging,16,小乌贼,有来有回
银色小叶子112233,15,小赢僧,菜鸡互啄
哥特的秋泽,21,惹不起,2333
乌总你从了小迷妹吧,25,小乌贼,这个蓝猫
1234564aaa,15,小肚皮,别问，流畅比这个厉害一点
BlackieMore,16,小乌贼,全靠鸭脖子
月之暗面xy,21,影魔王,辣是我川菜的 说他很流畅
TheBeatles1,8,无粉丝牌,土猫牛逼
乌鸡国怂逼小旋风,20,小乌贼,MIDONE。流畅都比不上，马赛克
萝卜特甜,8,无粉丝牌,这是来自败者组的压力吗
cc禁紫,14,小僵尸,midone是真的菜
时空重遇,14,无粉丝牌,下博彩啦吗
憋尿神功,28,小僵尸,买一送一 还送个盾
justD2,15,战神,rtz化了
sachasacha,3,无粉丝牌,有欲望就有压力
随便起个名字看直播,6,无粉丝牌,牛头 陈：一群渣带不动
近铁二五仔,8,猛男,这tm是前五的队伍。。
Mr0769,6,无粉丝牌,38大
用户3850606197,6,无粉丝牌,这不是秘密这是ob啊
怕天天战,6,无粉丝牌,土猫技能就等蓝猫滚上来
百胜V,4,无粉丝牌,啄啄TMD
LovelessPIG,19,小乌贼,吹逼还是OB屌啊
皇冠梅西,6,无粉丝牌,。。。。
牙上有饭,15,无粉丝牌,不是，流畅还不回来竟然在帮秘密打比赛
artdrive,4,无粉丝牌,爷爷我来咯
土豪银,11,无粉丝牌,蓝猫是永仁啊
V海纳百川V,17,无粉丝牌,这鸡扒就这么送2个
奝驻参国办事处处长,23,小僵尸,mid-last-one
别搞别搞我已认真,13,小乌贼,不破高地还是可以的
hana114,13,猛男,。。吹起来了
奝的阿良,23,无粉丝牌,蓝猫是真的错进错出
1234564aaa,15,小肚皮,中单不厉害队友强啊
hjfydhdj,7,无粉丝牌,越看lgd越稳
无敌傲娇歪大爷,13,集团军,没意思，睡觉了，醒来lgd又是一场胜利
颜_Whatever,35,无粉丝牌,puppy已经在揉手指了
LovelessPIG,19,小乌贼,吹逼代入感拉满
Terrirblade,18,卡兵,低保!
能别天真么,21,小乌贼,那波拳酱MVP啊 一传一踩 无敌了
怒救小伙伴,25,小乌贼,ob式打团赢了吹吹完就送
GuGuqiu,5,无粉丝牌,真吹不了  陈帮擦的屁股
Miro米洛,9,无粉丝牌,midone这把打完要吃老拳了
凌云汪少,18,小僵尸,蓝猫bkb就厉害了
新阿姆斯特丹孙一峰,41,猛男,LGD看着这场比赛：败者组就这种货色？
小栗源治,16,小僵尸,液体老是三伏
忽然之间间间,8,小痒虫,这蓝猫中单应该天梯前十吧？
无敌傲娇歪大爷,13,集团军,老陈擦屁股？
OB卡尔王566,21,小乌贼,5400分也不高，但人家分析就是屌
多少柔肠事,11,小乌贼,蓝猫搞个吹风会不会好一点
TMW_Satan,3,无粉丝牌,量子观赛，薛定谔的LGD
1095190622,4,无粉丝牌,这蓝猫要吃几记拳头
