axb16,28,无粉丝牌,人山人海
moonsilver,15,集团军,卢镇给姥爷上坟
广东名菜yjj,5,小赢僧,西游记后传
小对讲,10,无粉丝牌,原地跑
鲜衣怒马时年少,17,集团军,俯冲轰炸机
做咩被封禁,12,无粉丝牌,驴本伟老家有剧情吗
习惯不习惯的的廖敝人,22,集团军,哈哈哈
只是染了点绿色啵啵,19,小电鸡,疯狂回档
共享孝子陈一驯,17,无粉丝牌,哈哈哈哈哈哈哈哈哈哈哈或或或
YaphetS丶机翼,16,影魔王,。。
Peter023456789,9,无粉丝牌,御女 心经？？？
xuqihao89,13,集团军,西游记后传233
艾迪QAQ,30,小僵尸,23333333333
青春映射迟暮,17,小僵尸,卢镇隐藏剧情 给卢镇镇长卢姥爷上香
习惯不习惯的的廖敝人,22,集团军,CSNB
丽丽走远路,15,小僵尸,我颠颠又炒炒
古瓷凉风,13,无粉丝牌,老城
妞妞霁天,12,集团军,你诶你妈呢？
这是REPLAY丶你知道的,10,小僵尸,瞄准 射击
叫我贰佰柒就好了丶,21,集团军,哈哈哈哈。太真实了
TerryChou12,14,小僵尸,神秘的东方阻力
取个名字那么难啊啊,14,小僵尸,这个游戏的服务器优化是真的差劲
头头头非道,28,學习机,西游记后传哈哈哈
Chanxj,14,小北菜,塞进去 老司机
lizhi2503,28,集团军,凌波微步卧槽
Yuppiessssssss,20,小僵尸,凌波微步
骄傲的玉米,16,无粉丝牌,川菜牛比
KIRAsq,19,集团军,猥琐老秃驴
我不是废物丶666,20,爱哭喵,。。
莫休,12,吊吊茶,陈乌龟
holygzm,11,无粉丝牌,帽子讲究
TPlinkbook,18,小僵尸,走什么？
CcccccccccccccM,11,无粉丝牌,田大侠 能给我磕个头吗？
番茄花式爆炒西红柿,13,小僵尸,这是唐僧妆扮啊
mcy_viscount,9,小僵尸,小作坊吧，公司太小了
sprt6767,15,无粉丝牌,有人拉着老陈
古瓷凉风,13,无粉丝牌,老陈，你拿过墨家重剑么
Sowemiss,14,集团军,卧槽传说中的鬼步？
江南小甲第,12,小僵尸,好猥琐
Snow_jade,14,集团军,卢镇族长卢本伟上香
YaphetS丶机翼,16,影魔王,。。。。
白熊baba,13,无粉丝牌,哎哟笑死老子了
狙了你,9,无粉丝牌,干申大那多
小对讲,10,无粉丝牌,怪不得古代大侠能打三天三夜
345922787,13,小僵尸,跟那时候吃鸡服务器一毛一样
艾迪QAQ,30,小僵尸,凌波微步
qq_XJCABZ,6,无粉丝牌,鬼才
娱乐鱼丸汤,6,无粉丝牌, 陈乌龟
sprt6767,15,无粉丝牌,因为其他人不卡
qq_XJCABZ,6,无粉丝牌,鬼畜
JIMZHOU1,24,小僵尸,乌龟
非著名二笔青年,35,小僵尸,陈师傅不要和他拼拳脚 尝试下跪地求饶
moonsilver,15,集团军,无限蚂蚁大
2012那夜,24,无粉丝牌,老陈 你地上爬这走啊， 不卡
高速路上的怪兽,5,无粉丝牌,西游记后传
聆听这首忧伤,6,无粉丝牌,做这个游戏的人才11个人
我爱织毛衣,5,无粉丝牌,这是什么武功？乾隆大挪移？
Teacher孙,10,无粉丝牌,辣炒王八
共享孝子陈一驯,17,无粉丝牌,2333333
类DOTA游戏真好玩,18,小僵尸,一个抄袭游戏
尹垂斯汀4469,5,无粉丝牌,老陈你在偷厨具吗
丽丽走远路,15,小僵尸,在哪听醉厨
雨天whl,10,无粉丝牌,唐僧也吃鸡？
吕姚一一,31,飞儿,这玩个锤子哟
lizhi2503,28,集团军,开加速器？
kuso_hhh,8,影魔王,西游记后传翻拍？
长大了不会游泳了,9,小僵尸,哈哈哈哈
萨拉曼达R1,14,小僵尸,ha ha 
iG_ak,22,小肚皮,人家可能并不卡
吃好多果果,9,无粉丝牌,西游记后传的笑尿
不知道我的温柔,17,小僵尸,卡有卡得打发呀
流水灬Dragon,5,无粉丝牌,西游记后传其实蛮好看的，鬼畜是电视台要求
asshole111,6,无粉丝牌,看得头晕
老陈的F1键,8,集团军,送菜去了吗
守望麦田43288,13,集团军,队友是？
黄金大便酱,21,鸽子初,陈坤？
小米REX,14,小僵尸,233333333333
史上最弱,20,T鸽鸽,西游记后传
冰蓝icy,15,森酱丶,谁偷了我的宝贝袈裟？
RaB乌龙茶,29,小僵尸,西游记后传的暴露年龄了
sprt6767,15,无粉丝牌,退了再拍吧，有一定几率这样。。
骄傲的玉米,16,无粉丝牌,醉厨屌霸天已经唱完了
我爱织毛衣,5,无粉丝牌,这个是虚空大帝的绝学？
haharen9898,22,无粉丝牌,扫堂腿厉害
Sam良1111,21,小僵尸,一步两步一步两步
小米REX,14,小僵尸,楼梯山歌的去吗
广东名菜yjj,5,小赢僧,败者吃尘！是李吉良吉影
只是染了点绿色啵啵,19,小电鸡,帅
wujiulin123,9,无粉丝牌,？今天老陈要看ti？
小玩意逗儿,7,无粉丝牌,灵寒子？
类DOTA游戏真好玩,18,小僵尸,这不退？
舒乐安定,16,无粉丝牌,鬼畜是因为当初集数太少，所以加鬼畜
人品帝哈,17,无粉丝牌,NICE兄弟发把刀
jjjac,15,小僵尸,nice兄弟发把狙
214CM恨50KG,22,196,快去请AXX
lizhi2503,28,集团军,吸式俗称抓奶龙爪手
不知道我的温柔,17,小僵尸,亢龙有悔
mcy_viscount,9,小僵尸,这也能玩下去吗……
舒乐安定,16,无粉丝牌,不然剧情是真的不错
番茄花式爆炒西红柿,13,小僵尸,这么卡玩个鸡儿
当时是真的懵逼了,9,无粉丝牌,这是？霸王举鼎？
军道杀拳周某,9,囧菌菌,醉厨？明明是辣厨好吧
五倒老尸,6,集团军,反复颠勺
不会AI的沸羊羊,16,小僵尸,鬼畜
夕子學姐yuuko,28,学姐,扯你屌
老陈的F1键,8,集团军,火太大了 菜都要糊了
丶Eeyore,18,小僵尸,鬼畜的我想吐
这是REPLAY丶你知道的,10,小僵尸,慢慢来 不着急
酸菜鱼是真好吃,19,小僵尸,寒王天天打台球
THEBRYANT哈哈哈,17,小僵尸,23333
类DOTA游戏真好玩,18,小僵尸,西游记后传  那是人家特效 懂啥？
翁小尾,19,虎鸽鸽,川菜的精髓，反复翻炒
天然弱碱性强攻,12,无粉丝牌,这是鬼打墙？
妞妞霁天,12,集团军,颠勺是要反复来啊，不过分的。
tkmntkmn,19,集团军,啊我要吐了
lxcsage,23,T1me,川菜
死人7,9,无粉丝牌,反复示范颠勺标准姿势
广东名菜yjj,5,小赢僧,皇后杀手第三炸弹啊
心里的b树,10,无粉丝牌,w我欲成仙，快乐齐天
妞妞霁天,12,集团军,不过分啊，切墩不就该来来回回吗？
渣男丶iii,25,小僵尸,佛系川菜
douyu3826,16,无粉丝牌,使用回车可以快速发送弹幕
六月末的雨,23,小渣男,这服务器
这是REPLAY丶你知道的,10,小僵尸,慢慢来  诶 对了 不着急
小白鸽的哥,23,小僵尸,BGM搞起啊
RaB乌龙茶,29,小僵尸,老陈来首川菜歌啊
douyu3826,16,无粉丝牌,颠颠又吵吵，加点辣椒
小对讲,10,无粉丝牌,川绳自创菜，佛打墙
不会AI的沸羊羊,16,小僵尸,西游记后传
流年流刃,23,集团军,炒菜2式
獨丶处,27,蜀军,疯狂回档…
心之所动让它随风,20,无粉丝牌,强？
2012那夜,24,无粉丝牌,这卡得逼样   退了啊
木木暮暮木,16,集团军,文火慢炖
iG_ak,22,小肚皮,你强个毛，上楼都费劲
吉诺爱比利,16,无粉丝牌,这卡的还能玩
ttt777,11,小緑帽,说实话 这个看腻了
sprt6767,15,无粉丝牌,退了，再排吧
sprt6767,15,无粉丝牌,退了，再排
芳苑家的五毛钱,19,小僵尸,讲道理。这游戏卖了这么多粉。优化还是这样丢人了
嫩水蟹好吃吗,22,小霸天,退了吧，看的难受
1024304169,8,无粉丝牌,和尚
mcy_viscount,9,小僵尸,这个服务器不行了，重新排吧
流水灬Dragon,5,无粉丝牌,毛阿敏唱的相思神曲
贝贝的朵朵,6,无粉丝牌,什么时候不卡？
542130042,11,无粉丝牌,这么卡的吗？
天啦你真高566,15,小僵尸,这也能玩下去
liof309241,5,无粉丝牌,预判流
黄大杉杉,10,小8路,2333333333333333
老逼疯最爱的下面八,28,小僵尸,可能自己退了
老五是白痴,26,无粉丝牌,饿惨了
那是松鼠吗灬得了吧你,26,汽车人,今晚直播asmr？
zhaghost,21,小僵尸,我欲成仙快乐齐天
1024304169,8,无粉丝牌,一秒一卡？
老陈的F1键,8,集团军,川我的锅铲
小韩会咬人,22,集团军,卡的我难受
太清丶,15,小僵尸,西游记后传
羽了个羽啊,17,集团军,西游记后传？
SIMOOOOOOOO,16,小兰人,川川
1024304169,8,无粉丝牌,PPT
风柳,7,无粉丝牌,退了
tuli哥ge,10,小僵尸,ti枫会 第三集 开了 lei了lei了
小玩意逗儿,7,无粉丝牌,退了重来啊
字母切片,16,小渣男,音乐餐厅为什么没音乐了啊
夕子學姐yuuko,28,学姐,快点上蔡啊
川我的飞机,27,集团军,这是负重训练，好比孙悟空在界王那里顺联
这是REPLAY丶你知道的,10,小僵尸,先舔
说好的帐号呢,7,无粉丝牌,移行换位？
芳苑家的五毛钱,19,小僵尸,一秒一卡三步一回头。17年前的传奇
都得死呀,13,无粉丝牌,三三中了谜团的三步颠
流年逝去已成殇,13,无粉丝牌,今天胃口不错，我想吃辣的
bygone2015,25,集团军,23333
小对讲,10,无粉丝牌,好好好（继续舔
你可住口吧,27,咕咕希,粉红色的帽子呢 粉红色的回忆 想它
零零八三,5,无粉丝牌,狙击来了
习惯不习惯的的廖敝人,22,集团军,哈哈哈哈
太清丶,15,小僵尸,。。。
人品帝哈,17,无粉丝牌,秃驴
一岁就很帅888,14,无粉丝牌,66666
zrq1228,9,无粉丝牌,2333333333333
这是REPLAY丶你知道的,10,小僵尸,秃驴寿司
1024304169,8,无粉丝牌,一秒一卡，PPT
萨拉曼达R1,14,小僵尸,ha ha ha 
大家都喊我帅哥,10,无粉丝牌,哈哈哈哈哈哈
小韩会咬人,22,集团军,放个夺魂坛卡他
52度橙汁,5,无粉丝牌,哈哈
史上最弱,20,T鸽鸽,秃驴寿司
人品帝哈,17,无粉丝牌,秃驴 寿司
小玩意逗儿,7,无粉丝牌,哈哈哈哈
体重还可以,18,无粉丝牌,秃驴受死
大家都喊我帅哥,10,无粉丝牌,秃驴给我寿司！！
2497509210,10,无粉丝牌,剑圣无敌斩了？
GorillazChen,18,集团军,王朗
awdxssqq123,23,小僵尸,哈哈哈哈 秃驴受死
一岁就很帅888,14,无粉丝牌,秃驴
丶沦洄,29,集团军,秃驴受死
寂寞空虚冷1216,5,无粉丝牌,找二
炫月残空,17,无粉丝牌,秃驴
道术之隙,7,无粉丝牌,哈哈哈，秃驴被盯上了
德拉诺影钻,8,无粉丝牌,干死秃驴
打哪个院长,10,小僵尸,王朗哈哈
郑大仙的男人,22,小僵尸,哪里卡了，是阳光太刺眼
路鸣1泽他哥,14,集团军,王司徒
tangchen1846,7,无粉丝牌,阿星 接力啊接力
edenYz,18,小僵尸,王司徒
那是松鼠吗灬得了吧你,26,汽车人,秃驴
cay008,20,集团军,秃驴，竟敢跟贫道抢师太
太清丶,15,小僵尸,喊的挺大声
ttt777,11,小緑帽,中二青年
来碗清汤面,5,无粉丝牌,三绳今晚能直播打呼？好久没听你ASMR了！
Hawk宝,22,米波王,王朗还行
吉诺爱比利,16,无粉丝牌,秃驴寿司
习惯不习惯的的廖敝人,22,集团军,哈哈哈
Assssssssc,17,集团军,秃驴
小晓光呀,21,小僵尸,csnb
人品帝哈,17,无粉丝牌,秃驴
恰碗小米饭,22,集团军,打你怎么了
iG_ak,22,小肚皮,秃驴你死了
六月末的雨,23,小渣男,王司徒寿司
陈一汪儿,19,集团军,秃驴寿司！
这是REPLAY丶你知道的,10,小僵尸,老子 吐纳
零零八三,5,无粉丝牌,干他们的秃驴！
萨拉曼达R1,14,小僵尸,哈哈哈
lizhi2503,28,集团军,吐辣
岁封寒001,6,小僵尸,老子吐纳
什造sama,13,无粉丝牌,秃驴
sweif,18,小电鸡,秃驴。。。
心之所动让它随风,20,无粉丝牌,2333
liof309241,5,无粉丝牌,王朗？？？
习惯不习惯的的廖敝人,22,集团军,CSNB
拉坏了要吃肚汁,13,小僵尸,秃驴
那是松鼠吗灬得了吧你,26,汽车人,秃驴！
军道杀拳周某,9,囧菌菌,真的是道士
冬天过后不是秋,13,猛男,秃驴
大家都喊我帅哥,10,无粉丝牌,王朗哈哈哈哈
来碗清汤面,5,无粉丝牌,老秃驴
anchool,28,小渣男,秃驴
小玩意逗儿,7,无粉丝牌,秃驴
haharen9898,22,无粉丝牌,秃驴
黑の灵梦,18,啵啵纱,秃驴
好人466,25,小僵尸,吐辣
bygone2015,25,集团军,哈哈哈
方生丶,14,集团军,陈老秃驴
不知道我的温柔,17,小僵尸,秃驴寿司
嗜睡小蘑菇,20,集团军,哈哈哈哈
anchool,28,小渣男,哈哈哈哈
Theodro,7,无粉丝牌,圆通大师
恰碗小米饭,22,集团军,你吐纳打你怎么了
不劳而获的生活,9,小僵尸,你先往楼上走打药啊  
你可住口吧,27,咕咕希,驴酱 怎么么得了
xuqihao89,13,集团军,秃驴你可识得贫道
人品帝哈,17,无粉丝牌,秃驴哈哈哈哈哈哈
小白鸽我关注你了,20,集团军,川神NB
骄傲的玉米,16,无粉丝牌,赵二？
liang8341,23,集团军,秃驴寿司
大厨思,11,集团军,哈哈哈哈
这是REPLAY丶你知道的,10,小僵尸,秃驴 寿司！
胖头鱼动物保护协会,9,点子王,秃驴 竟敢和贫道抢师太
Arteezy巴巴耶夫,14,蜀军,秃驴
Sooooooying,14,不自觉,la
cay008,20,集团军,哈哈
什造sama,13,无粉丝牌,辣辣辣辣辣
流年流刃,23,集团军,秃驴寿司
慈利真人山桩巴龙,19,集团军,秃驴
yoyoliang4,14,无粉丝牌,哈哈哈
兹磁威武有希望,21,集团军,哈哈哈
tb陆幺,11,无粉丝牌,秃驴
丶沦洄,29,集团军,可识得贫道
天门一把刀,18,小僵尸,秃驴寿司
天啦你真高566,15,小僵尸,无耻老贼
354929978,14,小渣男,报告我一上来就看到老陈被踩死
力鉴,16,小僵尸,秃驴 你可识的贫道？
Arteezy巴巴耶夫,14,蜀军,秃驴川
御风尊者,23,小僵尸,佛道教之争
你可住口吧,27,咕咕希,卡♂辣♂！
道术之隙,7,无粉丝牌,秃驴，敢和贫道抢师太
丶差不多先生丿,13,无粉丝牌,哈哈哈     识得识得
小韩会咬人,22,集团军,你别  相信我
LichBluRay720px264XS,6,无粉丝牌,秃驴寿司
i9ubrid,12,无粉丝牌,我翻翻又吵吵，加点辣椒
来碗清汤面,5,无粉丝牌,我颠颠有抄抄，加点辣椒！！！
八宝山车神高桥凉介,25,无粉丝牌,问问你身边的秃驴
隔壁老王真的不是我,12,无粉丝牌,圆寂大师
叫声RUARUARUA,22,小僵尸,何方道友在此渡劫
chy199333,27,点子王,秃驴
sunlinqian,14,无粉丝牌,七伤节  你来了
流年逝去已成殇,13,无粉丝牌,秃驴你可识的贫道！！
体重还可以,18,无粉丝牌,国泰民安 岂不美哉
mote191764057,13,集团军,他马得，今天这个菜有点辣的，受不了
炫月残空,17,无粉丝牌,道教牛逼！干死秃驴！
haharen9898,22,无粉丝牌,秃驴，你可识得贫道
nirvanea,21,小8路,秃驴，你可识得贫道！
我叫香蕉皮,20,小僵尸,没有bgm战力下降了啊
黄金大便酱,21,鸽子初,老陈不叫陈坤？叫田伯光？
00一叶知秋,5,无粉丝牌,秃驴受死
共享孝子陈一驯,17,无粉丝牌,丈八蛇矛
chy199333,27,点子王,仇恨大啊秃驴
冰冷的静默,20,无粉丝牌,不可不戒
习惯不习惯的的廖敝人,22,集团军,BGM啊
山沟贵族,12,小僵尸,对啊老陈也没抢师太啊，那道士这么气干嘛
骄傲的玉米,16,无粉丝牌,放辣厨啊
sprt6767,15,无粉丝牌,道士穿着道士服 问秃驴
fjcm4,5,无粉丝牌,BGM，起！
呆呆呆槑呆呆槑呆,21,小僵尸,佛教协会警告
Dictator4343,16,小赢僧,我烦烦又吵吵，煮个年糕
道术之隙,7,无粉丝牌,捞陈这衣服仇恨值满星
人品帝哈,17,无粉丝牌,你可以两张牌当一张杀 老陈
sprt6767,15,无粉丝牌,你可识得
InvokerKing4399,19,集团军,秃驴 ，你可识得贫道?我们乃是横推八百无对手
请叫我橘子先生1991,15,集团军,你花3000抢的啊
sprt6767,15,无粉丝牌,秃驴战败
天降落星,14,无粉丝牌,我颠颠又炒炒，放点辣椒
nirvanea,21,小8路,秃驴开挂去了？
J剪刀手,5,无粉丝牌,战歌未起
咲夜琉命,12,无粉丝牌,土驴 你可拾得频道
妞妞霁天,12,集团军,秃驴，你可使识得贫道？
跳刀跳刀0,8,小僵尸,今天的菜下饭
abc19736,21,无粉丝牌,没有bgm，怎么打得过嘛
芳苑家的五毛钱,19,小僵尸,两个信仰的人碰见肯定你死我活啊
随便打飞机,19,小僵尸,冰火魔厨cyc
mote191764057,13,集团军,秃驴，敢跟贫道抢师太
rememberyou,19,汽车人,笑得我腹肌出来了
Adibu,23,小僵尸,有个禅杖什么的就好了
海枫林89,14,集团军,秃驴竟敢和老娘抢道士
道术之隙,7,无粉丝牌,还不如当个裸屌呢
不知道我的温柔,17,小僵尸,晦气
鹿真97699,6,无粉丝牌,你这贼秃
叫我胖蒙蒙就好了,14,小僵尸,@NADO  唱了吗
siyu啵啵,12,集团军,对面是个广东道士 川神做菜太辣了受不了
随便打飞机,19,小僵尸,，
s3163345,20,傻肉,淫僧 寿司
八宝山车神高桥凉介,25,无粉丝牌,然后你看了
心之所动让它随风,20,无粉丝牌,来了，广场战神
fjcm4,5,无粉丝牌,脱了给斗鸡穿
老陈的F1键,8,集团军,去悬空寺啊
戒烟只能抽蚊香,7,无粉丝牌,厨师服啊
老陈何时做回川神,24,集团军,直播不
翁小尾,19,虎鸽鸽,龙姜治川场
斗鱼用户hXx9Yl8I,12,小赢僧,活靶子
番茄花式爆炒西红柿,13,小僵尸,唐僧啊，谁看到都要干你
Snow_jade,14,集团军,霸气2比0吊打塞拉
awdxssqq123,23,小僵尸,你麻痹 你昨天就说看 人呢
花见花开李居丽,25,集团军,叫上陈清啊!
陈彦水,28,无粉丝牌,直播吗
loneyin1314,9,小电鸡,菜b四连踢
叫声RUARUARUA,22,小僵尸,都是弟弟
习惯不习惯的的廖敝人,22,集团军,你要解说？
小对讲,10,无粉丝牌,五香袈裟
不劳而获的生活,9,小僵尸,意思是 今天你也要通宵？
六月末的雨,23,小渣男,你tm昨天人呢
cay008,20,集团军,塞垃圾
哆啦AV梦_qq,10,小僵尸,ig的c是谁啊
myx1994,8,小僵尸,手心手背都是肉，那就手背来挨揍
anchool,28,小渣男,秃驴
真十二,18,集团军,你解说啊
大脑阔脑壳大,23,集团军,还用看?醒来又是一场失败
老陈的F1键,8,集团军,释明川
初初初初初,7,无粉丝牌,怎么和我塞老师说话呢
shuzhongjiumeng,7,无粉丝牌,虚幻哥某改
追逐影子的橘喵,15,小僵尸,赛老师可惜了
叫声RUARUARUA,22,小僵尸,23333333333333
xinjuan2010,12,小僵尸,互啄
572331930,11,无粉丝牌,霸气
花见花开李居丽,25,集团军,狸猫换太子??
狒毛腿,17,猪芳芳,手心手背，和锅里都是肉
zzxxasp,22,集团军,一言九鼎陈彦川，彦儿有信！！！
习惯不习惯的的廖敝人,22,集团军,哈哈哈 
s3163345,20,傻肉,哈哈哈‘’
山沟贵族,12,小僵尸,IG的C是霸气
l闪光,19,小电鸡,霸气啊
你可住口吧,27,咕咕希,斗鸡入𓃟 川川拉环
Arteezy巴巴耶夫,14,蜀军,你怕了？
haharen9898,22,无粉丝牌,秃驴受死
八宝山车神高桥凉介,25,无粉丝牌,你确定是卡？
四点睡觉,18,小肚皮,是怂
你也在网上冲浪呀,18,集团军,今晚还打啥游戏啊 笔芯找小姐姐
福建趙子龍,8,无粉丝牌,最怕是1比1双双掉入败者组
Mr老唐酸菜,15,无粉丝牌,洗了个脸，有一局？
强者裸跳刀,22,集团军,争爸
飞行的考拉,22,集团军,大宝剑回来了？
楠楠楠楠楠楠丶,20,小僵尸,秃驴寿司！！！！！！！！
斗鸡的小迷弟,15,小电鸡,哈哈哈哈
带带戴师兄,17,集团军,你玩你妈呢
跳刀跳刀0,8,小僵尸,有道理
我想听歌可以吗,12,小僵尸,你本来就不是
小玩意逗儿,7,无粉丝牌,逗gay还是办法多啊
氧气瓶丶Tcccc,23,集团军,哈哈哈哈
Arteezy巴巴耶夫,14,蜀军,一代大厨
想带你看极光,16,集团军,一代大侠都是被轮出来的
提刀出禁來,23,集团军,大匣
月之破灭,22,小僵尸,一代大匣
体重还可以,18,无粉丝牌,一袋大匣
塞隆,20,小僵尸,霸气不是你爹
恶棍v领,24,小僵尸,🐔🐔🐔
磕金斩杀,18,无粉丝牌,有道理
广东名菜yjj,5,YJJ,问题是大侠也不能老年痴呆啊
请叫我Matt大叔,19,小僵尸,延迟匣！！！！
恨是爱的归宿,38,集团军,鸡噶的
l闪光,19,小电鸡,斗鸡想办法了0
coldpiao,15,小僵尸,一步一卡，走的潇洒
路鸣1泽他哥,14,集团军,我看你是在为难我川神
游天乐,17,无粉丝牌,本来就是一代大匣啊
tt0123210,20,集团军,捞陈，能不能别玩这个b游戏了，好蠢
伪静态,18,小僵尸,一代大匣
xxstarlordxx,10,猛男,我顛顛又炒炒，放點辣椒。
娶个老婆当狗养,15,无粉丝牌,？？？
戒烟只能抽蚊香,7,无粉丝牌,一代大厨
不劳而获的生活,9,小僵尸,感觉ig跟VGJ就是个1；1了...
道术之隙,7,无粉丝牌,秃驴，你可知贫道又来了
shaonanqi,6,无粉丝牌,50ge?
磕金斩杀,18,无粉丝牌,一袋大虾
我想听歌可以吗,12,小僵尸,一带大匣还差不多
haharen9898,22,无粉丝牌,一代大虾
SUMburn,9,无粉丝牌,一盒大侠
小杰要进步,15,集团军,打半个打半个应该没问题
Shakalakar,9,无粉丝牌,什么几把 有跳伞么
流年流刃,23,集团军,田伯光你师傅仪琳呢
Arteezy巴巴耶夫,14,蜀军,好好当大厨，当什么大侠
Deopt,11,集团军,尬
LV天鸣,12,小僵尸,道理是这个道理
来碗清汤面,5,无粉丝牌,一代大匣，没毛病啊！！！
海军少将张召忠,15,小僵尸,两个人打100个吃鸡
老陈的F1键,8,集团军,哈哈哈哈哈斗鸡还是会说话
我叫孙巨魔,19,小僵尸,一代大厨，一个人管100个人的饭没问题
斗鱼用户G749AXtQ,5,无粉丝牌,1v50？挂B吧
longge2177,13,集团军,斗鸡吹的飞起
小缘的小姜师,20,小僵尸,被斗鸡骑脸了啊
天臺上的朋友,16,无粉丝牌,一个人炒50个人的菜，你想累死我川宝？？
史上最弱,20,T鸽鸽,一袋大匣
老五是白痴,26,无粉丝牌,以后就叫厨侠
咻咻满的阿克琉斯,15,集团军,居然张头发了
InvokerKing4399,19,集团军,秃驴。贫道又来了！
chy199333,27,点子王,秃驴受死！
你可住口吧,27,咕咕希,只有独臂神尼能配得上厨子戏子痞子
Arteezy巴巴耶夫,14,蜀军,。。。。
体重还可以,18,无粉丝牌,一个厨子不看菜谱 看上秘籍了
LV天鸣,12,小僵尸,没有天下无敌的精神怎么做一代大匣
iG_ak,22,小肚皮,这把不卡，没理由了
RaB乌龙茶,29,小僵尸,厨师侠
福尔马林男爵,25,大杰宝,彩笔二连踢
老陈你都瘦脱相了,20,集团军,厨师匣
xinjuan2010,12,小僵尸,对着空气一顿打
羽了个羽啊,17,集团军,贫道你可识得秃驴
諾唁gh,6,无粉丝牌,新手啊
xyhzzz,12,小僵尸,好丑陋
跳刀跳刀0,8,小僵尸,你再菜一点
芳苑家的五毛钱,19,小僵尸,李淳罡有剑就是天下第一，老陈有铲子也是
xyhzzz,12,小僵尸,菜鸡互啄
LV天鸣,12,小僵尸,脱战了跳一下真的好蠢的设定
664167526,21,小僵尸,菜逼四连踢，专门杀菜逼
襄阳小蜜蜂,8,无粉丝牌,好贱
xyhzzz,12,小僵尸,你们玩的局和我玩的不一样啊
xinjuan2010,12,小僵尸,这是新手
明日的记忆1986,6,无粉丝牌,这是在做夜宵吗
鹿真97699,6,无粉丝牌,23333333333
你可住口吧,27,咕咕希,燃烧你的卡路里啊
绿帽拉满,10,集团军,2333333
妞妞霁天,12,集团军,不离不弃2333.
别说了不喜欢,14,小僵尸,233
艾迪QAQ,30,小僵尸,23333333
体重还可以,18,无粉丝牌,把地上的补了呀
习惯不习惯的的廖敝人,22,集团军,CSNB
lopolo5,19,集团军,？？
axb16,28,无粉丝牌,救的号执着
鹿真97699,6,无粉丝牌,这货好tm执着啊！大师你没有被他们感动吗？
8疏忽,24,集团军,斗鸡点子王
明日的记忆1986,6,无粉丝牌,……
37丶1992X,19,小僵尸,6666
字母切片,16,小渣男,川神牛逼
陈一汪儿,19,集团军,颠勺中
习惯不习惯的的廖敝人,22,集团军,CSNB！
Suze甜酒,19,集团军,666
咻咻满的阿克琉斯,15,集团军,卧槽
lrlieying,13,无粉丝牌,是屠夫阿川吗？声音好像
桐原亮S,19,小僵尸,这菜不好吃啊
老陈的黑色丝袜,21,集团军,凡人的faker
咻咻满的阿克琉斯,15,集团军,这是谁
67373萌新,28,一发,李斯随？
aze白日梦蓝,13,集团军,先舔呀
快速扩容蛋夹,9,集团军,捡人头
十元真是太美了,15,无粉丝牌,566被黑屏狂喷，233
路鸣1泽他哥,14,集团军,川神已经打3个了，50个还会远吗
明日的记忆1986,6,无粉丝牌,什么局啊
流水灬Dragon,5,无粉丝牌,来首爱上张无忌啊
骄傲的玉米,16,无粉丝牌,这是什么菜？
讲道理啊噢,11,集团军,哈哈哈哈
小米REX,14,小僵尸,csnb
糯米被扳直了,19,小咣头,声音好大
王根硕,17,无粉丝牌,csnb
諾唁gh,6,无粉丝牌,这都是新手啊
暴躁的平原陆行鸟,19,小肚皮,握草，剑二十二?
颜色不一样的屎,18,集团军,情女
阿卡拉特勇士,14,小渣男,矢志不渝
人品帝哈,17,无粉丝牌,自死
老陈你都瘦脱相了,20,集团军,一切尽在勺中
阴晴天丶,16,集团军,哭了
要读PHD的Jerry,17,XDD,意思是老陈这个游戏比斗鸡玩的好
s3163345,20,傻肉,没有OB，果然川菜进了鱼塘局
懒趴的人,11,集团军,老陈别哭有集团军陪你
军道杀拳周某,9,囧菌菌,让他生 让他生
只是染了点绿色啵啵,19,小电鸡,这川菜不辣了，不好吃！！！
你可住口吧,27,咕咕希,躲躲藏藏川菜源远流长
字母切片,16,小渣男,情侣开房双排？
web1988,13,小僵尸,乔帮主来了
Ypsong0,16,无粉丝牌,经理，我的菜呢，快点端上来
嫩水蟹好吃吗,22,小霸天,，
小缘的小姜师,20,小僵尸,别人是情侣 老陈你呢
xu540245250,13,小青雉,老陈死肥猪！！！
RaB乌龙茶,29,小僵尸,菜九黄
sunny_木子,10,影魔王,让他生
MashiroCon,19,猛男,一切尽在老陈的颠勺中
体重还可以,18,无粉丝牌,谁追的你 我让他杀两个
我叫孙巨魔,19,小僵尸,意思是七夕没钱开放来玩游戏了
梅蒂,9,小僵尸,老陈有进步啊
ikcicii贼,12,北皇呀,听说田伯光大侠自闭了，过来看看
斗鸡的小迷弟,15,小电鸡,老陈跟斗鸡也是情侣啊
流水灬Dragon,5,无粉丝牌,今天晚上很适合爱上张无忌这首歌
时光凉透初时模様,15,无粉丝牌,现在哪个酒店会有电脑配置带的起这个游戏的啊
你可住口吧,27,咕咕希,我去做菜辣♂ᕙ（⇀‸↼‵‵)ᕗ
叽里呱啦乱开腔,15,集团军,来这里开心就好 今晚肯定吃得饱
youknowly7,14,集团军,都是单身的人来看单身的人直播
快速扩容蛋夹,9,集团军,怎么弹幕这么少
骄阳怎么了,16,四豆儿,全世界最好的情人节
不知道我的温柔,17,小僵尸,音乐餐厅没音乐的咯
LV天鸣,12,小僵尸,劝一下
梅蒂,9,小僵尸,捞陈打这个游戏倒是不瘤啊
军道杀拳周某,9,囧菌菌,酒店双排 吃鸡了就开始吃鸡？
LV天鸣,12,小僵尸,劝架
时光凉透初时模様,15,无粉丝牌,老陈潇洒一天和小姐姐，别说老陈单身
习惯不习惯的的廖敝人,22,集团军,说单身的人的直播的天真哦
messi699,21,集团军,2333333333
襄阳小蜜蜂,8,无粉丝牌,突然去世
fantasyworld94,23,集团军,哈哈哈哈哈哈
歪我把小绿帽送你好吧,15,小僵尸,辣辣辣辣
史上最弱,20,T鸽鸽,废物
斗鸡的小迷弟,15,小电鸡,哈哈哈哈
ftluoyi,12,集团军,老陈去摸摸唱人家嫌他太胖拒绝了
505757388,17,小僵尸,6666
鹿真97699,6,无粉丝牌,无能狂怒
别说了不喜欢,14,小僵尸,哈哈哈
s3163345,20,傻肉,哈哈哈
老陈的黑色丝袜,21,集团军,哈哈哈哈哈哈哈哈哈
守望麦田43288,13,集团军,哈哈哈哈哈哈哈
人品帝哈,17,无粉丝牌,送
s8282527,7,无粉丝牌,辣.
福尔马林男爵,25,大杰宝,废物啊
青年路小学第一ADC,5,无粉丝牌,辣子鸡啊
CAIYUBIN,18,无粉丝牌,......
John丶993,25,集团军,下楼打他啊
霓裳霓裳,22,集团军,无能狂怒
老陈你又在OB了,16,小僵尸,233333333333
真十二,18,集团军,无能狂怒
名前のない怪物_366,16,小僵尸,桌子HP-1-1-1
夏胧,12,小僵尸,无能狂怒
陈一汪儿,19,集团军,高手！
痴你一世柔情,23,银总,送
zzxxasp,22,集团军,废物，无能狂怒
流云cherry,16,小僵尸,hahahah
liang8341,23,集团军,哈哈哈
老陈的忠实粉,13,小渣男,无能狂怒
duan252422725,8,无粉丝牌,哈哈啊哈啊
跳刀跳刀0,8,小僵尸,辣辣辣辣
艾迪QAQ,30,小僵尸,-1-1-1-1
红松鼠yk,12,集团军,csnb
s3163345,20,傻肉,喜欢送
体重还可以,18,无粉丝牌,-4
你可住口吧,27,咕咕希,咚咚咚
longge2177,13,集团军,都是废物
嫩水蟹好吃吗,22,小霸天,斗鸡演你
haharen9898,22,无粉丝牌,川菜
要读PHD的Jerry,17,XDD,废物斗鸡
快速扩容蛋夹,9,集团军,菜鸡
氧气瓶丶Tcccc,23,集团军,"<img class=""chat-emotion"" rel=""dy115"" src=""https://shark.douyucdn.cn/app/douyu/res/page/room-normal/face/dy115.png?v=20170626"" />"
Yoga丨,33,无粉丝牌,辣辣辣
liulll111,6,无粉丝牌,舒服~~~~
小韩会咬人,22,集团军,-1-1-41-1-1-1
小米REX,14,小僵尸,2333333333333333
暴躁的平原陆行鸟,19,小肚皮,你被人打死了怪队友?
V的坚持,16,小痒虫,无能狂怒
大荒的独行者,10,集团军,斗鸡点子王
斗鱼用户hXx9Yl8I,12,小赢僧,真香
shui321,18,小僵尸,陪葬了
太阳月亮星星1119,16,小僵尸,无能狂怒
淡淡紫,27,小僵尸,废物啊
iG_ak,22,小肚皮,跳进来也是送
小米REX,14,小僵尸,666666666
我真的要开始认真了,24,寅子,点子王
Wqnmlglb,25,集团军,无能狂怒
sprt6767,15,无粉丝牌,0伤被砍
abc19736,21,无粉丝牌,啪啪啪啪啪啪
Ypsong0,16,无粉丝牌,上菜了
梅蒂,9,小僵尸,笑死我了
莫休,12,吊吊茶,送药
小对讲,10,无粉丝牌,灶台砸坏了
番茄花式爆炒西红柿,13,小僵尸,辣了点，不过下饭啊
守望麦田43288,13,集团军,-4
ikcicii贼,12,北皇呀,田伯光大侠真的自闭了吗？？
cay008,20,集团军,桌子HP-3
V5458132854,15,无粉丝牌,科比不行啊这个游戏
393363576,16,小僵尸,好菜啊
youknowly7,14,集团军,哈哈哈，老陈今年的今天我陪你过
我是来看dc骑单车的,11,无粉丝牌,点子王
从不学大的米波,17,小痒虫,斗鸡演你啊
Wqnmlglb,25,集团军,砸 使劲砸
因帅被判十年,5,无粉丝牌,我颠颠又炒炒放点辣椒
你可住口吧,27,咕咕希,斗鸡影帝leileleile
快速扩容蛋夹,9,集团军,一打二都打不过？好菜
Y得一首好湿,15,无粉丝牌,??????????
人品帝哈,17,无粉丝牌,弟中弟
longge2177,13,集团军,老陈真牛逼
沉默の颂唱者,18,小僵尸,？？？？
这我就不开心了,10,无粉丝牌,？？？？
莫休,12,吊吊茶,送药💊
s3163345,20,傻肉,加米饭
流年逝去已成殇,13,无粉丝牌,？？？？？？？？？？
六月末的雨,23,小渣男,吹你嘛呢
Ypsong0,16,无粉丝牌,菜迟但到
ccty2036,10,无粉丝牌,废物兄弟
jzg930,21,小僵尸,冲上去送死
夜刃舞风影,5,无粉丝牌,斗鸡NB
hmeng1,13,口苗,这几下翻炒，牛逼
沉默の颂唱者,18,小僵尸,？？？？。？。？？
史上最弱,20,T鸽鸽,？？？？？？？？？？？
TrenOKC,24,集团军,废物
8疏忽,24,集团军,斗鸡点子王
s8282527,7,无粉丝牌,?????
只是染了点绿色啵啵,19,小电鸡,？？？？？
对对轩阿,20,小僵尸,科比不会踢足球啊，讲道理。
老陈你又在OB了,16,小僵尸,弟弟
顾南升,18,集团军,我颠颠又炒炒放点辣椒
cy樱花雾海,13,影魔王,？？？？！
cassanovaa,27,无粉丝牌,？？？？？？？？？？？？？？？？？？？？？？？？？？
小玩意逗儿,7,无粉丝牌,？
流年流刃,23,集团军,2000
鳥的軌跡,12,影魔王,不知道等？
人品帝哈,17,无粉丝牌,张口就来
伪静态,18,小僵尸,下把更好吃
只是染了点绿色啵啵,19,小电鸡,最多700
习惯不习惯的的廖敝人,22,集团军,哈哈哈 斗鸡弟中弟
我也只有三岁,6,无粉丝牌,老陈要自闭了 哈哈哈哈哈
炫月残空,17,无粉丝牌,我打两个，这特么打锤子啊两个人
来碗清汤面,5,无粉丝牌,上菜上菜！！！
longge2177,13,集团军,弟中弟中弟
wolfupc,14,小僵尸,？？？？？？？
xuqihao89,13,集团军,斗鸡真的废物啊
凌乱清歌feel,21,小僵尸,？？？？？？？？？？
老陈你又在OB了,16,小僵尸,10000
枫叶FATE,10,小僵尸,哈哈哈
QWD19,20,小僵尸,我看了 1001
对对轩阿,20,小僵尸,科比打篮球可以。问题是足球是弟弟啊
翁小尾,19,虎鸽鸽,三个满血才600
飘飘飘尼玛,7,无粉丝牌,老陈，你真的有点儿菜
longge2177,13,集团军,老陈也有被人坑的一天啊?
从不学大的米波,17,小痒虫,你这一晚上能打1000吗
你可住口吧,27,咕咕希,厨子川川戏子斗鸡就位了 痞子是哪个
老陈你又在OB了,16,小僵尸,你怎么不说10000？
爷前途无量身体棒,14,小渣男,100
白白日刘,16,蜀军,需要刘神
梅蒂,9,小僵尸,跳不进来是真的笑死我了
嫩水蟹好吃吗,22,小霸天,斗鸡真实个废物
顾南升,18,集团军,我觉得老陈伤害有1万
讲道理啊噢,11,集团军,我点点又炒炒，放点辣椒，用万种的调料，付之一炒
夜来南风起丶,24,小僵尸,别问。问就是一千
shandabobo,20,蜀军,川神，急需古墓派第一高手六不六支援啊
爷前途无量身体棒,14,小渣男,老陈你看错了是100
鳥的軌跡,12,影魔王,跳进来你还不是死
枫叶FATE,10,小僵尸,点歌
Gavygod,18,集团军,四舍五入等于多少
夜刃舞风影,5,无粉丝牌,科比来踢足球总得给点时间适应嘛
雪天使,27,小僵尸,需要刘神啊
老陈你又在OB了,16,小僵尸,斗鸡是真的菜
暴躁的平原陆行鸟,19,小肚皮,放屁，没2万切吊
梅蒂,9,小僵尸,老陈还能被人坑，斗鸡得多辣
老陈的F1键,8,集团军,老陈伤害拉满 锅都打破了
枫叶FATE,10,小僵尸,没bgm打jb
请注意脚下我是小龙人,13,集团军,醉厨？？？？？？
Elegy挽歌2017,7,小僵尸,科比是打篮球的啊，你让他踢足球怎么行
尼罗河看客,19,集团军,老逼 偷偷开播
苏维稳i,9,无粉丝牌,别问，问就1000
纯KKkk,9,无粉丝牌,急需需要六神
习惯不习惯的的廖敝人,22,集团军,斗鸡没怎么玩
abc19736,21,无粉丝牌,不放bgm，怎么打胜仗
哈哈哈哈哈哈文heaven,24,点子王,你有轻功才跳进去的 斗鸡没有 弟弟懂了不
b7asshole,6,无粉丝牌,田伯光你他娘的
zaqwsd41,12,无粉丝牌,鲁越川苏  四大菜系
不劳而获的生活,9,小僵尸,小刘TM也是个弟弟啊 单排无限落地盒
待落,16,无粉丝牌,?????????????
炭烧饭团,28,无粉丝牌,玩0把
八宝山车神高桥凉介,25,无粉丝牌,辣！
haharen9898,22,无粉丝牌,弟中弟啊
梅蒂,9,小僵尸,田伯光为什么出家了
恶棍v领,24,集团军,你不等人齐上你毛线啊
8疏忽,24,集团军,2把？20把吧
洛海文,20,你几分,点歌，颠勺
炭烧饭团,28,无粉丝牌,20把
尼罗河看客,19,集团军,升12级了
SSQKPAPA,16,小緑帽,至少还能打十把
我叫孙巨魔,19,小僵尸,至少十把
fantasyworld94,23,集团军,？？？？
冬马嘿嘿嘿,13,无粉丝牌,20把都可以
习惯不习惯的的廖敝人,22,集团军,两把？？？
37丶夏天到了,19,小僵尸,最少五把
我想听歌可以吗,12,小僵尸,？？十把起
fantasyworld94,23,集团军,开灯啊
web1988,13,小僵尸,一起看啊
cay008,20,集团军,不只啊，还能玩10吧
似水流年L,21,小僵尸,1小时能打10吧
枫叶FATE,10,小僵尸,点歌 生死与共
海枫林89,14,集团军,可以玩十把的
请注意脚下我是小龙人,13,集团军,凭什么打两把？
myeucliwood,15,无粉丝牌,两把谦虚了啊
梅蒂,9,小僵尸,你来做
叫什么好呢,14,无粉丝牌,一起看啊
cay008,20,集团军,兄弟们刷起来
s3163345,20,傻肉,打2把是进决赛，你还能打20把
雅痞的疯子,7,无粉丝牌,至少20把好吧。
zzxxasp,22,集团军,川神你个b，说好第一天一起吃屎的你却溜了
猪败狗,15,寅子,我瞎了？
歌是生活emnn,13,小渣男,最少五把
小喃喃v,14,集团军,???
习惯不习惯的的廖敝人,22,集团军,五把至少
只言片语,10,无粉丝牌,皮鞋。。。
Treacy,18,小僵尸,？？？？
提刀出禁來,23,集团军,2333
yish5,21,小僵尸,哈哈哈哈
ac13732911,10,无粉丝牌,666666666666
Daniel1024x,18,无粉丝牌,为什么！斗鸡的声音变这样了
字母切片,16,小渣男,哈哈哈哈哈哈哈
web1988,13,小僵尸,哈哈哈哈哈
8疏忽,24,集团军,哈哈哈哈
发长不羁爱剪短,13,集团军,哈哈哈哈哈哈哈哈
嫩水蟹好吃吗,22,小霸天,哈哈哈哈
坐着风筝滴男人丶,26,339,66666666666666
尼罗河看客,19,集团军,233333333333333
shandabobo,20,蜀军,哈哈哈哈哈哈哈哈哈哈哈哈哈哈哈哈哈哈哈哈哈
建邺梁朝伟,15,小兰人,？？？？
VanceYang,12,小僵尸,66666
RaB乌龙茶,29,小僵尸,鲁粤川淮扬四大菜系
awdxssqq123,23,小僵尸,哈哈哈哈哈哈
GorillazChen,18,集团军,哈哈哈哈
阴晴天丶,16,集团军,我去做菜啦.jpg
2497509210,10,无粉丝牌,666666
遇强被怼,12,集团军,哈哈哈哈哈哈
跳刀跳刀0,8,小僵尸,哈哈哈哈哈
八宝山车神高桥凉介,25,无粉丝牌,啥？
liugongzhiyuan,6,无粉丝牌,66666
不再改ID丶阿拉,36,集团军,666666666666666666
z怪我咯,18,集团军,哈哈哈哈哈哈q
abc19736,21,无粉丝牌,哈哈哈
汐灬木,22,小肚皮,哈哈哈哈哈哈哈
缘来我是笑笑,21,憨厚哒,hahahaha
梅蒂,9,小僵尸,哈哈哈哈哈哈哈哈哈哈哈哈哈哈哈哈给我发一份
发长不羁爱剪短,13,集团军,人才做的啊
提刀出禁來,23,集团军,哈哈哈哈哈哈哈哈哈
John丶993,25,集团军,卧槽 哈哈哈哈
六月末的雨,23,小渣男,2333333333333333
炫月残空,17,无粉丝牌,放屁，还有冯提莫
老陈的黑色丝袜,21,集团军,哈哈哈哈哈哈哈哈哈哈哈哈哈哈哈哈哈或
understeer,22,DK86,66666666666
web1988,13,小僵尸,上方管
恶棍v领,24,集团军,6666
八宝山车神高桥凉介,25,无粉丝牌,我看到了啥 
小田huohuo,15,无粉丝牌,阳神？
haharen9898,22,无粉丝牌,还差还差哈哈还差哈哈哈哈
建邺梁朝伟,15,小兰人,2333333333
莫罗斯的著名抹布,25,集团军,......
含笑g,26,集团军,6666666
缘来我是笑笑,21,憨厚哒,666666666，我去做菜啦！
三天不吃瘦三斤,15,丽亚,笑死老子辣
德拉诺影钻,8,无粉丝牌,哈哈哈哈哈
番茄花式爆炒西红柿,13,小僵尸,哈哈哈哈
我也只有三岁,6,无粉丝牌,哈哈啊啊啊啊哈哈
灰化肥挥发会黑化,18,小僵尸,233333333333
老陈的F1键,8,集团军,哈哈哈哈哈哈哈啊哈
六月末的雨,23,小渣男,人才啊
RaB乌龙茶,29,小僵尸,毫无违和感
阴晴天丶,16,集团军,上房管  谁做的
嫩水蟹好吃吗,22,小霸天,我去做菜了.jpg
别说了不喜欢,14,小僵尸,哈哈哈66
youknowly7,14,集团军,哈哈哈哈哈哈哈哈
叫什么好呢,14,无粉丝牌,我去做菜辣
听歌抽蚊香,35,集团军,23333333
messia,6,无粉丝牌,？？？
海枫林89,14,集团军,吃独食？？？
不劳而获的生活,9,小僵尸,我去做菜了 可还行
Hydzero,29,集团军,哈哈哈哈哈哈哈哈哈哈哈哈哈哈
随遇随缘而安,28,小僵尸,关灯？
夜来南风起丶,24,小僵尸,上房管
字母切片,16,小渣男,？？？
你可住口吧,27,咕咕希,我开始慌了
abc19736,21,无粉丝牌,给个房管
再见青菜君,14,无粉丝牌,你麻痹
六月末的雨,23,小渣男,我去做菜辣
myse123,20,集团军,给力
Valar丶,19,小僵尸,上房管发妹子
53489241,7,无粉丝牌,GIF
字母切片,16,小渣男,黑了傻鲷
缘来我是笑笑,21,憨厚哒,天秀天秀。
m1rac丶,14,无粉丝牌,？
大脑阔脑壳大,23,集团军,我也会做菜
叫我小政就好,20,小肚皮,skr
军道杀拳周某,9,囧菌菌,skr skr
荒芜的月,7,无粉丝牌,大神鱼吧来一套？？
一切都是幻觉,19,小人参,chris wu
徐佳乐KEN,13,无粉丝牌,haha 
小天天天天天天,16,小僵尸,我去做菜辣
人品帝哈,17,无粉丝牌,skr
fantasyworld94,23,集团军,开灯啊
故昔,14,小肚皮,黑的
lva封,10,小8路,老母鸡？
每天种种花浇浇水,10,小僵尸,怎么黑屏？
haharen9898,22,无粉丝牌,川菜好吃啊
请注意脚下我是小龙人,13,集团军,鲷哥躺枪！
TTxsFighting,17,小僵尸,这不给个方管？
MorHyx,19,集团军,开灯呀川神
番茄花式爆炒西红柿,13,小僵尸,这给个房管不过分
扁扁88888,21,集团军,黑屏了，厨师！！！！
466756639,21,小僵尸,开灯
明敏一下明年,11,小僵尸,黑屏？
Adibu,23,小僵尸,黑屏做菜
xinjuan2010,12,小僵尸,关灯
Yoga丨,33,无粉丝牌,开灯啊
不再改ID丶阿拉,36,集团军,"奔跑吧，厨子<img class=""chat-emotion"" rel=""dy111"" src=""https://shark.douyucdn.cn/app/douyu/res/page/room-normal/face/dy111.png?v=20170626"" />"
黄浦江边放牛钓胖头,18,小僵尸,"<img class=""chat-emotion"" rel=""dy102"" src=""https://shark.douyucdn.cn/app/douyu/res/page/room-normal/face/dy102.png?v=20170626"" />"
gojmgrg,10,无粉丝牌,我瞎了
捞陈你特娘的晚上好啊,19,集团军,开灯啊老逼、
提刀出禁來,23,集团军,你SKR弟弟
cay008,20,集团军,开灯
馮趫,19,集团军,黑屏？
张Secret,19,集团军,黑了
只言片语,10,无粉丝牌,cnm，开灯啊
还诸哥哥,20,马蚤,黑屏拍了
伪静态,18,小僵尸,获取源没改啊
我虫心痒痒,24,集团军,开灯cnm
斗鱼用户hXx9Yl8I,12,小赢僧,废物
lisuzhi8896,13,集团军,开灯呀😄
嫩水蟹好吃吗,22,小霸天,节奏狗斗鸡
Moon丶Yakamoz,29,小緑帽,黑屏你播你🐴呢
发长不羁爱剪短,13,集团军,开灯！！！
请注意脚下我是小龙人,13,集团军,开灯 老逼！！！！！！！！
炫月残空,17,无粉丝牌,chris 川
待落,16,无粉丝牌,CNM
Xxxzii,11,小肚皮,开灯啊cnm
生命里有太多遗憾,15,小僵尸,黑屏了，你妈逼
axb16,28,无粉丝牌,开灯啊nmh
月夜奈何天,13,无粉丝牌,家里
gojmgrg,10,无粉丝牌,黑屏主播
张Secret,19,集团军,开灯
没有永远,18,小僵尸,电竞吴亦凡
字母切片,16,小渣男,黑了你个睿智
阿根廷风之子,13,集团军,skyskyskysky
53489241,7,无粉丝牌,黑屏了
我还是楼上他爹,18,小赢僧,Nmlgb开灯啊
安静哑巴,21,耀西,那张图之前配字是 燃烧我的卡路里！
遇强被怼,12,集团军,这把上黑暗料理？
vongwu,17,小僵尸,加拿大电鳗
lisuzhi8896,13,集团军,黑屏了 沙雕
恶棍v领,24,集团军,开灯呀川
不劳而获的生活,9,小僵尸,TM 无灯餐厅？
绅士龙泉,11,小渣男,欢迎来到黑夜主题餐厅
桃花剑雪中来,17,小肚皮,电音之王
m_hcd___,13,无粉丝牌,加加加
66666666lol,8,无粉丝牌,。。。
wwyany,16,无粉丝牌,关上灯都是一样的～菜
Mr老唐酸菜,15,无粉丝牌,黑屏了
chy199333,27,点子王,我去做菜了哈哈哈
流年流刃,23,集团军,黑频挨揍?
杯酒贺心凉,17,集团军,开灯啊，你个老逼想关了我们
MoSamaQAQ,23,集团军,厨艺已经高到关灯做菜了？
OB起来好狠的小僵尸,14,小僵尸,冲进xia
老陈你都瘦脱相了,20,集团军,关灯颠勺，好厨艺
日不落下的红领巾,10,无粉丝牌,加拿大电鳗
1242151906,14,小僵尸,黑屏直播 关注了
不正经的猹,19,集团军,人缘阿三
soulegg,14,集团军,我去做菜辣
8疏忽,24,集团军,真心希望能多进胜者组几个队伍
清明落雨时,21,小僵尸,风云？
帅帅ls,20,集团军,好歌
不劳而获的生活,9,小僵尸,他TM炒菜又没关灯，我们吃饭的被关了呀
来碗清汤面,5,无粉丝牌,加拿大炮王？？？
洛海文,20,你几分,歌不对啊
风吹起的瘦子,7,无粉丝牌,你打个屁 不是送？
灵性111111,13,小緑帽,液体加油！
Du_yz,9,无粉丝牌,风云2？
讲道理啊噢,11,集团军,我颠颠又炒炒，加点辣椒，用万种的调料，付之一炒
习惯不习惯的的廖敝人,22,集团军,斗鸡这个逼还是脏啊
龙骑士他爹,6,集团军,老陈 我吃饱了 好好玩 别做菜
日不落下的红领巾,10,无粉丝牌,说话自带电音
一袋子的鱼,8,无粉丝牌,盘中无菜，心中有菜
leon0903,6,无粉丝牌,风云2
待落,16,无粉丝牌,辣
不劳而获的生活,9,小僵尸,感觉今天开始都要掏点东西出来了  前两天说实话很多队BP啥的都不稳
鹿真97699,6,无粉丝牌,哪有？对不起，真的没有。
TM自暴自器,18,小僵尸,辣？
恨是爱的归宿,38,集团军,辣油
Left_sS,12,小僵尸,这歌可以的
sweif,18,小电鸡,辣辣辣
你可住口吧,27,咕咕希,匿名消息：是逐风做的
刘曌,7,小僵尸,什么歌
我是坏的人,13,小緑帽,风云2
军道杀拳周某,9,囧菌菌,新厨技 闻声辨菜
凤梨酥syn,31,汽车人,风云二
苹果太妃糖丶,15,无粉丝牌,辣有
lizhi2503,28,集团军,辣辣辣
十月十月丶十月,20,小僵尸,一个电视剧主题曲
5151asd,18,集团军,川神川神，这BGM和你不配啊
塞隆,20,小僵尸,辣油常胜无敌
那个呆呆呆,22,小肚皮,风云2主题曲
lirui5460,14,小僵尸,峰师弟
斐迪南格尼,5,无粉丝牌,风云
咲夜琉命,12,无粉丝牌,辣油长身体
冷商誉哈哈哈哈,22,无粉丝牌,辣辣辣
SIMOOOOOOOO,16,小兰人,2L是谁？
慈利真人山桩巴龙,19,集团军,sb
嘴强王者gg,10,无粉丝牌,风云
ccty2036,10,无粉丝牌,哦
转瞬即逝的九月,17,集团军,必死？
TM自暴自器,18,小僵尸,你就是美食作家阿川吗
军道杀拳周某,9,囧菌菌,辣油长生不死
小晓光呀,21,小僵尸,??????????????
小白猪饲养员预备役,18,小烈驴,辣油尝胜无敌
行云亦风,28,集团军,哦
集团军朱sir,23,集团军,每次都是必死，每次都是自己死
慈利真人山桩巴龙,19,集团军,纱布=S B
国际巨婴节,18,集团军,2l电音之王吴亦凡
鲁瞎子,18,猛男,你把你辣椒给我交了
一袋子的鱼,8,无粉丝牌,啊
陈一汪儿,19,集团军,老陈颠勺中
旌旗十万斩阎罗,5,无粉丝牌,川神的粉丝群号在哪儿看
q742903724,5,无粉丝牌,风云2
TTxsFighting,17,小僵尸,正在洗菜
生命里有太多遗憾,15,小僵尸,追你了吗？我先舔一会
TTxsFighting,17,小僵尸,马上开锅
飞行的考拉,22,集团军,点歌，我要听江湖情
vinnie221,18,小僵尸,我翻翻又炒炒 加点辣椒
不劳而获的生活,9,小僵尸,勤奋好学CYC又LIE了
伤心砍刀,8,无粉丝牌,正在打包快递
好人466,25,小僵尸,颠勺
Mid健,16,小僵尸,斗鸡声音听不出来？
TM自暴自器,18,小僵尸,首先把锅烧热
SSQKPAPA,16,小緑帽,星爆气流斩！
军道杀拳周某,9,囧菌菌,辣油长生无敌
TTxsFighting,17,小僵尸,开炒了
磕金斩杀,18,无粉丝牌,上宽油
TM自暴自器,18,小僵尸,加入宽油
五岳独尊,13,集团军,老怼？
liugongzhiyuan,6,无粉丝牌,6666
Gavygod,18,集团军,准备起锅
已经意识模糊了,11,小僵尸,没有乔帮主，三三能吃鸡么
字母切片,16,小渣男,跟上音乐了
gmy0223,18,集团军,菜已下锅，开始炒
你萌死啦丶丶,13,无粉丝牌,bgm配合啊
Deopt,11,集团军,帅
慈利真人山桩巴龙,19,集团军,你自己不去找他，
转瞬即逝的九月,17,集团军,说的不是一队
cay008,20,集团军,辣
8疏忽,24,集团军,哈哈哈哈哈
fantasyworld94,23,集团军,哈哈哈哈哈
臭的督查安尼,11,无粉丝牌,哈哈哈
生命里有太多遗憾,15,小僵尸,OK
liang8341,23,集团军,这么痛
axb16,28,无粉丝牌,跑啊
醉鲷,13,无粉丝牌,辣
陈一汪儿,19,集团军,上菜了
sean908,9,集团军,全完了
TTxsFighting,17,小僵尸,上菜了！
牛肉拉满,20,集团军,干谁
joeychen616,18,集团军,哈哈哈哈哈哈哈
广东名菜yjj,5,YJJ,辣辣辣
5151asd,18,集团军,哈哈哈
好人466,25,小僵尸,再来一碗 陈厨师长
Takunohime,15,小僵尸,我颠颠又炒炒 放点辣椒！
NOUNEN,12,无粉丝牌,香
军道杀拳周某,9,囧菌菌,辣油人儿不吃
8疏忽,24,集团军,斗鸡点子王啊‘
Natashaly,20,蘑菇,BISI?
沉默の颂唱者,18,小僵尸,歌还没听完
嘴强王者gg,10,无粉丝牌,辣油
Sooooooying,14,不自觉,辣辣辣
习惯不习惯的的廖敝人,22,集团军,辣
gmy0223,18,集团军,开始端菜
vinnie221,18,小僵尸,特辣
鳥的軌跡,12,影魔王,真的菜
守望麦田43288,13,集团军,配合不错
望蓝月来越美丽,20,小赢僧,啦啦啦啦啦啦啦
haharen9898,22,无粉丝牌,上菜
不服来干,36,鸽王,分开送，讲究
00陈超群00,18,集团军,辣辣辣
抱歉谢谢你1830,13,集团军,来了他必死，别急
流年流刃,23,集团军,上菜
Natashaly,20,蘑菇,必死？
游鱼酱,9,无粉丝牌,踩背
鹿真97699,6,无粉丝牌,谁救谁？
勒涩光,8,无粉丝牌,哪有人儿不去？
5151asd,18,集团军,真香
thxgone,14,小僵尸,我要做菜辣.jpg
huang2662772,18,小8路,辣辣辣辣辣辣辣辣
v最近比较烦r,18,大吊队,？废物你会防吗？
Yoga丨,33,无粉丝牌,辣辣辣辣
Mr老唐酸菜,15,无粉丝牌,别急
zzxxasp,22,集团军,辣
8疏忽,24,集团军,一套丝血了
老陈你都瘦脱相了,20,集团军,辣油长生无敌
周末的光与影,20,小僵尸,老陈 有点辣
Y得一首好湿,15,无粉丝牌,苟全性命于乱世
夏胧,12,小僵尸,真的不会补人吗？
小晓光呀,21,小僵尸,好惨
匆匆啊实打实,11,静言团,宽油
Treacy,18,小僵尸,好狠，这么对待一个厨师
沉默の颂唱者,18,小僵尸,曲终人散
慈利真人山桩巴龙,19,集团军,看看人家
ぺωΗУヾ,18,XDD,一脚一脚踩死了
demonhang2,16,集团军,23333
鸡爹新爸图拉父,27,小兰人,...
YesJoe,13,无粉丝牌,踩死
国际巨婴节,18,集团军,那有一盘酸菜
我银稳,20,无粉丝牌,斗鸡在干掉啊
anchool,28,小渣男,好秀啊
wyhewzero,17,鸽王,羞辱
只言片语,10,无粉丝牌,没判断么？明显吃不上药就要被打到，还吃药
守望麦田43288,13,集团军,看看人家
五岳独尊,13,集团军,原来是 斗鸡这个废物
Mr老唐酸菜,15,无粉丝牌,斗鸡：别急
zooeymoon,6,无粉丝牌,BGM应景
停药一年的李二狗,9,集团军,拿你做不认教学
lizhi2503,28,集团军,现场教学补人
sunpyun,24,讲道理,川神能不能开盘啊
生命里有太多遗憾,15,小僵尸,看看人家
我是坏的人,13,小緑帽,这是在羞辱你啊
xinjuan2010,12,小僵尸,看看人家
Ruaningman,13,好女孩,和斗鸡玩完全没节目效果
杰森你个斯坦森,31,小霸天,手把手教学补人
吉诺爱比利,16,无粉丝牌,被新手干倒了？
剥虾白猪啵啵痒痒,18,小渣男,.....这么厉害
岁封寒001,6,小僵尸,川香火锅吃到饱
liuzzabb,20,小僵尸,被人万般羞辱
请注意脚下我是小龙人,13,集团军,看看人家
梅蒂,9,小僵尸,这宫保鸡丁有点辣哦
Bite败者食尘,13,集团军,父子局？？
离殇lz,20,小赢僧,废物 斗鸡带你飞啊
枫叶FATE,10,小僵尸,欲擒故纵
陈一汪儿,19,集团军,看看你爹
GED丶123,17,无粉丝牌,TI8开始了老陈
不冷丶不热,21,集团军,斗鸡让你去的时候不去，就是要舔
慈利真人山桩巴龙,19,集团军,看看人家斗鸡的操作
斗鸡的小迷弟,15,小电鸡,哈哈哈
zhou21,13,无粉丝牌,看看人家
Takunohime,15,小僵尸,看看人家
fantasyworld94,23,集团军,看看人家
anchool,28,小渣男,老陈多学点啊
流水灬Dragon,5,无粉丝牌,爱上张无忌啊
素素痒痒我全都要,28,小痒虫,斗鸡这操作
qfbzsjhx,18,小僵尸,6666666666666
我挺你阿罗,10,无粉丝牌,666666666666
墮進風眼樂園,37,小緑帽,我草
TTxsFighting,17,小僵尸,斗鸡牛逼啊
守望麦田43288,13,集团军,看看人家v
ぺωΗУヾ,18,XDD,这是霸王回马枪？
2968263375,6,无粉丝牌,看看人家
别说了不喜欢,14,小僵尸,6666
SSQKPAPA,16,小緑帽,看看你鸡爹
小卡怡情,15,猛男,666666666666666666
岁封寒001,6,小僵尸,回马枪
鹿真97699,6,无粉丝牌,你看看人家斗鸡，再看看你？？
墮進風眼樂園,37,小緑帽,湖南第一枪
生命里有太多遗憾,15,小僵尸,看看人家，学着点
勒涩光,8,无粉丝牌,牛逼啊
Bite败者食尘,13,集团军,看看人家斗鸡
嗜睡小蘑菇,20,集团军,666666666
小晓光呀,21,小僵尸,看看人家
吉诺爱比利,16,无粉丝牌,鸡爹
半个读书人WMC,10,无粉丝牌,6666
心之所动让它随风,20,无粉丝牌,帅
liuzzabb,20,小僵尸,看看你鸡爹
liang8341,23,集团军,斗鸡可以啊
q742903724,5,无粉丝牌,你看看人家怎么玩的
停药一年的李二狗,9,集团军,斗鸡完了一天
你才是懒惰的狗,16,集团军,看看人家
周末的光与影,20,小僵尸,鸡爹？
千里云华,8,无粉丝牌,NB啊
axb16,28,无粉丝牌,被2个菜鸡干了
m1rac丶,14,无粉丝牌,斗鸡叼啊
duan252422725,8,无粉丝牌,哈哈哈哈
枫叶FATE,10,小僵尸,斗鸡牛逼
第五法青,12,无粉丝牌,假动作，回马枪
慈利真人山桩巴龙,19,集团军,斗鸡打药勾引别人很机制
RaB乌龙茶,29,小僵尸,霸王枪我擦
集团军朱sir,23,集团军,看看人家
集团军二五高射炮兵,27,集团军,你学到没？
名侦探柯南丶丶丶,37,小K基,看看人家
yish5,21,小僵尸,疯狂假装喝药
zzxxasp,22,集团军,看看你鸡爹
xxxqqqlj,22,集团军,看看人家这操作  反应
蝴蝶为花醉S,17,小僵尸,学到了吗
xinjuan2010,12,小僵尸,1鸡=20川
斗鱼用户hXx9Yl8I,12,小赢僧,废物指挥ob
GipsyAvenger,9,小电鸡,斗鸡强啊
低头淺唱,22,集团军,看看人家，你真是弟中弟
Teacher孙,10,无粉丝牌,看看人家
炫月残空,17,无粉丝牌,鸡爹leile
Takunohime,15,小僵尸,看衣服就像个大厨
习惯不习惯的的廖敝人,22,集团军,弟中弟都比你厉害
离殇lz,20,小赢僧,看看你🐔爹
moose21,9,小渣男,看看你鸡爹
00陈超群00,18,集团军,辣辣辣好啦
youknowly7,14,集团军,假装吃药，66666
素素痒痒我全都要,28,小痒虫,看看人家，你真是弟中弟
国际巨婴节,18,集团军,斗鸡这个回马枪可以啊
停药一年的李二狗,9,集团军,拿得你的义务
lizhi2503,28,集团军,假装吃药，斗鸡会玩啊
sean908,9,集团军,完了
這訆老呋侞何媞,22,小渣男,斗鸡会骗药，废物学着点
请注意脚下我是小龙人,13,集团军,你鸡爹还是你鸡爹啊
YPLGG,22,小僵尸,辣
切土豆的小突突,11,集团军,看看人家
军道杀拳周某,9,囧菌菌,辣油长生无敌 哪有人儿不吃
我是穷鬼拉拉拉,8,无粉丝牌,看看你鸡爹
守望麦田43288,13,集团军,看看人家鸡爹
慈利真人山桩巴龙,19,集团军,看看人家，你真是弟中弟
aslxl0321,9,无粉丝牌,菜啊
集团军二五高射炮兵,27,集团军,你爹玩什么都还是你爹
柠CC,14,小僵尸,假装吃药卧槽
m1rac丶,14,无粉丝牌,游戏天赋这东西，唉
GipsyAvenger,9,小电鸡,斗鸡杀了4个，你个废物
慈利真人山桩巴龙,19,集团军,看看人家，你真是弟中弟..
停药一年的李二狗,9,集团军,拿了你的遗物
从不学大的米波,17,小痒虫,你可真是个弟中弟
叫我如花就好,19,集团军,斗鸡这个勾引 你怕是一辈子学不会
漂泊异乡的狼,14,无粉丝牌,看看🐔神
丨只爱听你唱丶,6,无粉丝牌,不管什么游戏 你鸡爹永远是你鸡爹
千里云华,8,无粉丝牌,这枪可以
喝着脑白金嚼炫迈,16,可爱权,咋就2个人啊不热闹啊
五岳独尊,13,集团军,都很辣
demonhang2,16,集团军,可以
anchool,28,小渣男,老陈的游戏天赋真的差
昨夜星沉2,17,集团军,3
shdwewe,17,无粉丝牌,看看人家
LV天鸣,12,小僵尸,回马枪看着舒服啊
Suze甜酒,19,集团军,斗鸡学的快呀
duan252422725,8,无粉丝牌,多跟你爹学学
蛇口乞求者,19,集团军,他是个老陈
夜刃舞风影,5,无粉丝牌,淫枪弟中弟
红松鼠yk,12,集团军,科比就是科比啊，踢球也比孙悦强
跳刀跳刀0,8,小僵尸,你学会了吗
素素痒痒我全都要,28,小痒虫,不管什么游戏 你鸡爹永远是你鸡爹
Bite败者食尘,13,集团军,看看人家斗鸡，废物川川
SSQKPAPA,16,小緑帽,头像
farmerpuckyoung,11,无粉丝牌,什么游戏
abc19736,21,无粉丝牌,学会了吗
集团军朱sir,23,集团军,老陈从来没见过假装大药
ぺωΗУヾ,18,XDD,你鸡爹玩一天顶你玩一个月
capricjugg,5,无粉丝牌,你爹玩啥都是你爹啊
炫月残空,17,无粉丝牌,科比转战足球界了
不劳而获的生活,9,小僵尸,这意识操作 
用爱感化弱智,17,无粉丝牌,再来一碗饭
剥虾白猪啵啵痒痒,18,小渣男,斗鸡还会假动作
ccty2036,10,无粉丝牌,学学啊玩游戏要动脑子啊
pence123,16,紫姨,为什么武侠也是鸡爹厉害啊
集团军二五高射炮兵,27,集团军,请大家注意，这只是节目效果
咲夜琉命,12,无粉丝牌,你听懂了吗
我在徐东玩泥巴,16,小痒虫,弹幕又开始认爹了
shdwewe,17,无粉丝牌,看看人家，
你可住口吧,27,咕咕希,斗鸡手枪打的好
Harn4u,21,集团军,废物？？？
Kindred,17,小僵尸,不不不 。你是单纯的菜
LV天鸣,12,小僵尸,你也练练回马枪
天一银鞭纵横撸界,21,无粉丝牌,还可以开1把
鸡汤爱上头,6,无粉丝牌,到这里还是鸡爹？
慈利真人山桩巴龙,19,集团军,斗鸡会打药勾引别人
请注意脚下我是小龙人,13,集团军,你鸡爹永远是你鸡爹
恋药,18,小僵尸,bgm？
待落,16,无粉丝牌,博尔特踢球了
liugongzhiyuan,6,无粉丝牌,3分钟1把
恶棍v领,24,集团军,弹幕怎么又开始了
刚好能用够八个字,11,集团军,川菜听都听不懂
呵呵伊笑,26,小电鸡,科比会假动作不是很正常嘛？
一个神秘的老B,16,集团军,bgm不对啊
名为三问的沙弥,21,小僵尸,bgm叫啥
齐凌君,16,无粉丝牌,这么快
栖冬,9,集团军,高手打架都是有药先把药磕了边打边回
广东名菜yjj,5,YJJ,等一万年，等来了一个救
不劳而获的生活,9,小僵尸,这BGM  是什么啊  有点子东西 
甲哥别生气,19,集团军,算了 来这里开心就好
五岳独尊,13,集团军,一个川菜一个湘菜
1823233937,12,小僵尸,剑仙额风云？
xuqihao89,13,集团军,你玩了这么久 会打药勾引吗 川神？
鸡汤爱上头,6,无粉丝牌,斗鸡真的秀
集团军二五高射炮兵,27,集团军,下饭菜式，才是主演操作
20CC敌敌畏,5,无粉丝牌,捞陈能不能换几个bgm
嫩水蟹好吃吗,22,小霸天,吃泡面，真实
hl727256,22,小僵尸,BGM：剑侠情缘
军道杀拳周某,9,囧菌菌,转身带走了川菜
duan252422725,8,无粉丝牌,这歌听多了像断气了一样
Bite败者食尘,13,集团军,川川你是真的辣
邓小侠,22,小僵尸,今古传奇武侠版
雀雀换直播间啦630127,19,无粉丝牌,榨菜
capricjugg,5,无粉丝牌,科比假动作，常规操作啊
dewuang,10,集团军,斗鸡懂事啊
天道无长我行我道,17,无粉丝牌,吃川菜不好吗？
海豹豹豹豹,13,无粉丝牌,？？？？hx就给鸡酱吃泡面？
Z正正,12,无粉丝牌,老陈每天打这么久的游戏，为什么还能一直这么菜？
传奇大神王zard,16,小僵尸,大半夜下菜
浮云出碧落,21,小僵尸,想来玩汤圆
gmy0223,18,集团军,转眼就是一桌热菜
haharen9898,22,无粉丝牌,赶紧做菜去吧
剥虾白猪啵啵痒痒,18,小渣男,陈指导十项全不能了解一下
集团军二五高射炮兵,27,集团军,明天见
SIMOOOOOOOO,16,小兰人,泡面好吃吗？
守望麦田43288,13,集团军,我颠颠又炒炒，加点辣椒
Bite败者食尘,13,集团军,川菜不好吃了？？？
你可住口吧,27,咕咕希,别吃泡面 燃烧你的卡路里 你是小仙🐔
萌萌的胖斗,21,无粉丝牌,别要求太多，气都控制不好
已经意识模糊了,11,小僵尸,三三不会假装吃药反打么
鹿真97699,6,无粉丝牌,集盒
pence123,16,紫姨,斗鸡会有做人啊 不抢川菜
fantasyworld94,23,集团军,哈哈哈
Ypsong0,16,无粉丝牌,有川菜下饭吃泡面？？看不起谁呢
脑瘫患者陈彦川,12,集团军,cnm 天天鸽
带带戴师兄,17,集团军,老陈 开门
ccty2036,10,无粉丝牌,真实
停药一年的李二狗,9,集团军,哈哈
体重还可以,18,无粉丝牌,6666
Nn丶忘却,24,无粉丝牌,又是这个b
BlackDespair,13,集团军,泡面配川菜才好吃啊
仰天瞪视夏日的天空,15,集团军,哈哈哈哈哈
ぺωΗУヾ,18,XDD,一打二有机会，只要对面有龙神
我虫心痒痒,24,集团军,哈哈哈哈哈哈
停药一年的李二狗,9,集团军,文斗
随遇随缘而安,28,小僵尸,又是这个b
LichBluRay720px264XS,6,无粉丝牌,秃驴寿司 。
带带戴师兄,17,集团军,川菜
鹿真97699,6,无粉丝牌,........
字母切片,16,小渣男,和尚加班做菜怎么了？
嫩水蟹好吃吗,22,小霸天,哈哈哈哈
Bite败者食尘,13,集团军,哈哈哈哈哈哈
好人466,25,小僵尸,闻到辣味了
停药一年的李二狗,9,集团军,找你就找你
爷前途无量身体棒,14,小渣男,就像你读书每天都在读为啥还成绩差一样，应付了事啊
跳刀跳刀0,8,小僵尸,哈哈哈哈哈哈
鹿真97699,6,无粉丝牌,666666666666
栖冬,9,集团军,感觉一会儿不仅老找你还杀你
joeychen616,18,集团军,武侠老陈玩了几个钟了？有统计吗？
嫩水蟹好吃吗,22,小霸天,又是这个逼
Treacy,18,小僵尸,.........
停药一年的李二狗,9,集团军,哈哈
美少年肛翻集团军高层,17,集团军,秃驴
乐乐儿的背影,17,集团军,哈哈哈哈哈哈
仰天瞪视夏日的天空,15,集团军,哈哈哈哈哈哈哈哈
叫我海狸就好了,50,集团军,6666666
曾四凡,5,无粉丝牌,。。。
髙甚麽的,16,集团军,赵二
LichBluRay720px264XS,6,无粉丝牌,哈哈哈
只言片语,10,无粉丝牌,三三都不怎么经常飞踢追人，一直跑，菜
TomKing,22,喵村,。。。。。。
xuqihao89,13,集团军,2333333
vinnie221,18,小僵尸,hhh
小晓光呀,21,小僵尸,又来了
看见我的女王了么,26,小僵尸,哈哈哈哈哈哈哈
习惯不习惯的的廖敝人,22,集团军, 哈哈哈 川菜人人得知
恶棍v领,24,集团军,哈哈
我虫心痒痒,24,集团军,哈哈哈哈哈哈哈哈哈哈哈哈
一岁就很帅888,14,无粉丝牌,秃驴
你可住口吧,27,咕咕希,道道道道道道
awdxssqq123,23,小僵尸,哈哈哈又是这个比
cay008,20,集团军,哈哈
剥虾白猪啵啵痒痒,18,小渣男,哈哈哈哈
皓月云烟,20,小烈驴,秃驴
duan252422725,8,无粉丝牌,哈哈哈哈哈
Jt_wong,15,集团军,哈哈哈哈
木绵羊,8,无粉丝牌,哈哈，哈哈。
ccty2036,10,无粉丝牌,这帮比
生命里有太多遗憾,15,小僵尸,哈哈哈
带带戴师兄,17,集团军,吐露
停药一年的李二狗,9,集团军,贫道？
Kaméleon,14,无粉丝牌,秃驴
梦碎了fly,26,集团军,……
花见花开李居丽,25,集团军,"秃驴,你可识得贫道"
shox丶,23,集团军,秃驴
awdxssqq123,23,小僵尸,秃驴看剑
Yoga丨,33,无粉丝牌,川菜
七喜xxxxxxx,21,小霸天,哈哈哈哈哈哈
仰天瞪视夏日的天空,15,集团军,个个都是人才
殘忍的慈悲,9,小僵尸,还记得那个师太吗？
剥虾白猪啵啵痒痒,18,小渣男,丘处机卧槽
axb16,28,无粉丝牌,老秃驴看剑
不坦率的龙之介,15,集团军, 
鹿真97699,6,无粉丝牌,233333333
木绵羊,8,无粉丝牌,秃驴，好菜。
cay008,20,集团军,秃驴看剑
你可住口吧,27,咕咕希,七喜牛逼！
三石cl,11,无粉丝牌,老陈资金不是也天天嘴炮要7鸡吗
不坦率的龙之介,15,集团军,发送内容为空，请重新输入!
停药一年的李二狗,9,集团军,江湖大侠 川菜
不劳而获的生活,9,小僵尸,这个B 是个复读机
xuqihao89,13,集团军,笑死了
嫩水蟹好吃吗,22,小霸天,秃驴你可识得贫道
习惯不习惯的的廖敝人,22,集团军,川菜人人得而诛之
夜来南风起丶,24,小僵尸,操他妈人才真是多
殘忍的慈悲,9,小僵尸,我要为师太报仇
Yoga丨,33,无粉丝牌,秃驴
haharen9898,22,无粉丝牌,笑死了
Bite败者食尘,13,集团军,秃驴你可识得贫道
鲤入大海o鸟上清天,13,小僵尸,赵二lei了
德拉诺影钻,8,无粉丝牌,道长牛逼
不坦率的龙之介,15,集团军,笑死我了
老陈你又在OB了,16,小僵尸,抓着川菜吃
讲道理啊噢,11,集团军,秃驴
剥虾白猪啵啵痒痒,18,小渣男,牛鼻子老道寿司
吾乃万事之先,15,小肚皮,川菜
pence123,16,紫姨,秃驴你可识得此剑否
abc19736,21,无粉丝牌,脱衣服
来碗清汤面,5,无粉丝牌,老秃驴，来吃贫道一剑！
小阳哥呵呵哒,7,郑白给,直呼川神大名？？？
douyu3826,16,无粉丝牌,我颠颠又炒炒放点辣椒  有万种的调料付之一勺
阴晴天丶,16,集团军,秃驴寿司！！
谁吃奥利奥,8,无粉丝牌,青岛张三丰何在？
gmy0223,18,集团军,这一盘撑死你们，一个都别跑
Jt_wong,15,集团军,哈哈哈哈笑死了
仰天瞪视夏日的天空,15,集团军,哈哈哈哈哈哈哈
慕灬先生,14,集团军,"<img class=""chat-emotion"" rel=""dy001"" src=""https://shark.douyucdn.cn/app/douyu/res/page/room-normal/face/dy001.png?v=20170626"" />"
Ypsong0,16,无粉丝牌,秃驴，你也敢和贫道抢师太
习惯不习惯的的廖敝人,22,集团军,哈哈哈
习惯不习惯的的廖敝人,22,集团军,哈哈哈
守望麦田43288,13,集团军,我颠颠又炒炒，加点辣椒v
阿卡拉特勇士,14,小渣男,弟中弟？
2012那夜,24,无粉丝牌,直呼 川神名字   过分了
青岛好哥哥,10,无粉丝牌,66666666666
ccty2036,10,无粉丝牌,还是皇后上马比较秀
体重还可以,18,无粉丝牌,？？？
Bite败者食尘,13,集团军,别啊，你不玩了我们就要饿死了
蒹葭蒼沧,17,集团军,88
萌萌的啵啵MUA呜呜呜,20,小緑帽,川菜再见
过路的好心人,13,集团军,秃驴 你可会做川菜
awdxssqq123,23,小僵尸,到底是谁弟中弟
zzxxasp,22,集团军,究竟会死在哪位大侠手上
咲夜琉命,12,无粉丝牌,又不玩了？
天天赶羚羊,18,无粉丝牌,1
ぺωΗУヾ,18,XDD,不愧是老伞兵，跳伞技术没的说
pence123,16,紫姨,完了立flag了 要搬游戏了
来拿人头啊,21,集团军,不是 青岛张三丰人呢？
天天赶羚羊,18,无粉丝牌,2
谁吃奥利奥,8,无粉丝牌,青岛张三丰呢
KissMyall86,5,无粉丝牌,道长爱吃辣
髙甚麽的,16,集团军,换衣服吧 还能活
cassanovaa,27,无粉丝牌,意思这个是最后一局了
过路的好心人,13,集团军,安排了 给他做一道特辣川菜
蒹葭蒼沧,17,集团军,珍惜这最后的江湖
带带戴师兄,17,集团军,老陈求求你换衣服把
cay008,20,集团军,赵二，沐剑屏，青岛张三丰
Bite败者食尘,13,集团军,又要割须弃袍了
剥虾白猪啵啵痒痒,18,小渣男,这个道士这么暴躁，肯定是丘处机呀
停药一年的李二狗,9,集团军,学学你爹
你可住口吧,27,咕咕希,完了我又啥也没抽到
2012那夜,24,无粉丝牌,老陈 你这天天玩   免费推广不划算呀
山沟贵族,12,小僵尸,秃驴你可识得贫道
风吹屁屁凉凉凉的,17,集团军,你麻痹终于来了
钟无艳233,6,无粉丝牌,ZUIQUAN＼＼＼＼
TD丶牙牙乐,23,正直,终于来了
叶子solitary,6,无粉丝牌,?
鲤入大海o鸟上清天,13,小僵尸,废物斗鸡
钟无艳233,6,无粉丝牌,醉拳！
moose21,9,小渣男,bgm
阴晴天丶,16,集团军,呼
嫩水蟹好吃吗,22,小霸天,来了来了
龙骑士他爹,6,集团军,D2好像又崩了
Treacy,18,小僵尸,最川菜
阴晴天丶,16,集团军,哈
你可住口吧,27,咕咕希,哈♂辣♂！
集团军朱sir,23,集团军,lei了lei了
华盛顿黑胖子,18,集团军,废物斗鸡
守望麦田43288,13,集团军,我颠颠又炒炒，加点辣椒
带带戴师兄,17,集团军,呼
s8282527,7,无粉丝牌,我颠颠又炒炒
TD丶牙牙乐,23,正直,我颠颠又炒炒 加点辣椒
ImKael,14,小僵尸,我颠颠又炒炒
不知道我的温柔,17,小僵尸,加辣椒
过路的好心人,13,集团军,老陈你又不是和尚 穿个袈裟装B呢？
洛海文,20,你几分,来了，醉拳
停药一年的李二狗,9,集团军,颠颠又吵吵
iG_ak,22,小肚皮,说好的有武器集合呢？
axb16,28,无粉丝牌,颠颠又倒倒
Suze甜酒,19,集团军,人多会卡
因帅被判十年,5,无粉丝牌,上菜
shuzhongjiumeng,7,无粉丝牌,斗鸡嘴强王者
douyu3826,16,无粉丝牌,我颠颠又炒炒放点辣椒  有万种的调料付之一
moose21,9,小渣男,雷了雷了
Bite败者食尘,13,集团军,快点割须弃袍啊
cassanovaa,27,无粉丝牌,被安排了
Jt_wong,15,集团军,哈哈哈哈
鲤入大海o鸟上清天,13,小僵尸,哈哈唉哈哈哈
你可住口吧,27,咕咕希,战歌牛逼！
别说了不喜欢,14,小僵尸,哈哈哈
pence123,16,紫姨,他来了
生命里有太多遗憾,15,小僵尸,哈哈哈，lei了
山沟贵族,12,小僵尸,我掂掂又炒炒~
阴晴天丶,16,集团军,秃驴寿司！！！
一岁就很帅888,14,无粉丝牌,来了 来了
别说了不喜欢,14,小僵尸,跑
五月不下雪,21,Quin,这是大厨！
awdxssqq123,23,小僵尸,来了 来了
牙上有饭,15,无粉丝牌,我颠颠又倒倒，多放辣椒
来碗清汤面,5,无粉丝牌,我颠颠又炒炒，加点辣椒！！！
大海蛇,19,小僵尸,道长来了
axb16,28,无粉丝牌,别跑啊
謊言800丶,20,点子王,我最喜欢这首歌了
老陈你又在OB了,16,小僵尸,来了
鹿真97699,6,无粉丝牌,搞死他啊！ 你跑什么？
阴晴天丶,16,集团军,秃驴寿司！！！！！
体重还可以,18,无粉丝牌,赶紧拖呀
味道淡就放盐,11,无粉丝牌,祝有情人都是失散多年的亲兄妹！
木绵羊,8,无粉丝牌,哈哈，道人来了
做一把小雨伞,13,小僵尸,道长他来了
夜刃舞风影,5,无粉丝牌,秃驴你可食得大屌
生命里有太多遗憾,15,小僵尸,秃驴看剑
這訆老呋侞何媞,22,小渣男,废物又要跑了
中华驯,22,集团军,你可识得贫道！
花见花开李居丽,25,集团军,把这个倒是发髻揪下来
老陈你又在OB了,16,小僵尸,道长来了
anchool,28,小渣男,丢人啊
understeer,22,DK86,油盐酱醋不能少
Q赌Q,8,无粉丝牌,别人看直播的
qq_KHTMz7,14,小僵尸,14555555555555555555555555555555555555555153
ぺωΗУヾ,18,XDD,哈哈哈哈哈哈哈
cassanovaa,27,无粉丝牌,哈哈哈哈
华盛顿黑胖子,18,集团军,割须弃袍
滚滚的爸比,10,小僵尸,文斗
牛肉拉满,20,集团军,袈裟扔了
xinjuan2010,12,小僵尸,你可真是个废物
Suze甜酒,19,集团军,。。。。
awdxssqq123,23,小僵尸,喊单挑啊
Bite败者食尘,13,集团军,哈哈哈哈哈哈哈哈
SSQKPAPA,16,小緑帽,文斗啊
Q赌Q,8,无粉丝牌,你拖衣服有用吗
磕金斩杀,18,无粉丝牌,文斗
五月雪,8,无粉丝牌,文斗
周末的光与影,20,小僵尸,割须弃袍？
大家都喊我帅哥,10,无粉丝牌,哈哈哈哈
停药一年的李二狗,9,集团军,文斗干他
Harvey大航哥,21,猛男,???
不知道我的温柔,17,小僵尸,割须弃袍
baobaobaobdsads,10,无粉丝牌,哈哈哈哈哈哈
胖头鱼动物保护协会,9,点子王,割须弃袍
惊雷闪,12,集团军,单挑啊 这么怂
axb16,28,无粉丝牌,丢人
只言片语,10,无粉丝牌,割须弃袍。。。
Kim金软软,34,小咣头,文斗啊
pence123,16,紫姨,被臭老道支配 恐惧了
zzxxasp,22,集团军,哈哈哈，割须弃袍了
GipsyAvenger,9,小电鸡,袈裟都没了
老陈你又在OB了,16,小僵尸,233333333333
haharen9898,22,无粉丝牌,袈裟都扔了
Ypsong0,16,无粉丝牌,文斗
Yoga丨,33,无粉丝牌,23333333
ぺωΗУヾ,18,XDD,干他啊
鲤入大海o鸟上清天,13,小僵尸,哈哈哈哈
鹿真97699,6,无粉丝牌,2333333333
不愉快l,10,无粉丝牌,弃道了吗
明抢了阿噗阿噗,31,小僵尸,川哥？
老陈的F1键,8,集团军,自欺欺人
怎么全被注册了啊啊啊,5,无粉丝牌,唱歌？
过路的好心人,13,集团军,大大大大哥别打我 我我我我我把刀全给你
守望麦田43288,13,集团军,我颠颠又炒炒加点辣椒，有万种调料付之一勺
Yoga丨,33,无粉丝牌,快递？？？
anchool,28,小渣男,舔狗
我家有只IceQueen,19,250,鬼才。。
Harn4u,21,集团军,川哥？？？？ 你妈了个比的
vinnie221,18,小僵尸,？
笨蛋恶魔喵,13,集团军,割须弃袍
怎么全被注册了啊啊啊,5,无粉丝牌,cg？
zooeymoon,6,无粉丝牌,舔粉
别说了不喜欢,14,小僵尸,哈哈
鹿真97699,6,无粉丝牌,搞死那个道士！
cassanovaa,27,无粉丝牌,舔粉？？？？？？？？？？？？？？？？？？？？？
你可住口吧,27,咕咕希,♂一下底一下高♂！
生命里有太多遗憾,15,小僵尸,哈哈哈哈
主播我给你看个大宝贝,36,做辣,叫川哥？
低调隐忍收,13,集团军,hahahahaha
阴晴天丶,16,集团军,答应我
不知道我的温柔,17,小僵尸,文斗，讲究
在我被窝里的小白鸽,24,小渣男,恶意组队，哈哈哈
五月不下雪,21,Quin,川哥？集团军不是喊你川菜吗
P90rushBdontStop,9,小僵尸,还有废物舔粉？
我家有只IceQueen,19,250,哈哈哈哈哈哈哈哈哈
GipsyAvenger,9,小电鸡,哈哈哈哈
duan252422725,8,无粉丝牌,哈哈哈哈
炫月残空,17,无粉丝牌,割须弃袍陈彦川
带带戴师兄,17,集团军,川哥  我穿你妈?
pence123,16,紫姨,丢盔弃甲
Bite败者食尘,13,集团军,舔粉又要死了
磕金斩杀,18,无粉丝牌,2333
慈利真人山桩巴龙,19,集团军,哈哈哈啊哈
老陈你又在OB了,16,小僵尸,舔粉
鲤入大海o鸟上清天,13,小僵尸,走江湖最重要一个义字
Ypsong0,16,无粉丝牌,舔🐶
小晓光呀,21,小僵尸,川哥？？？给他上个房管
2497509210,10,无粉丝牌,答应我不要做舔狗好吗
4Peace,11,小肚皮,真情在沃日
我家有只IceQueen,19,250,哈哈哈哈哈哈
ぺωΗУヾ,18,XDD,哈哈哈哈哈哈哈哈哈哈哈
中华驯,22,集团军,？？？？
水喵王,14,无粉丝牌,舔狗
死人7,9,无粉丝牌,带路党
砖砸榻榻米,19,小僵尸,川神？杀！
阿卡拉特勇士,14,小渣男,草地肉♂搏
阴晴天丶,16,集团军,舔狗必死！！！
q742903724,5,无粉丝牌,3打1？
a53235593,10,无粉丝牌,哈哈哈哈哈哈
废物沙雕陈一驯,19,集团军,凌辱
带带戴师兄,17,集团军,舔狗必死
TTxsFighting,17,小僵尸,这个2个添坟我草
冈格尼尔XI,11,无粉丝牌,哈哈哈哈
添添要好运,11,小8路,"秃驴要被ban了,,组队."
鹿真97699,6,无粉丝牌,秃驴tm不是你自己 ？？？？？
体重还可以,18,无粉丝牌,凌辱
小珩,13,小僵尸,.....  你是秃驴啊。。。。
GipsyAvenger,9,小电鸡,凌辱哈哈哈
明抢了阿噗阿噗,31,小僵尸,舔狗必死！！！
阴晴天丶,16,集团军,川菜寿司！！！
SSQKPAPA,16,小緑帽,呸，舔狗
流年流刃,23,集团军,凌辱
剥虾白猪啵啵痒痒,18,小渣男,丘处机单挑江南七怪
Q赌Q,8,无粉丝牌,你是秃驴啊
五月不下雪,21,Quin,舔粉?叫川哥？
Bite败者食尘,13,集团军,舔狗必须死
石雨翼,5,无粉丝牌,集团军牛b啊
机制的黄Q哥,10,无粉丝牌,舔粉误国啊
xinjuan2010,12,小僵尸,3V2
skwolf,25,小僵尸,?
moose21,9,小渣男,啊
Kim金软软,34,小咣头,你是秃驴啊，他是老道
青年路小学第一ADC,5,无粉丝牌,舔狗窝草
lxcsage,23,T1me,老陈你被大大大相亲了啊
冬天过后不是秋,13,猛男, 秃驴
木绵羊,8,无粉丝牌,哈哈，哈哈哈。
守望麦田43288,13,集团军,哈哈哈
xinjuan2010,12,小僵尸,3V1
a329077098,20,小僵尸,2333
moose21,9,小渣男,搞错了搞错了
這訆老呋侞何媞,22,小渣男,你才是秃驴
Harvey大航哥,21,猛男,你才是秃驴啊
妞妞霁天,12,集团军,你管人家叫秃驴？？？
一瓶宝矿力一包芙蓉王,17,集团军,添狗
TTxsFighting,17,小僵尸,不是牛鼻子吗？
joeychen616,18,集团军,人间自有真情在？
我还是楼上他爹,18,小赢僧,杂毛吧
转瞬即逝的九月,17,集团军,舔狗guna
cay008,20,集团军,哈哈真实
老陈的F1键,8,集团军,牛鼻子啊
sunny_木子,10,影魔王,是牛鼻子
liang8341,23,集团军,秃驴你衣服呢
过路的好心人,13,集团军,秃驴是你自己啊  他是淫道
Suze甜酒,19,集团军,自己骂自己
炫月残空,17,无粉丝牌,你是秃驴啊
老衲老陈,22,集团军,你要喊牛鼻子
老陈并不傻b,32,小緑帽,要叫牛鼻子
xuqihao89,13,集团军,他是道士啊
想带你看极光,16,集团军,你特么是秃驴
老陈你又在OB了,16,小僵尸,集团军牛逼
jxae233142,20,小僵尸,你TM才是秃驴
4Peace,11,小肚皮,欧凯欧凯
axb16,28,无粉丝牌,牛鼻子被舔粉干了
呵护forever,25,无粉丝牌,nihilism秃驴啊
夜雨松风寒,22,影魔王, 。。。
莫罗斯的著名抹布,25,集团军,哈哈哈哈哈哈哈哈
你可住口吧,27,咕咕希,我给你一个荧光棒 答应我别做舔🐶好嘛
懒趴的人,11,集团军,哈哈哈哈哈哈
体重还可以,18,无粉丝牌,666666
德拉诺影钻,8,无粉丝牌,请注意你秃驴的身份
木绵羊,8,无粉丝牌,秃驴？人家明明是道士
ぺωΗУヾ,18,XDD,帮你操他妈可太秀了
一个神秘的老B,16,集团军,少林十八铜人
五岳独尊,13,集团军,恶意组队举报了
youknowly7,14,集团军,有水友参与还是好玩
0托比0,17,无粉丝牌,他是 牛鼻子啊
大家都喊我帅哥,10,无粉丝牌,在广场上凌辱你
守望麦田43288,13,集团军,我颠颠又炒炒加点辣椒，有万种调料付之一勺
慈利真人山桩巴龙,19,集团军,哈哈哈，不要脸
帅哥周,18,小僵尸,真实
冈格尼尔XI,11,无粉丝牌,6666666
awdxssqq123,23,小僵尸,喊牛鼻子老道啊
殘忍的慈悲,9,小僵尸,杂毛
五月不下雪,21,Quin,丢人啊，还夺回袈裟
5151asd,18,集团军,舔狗滚啊
叫我司徒就好了,29,小渣男,默默地点了举报
停药一年的李二狗,9,集团军,川哥
伪静态,18,小僵尸,......
阿卡拉特勇士,14,小渣男,答应我，不要做舔狗好嘛
萌萌的啵啵MUA呜呜呜,20,小緑帽,道士叫秃驴吗？
M9文西,23,小僵尸,吓得我袈裟都脱了
忆往曦,28,小痒虫,秃驴喊秃驴秃驴
明抢了阿噗阿噗,31,小僵尸,你才是秃驴好吗
duan252422725,8,无粉丝牌,舔狗死
过路的好心人,13,集团军,妖道！！！呔！！
douyu3826,16,无粉丝牌,我颠颠又炒炒放点辣椒  有万种的调料付之一勺
sunny丶天宇,20,小僵尸,舔狗去死啊
晓暮君,20,小僵尸,老陈
波大经深大熊,13,小僵尸,老陈莉莉在公开处刑你
pdsds,12,小肚皮,老陈怎么也有舔狗
苏城天秀哥,10,无粉丝牌,木棉袈裟
SycaMore0910,12,无粉丝牌,左右干他娘
守望麦田43288,13,集团军,我颠颠又炒炒加点辣椒，有万种调料付之一勺。
awdxssqq123,23,小僵尸,道士叫牛鼻子老道
阴晴天丶,16,集团军,答应我 水友们 别做舔狗好嘛
longge2177,13,集团军,自己扔的袈裟
只是染了点绿色啵啵,19,小电鸡,C站警告！
ぺωΗУヾ,18,XDD,这也能喊救的！
ipxterrans,11,影魔王,你是秃驴他是道士
Bite败者食尘,13,集团军,舔狗寿司
liang8341,23,集团军,哈哈哈
鹿真97699,6,无粉丝牌,杀这个秃驴先！
明抢了阿噗阿噗,31,小僵尸,秃驴别跑！
cassanovaa,27,无粉丝牌,9999999999999999999999
夜雪岚山风,24,集团军,9999999999999
缘来丶是196,21,196,999999999
生命里有太多遗憾,15,小僵尸,哈哈哈
伪静态,18,小僵尸,这bgm真是绝了
别说了不喜欢,14,小僵尸,哈哈哈
sunny丶天宇,20,小僵尸,舔狗去死
采菊东篱下悠然喜当爹,12,集团军,救
你可住口吧,27,咕咕希,99999999
生命里有太多遗憾,15,小僵尸,99999999999
五月不下雪,21,Quin,先杀秃驴
4Peace,11,小肚皮,救救救
zzxxasp,22,集团军,哈哈哈哈
老陈的F1键,8,集团军,99999999
晓暮君,20,小僵尸,99999
体重还可以,18,无粉丝牌,9999
老陈你又在OB了,16,小僵尸,233333333333
sunpyun,24,讲道理,23333333333333333
一岁就很帅888,14,无粉丝牌,脱衣服啊啊
因帅被判十年,5,无粉丝牌,哈哈哈哈
sxakln2014,12,无粉丝牌,老陈 lili那边现场处刑你
守望麦田43288,13,集团军,我颠颠又炒炒加点辣椒，有万种的调料付之一勺
风中痒痒虫,18,小痒虫,辣辣辣辣辣辣辣辣辣辣辣辣辣辣辣辣辣辣辣辣辣辣辣辣辣辣辣辣辣辣辣辣辣
鲤入大海o鸟上清天,13,小僵尸,秃驴别跑
鹿真97699,6,无粉丝牌,6666666666666
只为看的开心,21,集团军,和哈哈哈哈哈哈哈哈哈好
青年路小学第一ADC,5,无粉丝牌,73
ぺωΗУヾ,18,XDD,？？？？！
王伟波haff,8,无粉丝牌,喷子丢人啊，被舔粉干了
慈利真人山桩巴龙,19,集团军,哈哈哈，蠢逼
明抢了阿噗阿噗,31,小僵尸,卧槽？
红松鼠yk,12,集团军,队友呢
五月不下雪,21,Quin,就是这两个啊
John丶993,25,集团军,哈哈哈哈哈哈  瞎啊 你
陈一汪儿,19,集团军,上菜了
anchool,28,小渣男,太逗乐
siyu啵啵,12,集团军,哈哈哈呵呵呵
awdxssqq123,23,小僵尸,舔狗被人安排了
在我被窝里的小白鸽,24,小渣男,哈哈哈哈哈
a53235593,10,无粉丝牌,哈哈哈哈哈哈哈哈哈
000000_W5p,5,无粉丝牌,来个割须弃袍啊
晓暮君,20,小僵尸,哈哈哈哈
這訆老呋侞何媞,22,小渣男,废物
莫罗斯的著名抹布,25,集团军,哈哈啊哈哈哈啊哈哈
阴晴天丶,16,集团军,秃驴寿司！！
Roy615,14,小渣男,hahahahah
5151asd,18,集团军,哈哈哈哈
帅哥周,18,小僵尸,你可真是个弟弟
Bite败者食尘,13,集团军,丢人啊
鹿真97699,6,无粉丝牌,这俩狗腿子卧槽。。 
缘来是流心,26,集团军,哈哈哈哈哈
xudawei,12,小僵尸,川神做的一手好菜
zzxxasp,22,集团军,废物
SSQKPAPA,16,小緑帽,舔狗废物
明抢了阿噗阿噗,31,小僵尸,这个舔狗。。
别说了不喜欢,14,小僵尸,哈哈哈哈哈
陪伴豆丶意大利人,21,小豆包,笑死我了
来拿人头啊,21,集团军,哈哈哈哈哈哈哈哈哈和
uasdhgkjagj,11,小渣男,舔狗guna
Y得一首好湿,15,无粉丝牌,73?排名？
1804780005,6,无粉丝牌,江湖险恶
妍妍爸,29,猪芳芳,这就是江湖吗
老陈的F1键,8,集团军,9999999999999999999999
4Peace,11,小肚皮,都得死
GipsyAvenger,9,小电鸡,哈哈哈
生命里有太多遗憾,15,小僵尸,哈哈哈哈
老陈你又在OB了,16,小僵尸,哈哈
GED丶123,17,无粉丝牌,你可真是个孤儿 都TI了还在玩这个
你可住口吧,27,咕咕希,看到没 这就是舔🐶的下场
守望麦田43288,13,集团军,哈哈哈哈哈哈哈，舔狗牛逼
zooeymoon,6,无粉丝牌,都得死
小僵尸爱吃牛,21,小僵尸,哈哈哈哈哈哈哈哈
伪静态,18,小僵尸,73
shox丶,23,集团军,哈哈哈
痒痒的啦啦啦,32,小痒虫,73....
skwolf,25,小僵尸,哈哈哈哈
羡慕牛郎干过仙,14,小僵尸,66666666666666666666666666666666666
过路的好心人,13,集团军,川哥？
波大经深大熊,13,小僵尸,叫道爷
阿M不,23,小肚皮,23333333333
cay008,20,集团军,哈哈
机制的黄Q哥,10,无粉丝牌,废物
五月不下雪,21,Quin,狗腿不行啊
海豹豹豹豹,13,无粉丝牌,哈哈哈哈哈哈哈认错了
木绵羊,8,无粉丝牌,哈哈，哈哈哈，哈哈哈。。。
虾豆豆豆豆豆豆豆,7,集团军,川哥牛逼
s3163345,20,傻肉,哈哈哈哈
moose21,9,小渣男,哈哈哈哈哈哈哈哈哈哈哈哈哈哈
做一把小雨伞,13,小僵尸,这两兄弟woc
叫我海狸就好了,50,集团军,舔狗的下场
TTxsFighting,17,小僵尸,可太秀了
haharen9898,22,无粉丝牌,笑死了
别说了不喜欢,14,小僵尸,舔狗
只是染了点绿色啵啵,19,小电鸡,小弟义气
魂之幻羽,12,无粉丝牌,哈哈哈
小阳哥呵呵哒,7,郑白给,都得死？？？？
飞往海南小火龙,14,集团军,金牌狗腿
在我被窝里的小白鸽,24,小渣男,秃驴你还不死
大家都喊我帅哥,10,无粉丝牌,哈哈哈哈哈哈
shox丶,23,集团军,都得死
OB之神陈彦川,20,集团军,蠢啊
982589472,16,无粉丝牌,真快
莫罗斯的著名抹布,25,集团军,集团军 不丢人
XiiiL,19,小僵尸,杀我川哥
ぺωΗУヾ,18,XDD,等于说能喊路人救的
小恋1,7,猪芳芳,都得死！！！！
kikisbox,24,小僵尸,哈哈，都要死
体重还可以,18,无粉丝牌,舔粉误国呀
砖砸榻榻米,19,小僵尸,舔狗必死
awdxssqq123,23,小僵尸,舔狗都得死
字母切片,16,小渣男,答应我。别当舔狗好吗
多少钱美女,21,小緑帽,杀我川哥
Bite败者食尘,13,集团军,江湖险恶
TPlinkbook,18,小僵尸,淫僧去死！
天门一把刀,18,小僵尸,认错人了
帅哥周,18,小僵尸,73
天塌地陷花狗不见,8,菜菜瑟,1111111
axb16,28,无粉丝牌,脱衣不杀
来拿人头啊,21,集团军,杀我川哥
萌萌的啵啵MUA呜呜呜,20,小緑帽,江湖险恶啊川神
橙子lam,20,集团军,认错人了
shox丶,23,集团军,啊
siyu啵啵,12,集团军,川哥？？？？
恶棍v领,24,集团军,川哥
puduzsh,14,无粉丝牌,啊  ，杀我川菜
花见花开李居丽,25,集团军,最后亿把
枫漩音_雪夜,12,小僵尸,秃驴
2012那夜,24,无粉丝牌,哈哈哈哈  认错了
你才是懒惰的狗,16,集团军,这就是江湖
sunpyun,24,讲道理,舔粉误国啊
叫我小蟹就好了,20,小僵尸,杀我川哥
我不记得啦,15,小僵尸,你他妈一个和尚骂道士秃驴？
大家都喊我帅哥,10,无粉丝牌,杀我川哥！！！？？
侠探寒羽良,17,无粉丝牌,这是杰尼龟吗
叫我阿良就好了,13,集团军,川哥牛逼
杰尼龟BIUBIUBIU,44,集团军,舔粉误国
jxae233142,20,小僵尸,舔粉误国
Teacher孙,10,无粉丝牌,73牛逼！
cassanovaa,27,无粉丝牌,起码可以打5把
usherbaby,16,集团军,川哥可以的
千里云华,8,无粉丝牌,效果满分
阴晴天丶,16,集团军,这就是 舔狗的下场
805siant,5,无粉丝牌,这两个  哈哈哈哈 都得死
狮子座滴女人,17,小僵尸,奖励3块钱
baobaobaobdsads,10,无粉丝牌,答应我 别做个舔粉好吗
优雅华尔兹,19,小僵尸,两把？
天塌地陷花狗不见,8,菜菜瑟,1111111111111
liang8341,23,集团军,秃驴你可识得贫道
Harvey大航哥,21,猛男,你在干嘛呀
守望麦田43288,13,集团军,川哥牛逼
冬马嘿嘿嘿,13,无粉丝牌,还能打10把
收不收心里没点逼数吗,11,集团军,哈哈哈哈哈爆炸
wwyany,16,无粉丝牌,73真实
杰尼龟BIUBIUBIU,44,集团军,舔粉都给老子死
魂之幻羽,12,无粉丝牌,舔粉卧槽
TD丶牙牙乐,23,正直,集团军伙夫
剥虾白猪啵啵痒痒,18,小渣男,丘处机好厉害
燕姿zi,17,o安o,三藏，是你吗
听说下雨咯,13,集团军,舔狗的下场
kikisbox,24,小僵尸,杀我川哥
小晓光呀,21,小僵尸,GED丶123：你可真是个孤儿 都TI了还在玩这个
萌萌的钻木取火,36,集团军,这个舔狗
tch52801,23,小僵尸,这就是江湖~
5151asd,18,集团军,川神都有舔粉的
军道杀拳周某,9,囧菌菌,这BGM。。。觉得方丈是傻屌的抠1
最后的我们形同陌路,6,无粉丝牌,没开延迟？
頭僵,16,小僵尸,瞎逼认人
一岁就很帅888,14,无粉丝牌,不穿衣服还能活 穿衣服就挂了
tch52801,23,小僵尸,江湖险恶啊！
丶差不多先生丿,13,无粉丝牌,笑死
M9文西,23,小僵尸,老陈  吓得本秃驴袈裟都脱了
墨小凯,11,蜀军,杀我川哥，都得死
卡卡店长,20,小肚皮,还能打4把
水喵王,14,无粉丝牌,大半夜活活笑醒
海枫林89,14,集团军,估计还要打10把
懒趴的人,11,集团军,答应我，做一条舔狗好吗
纯KKkk,9,无粉丝牌,斗GAY 6把好不好！！
守望麦田43288,13,集团军,我颠颠又炒炒加点辣椒，有万种的调料付之一勺
你可住口吧,27,咕咕希,给你个棒棒糖 下场别做舔🐶
夜幕mua,8,集团军,斗鸡这名字，真脏
易姚ISSUE,23,小乌贼,穿袈裟的必须死
叫我小蟹就好了,20,小僵尸,还能打十把
moose21,9,小渣男,江湖险恶
llfllf008,6,无粉丝牌,都TI了还你妈来带节奏，你可真是个孤儿
枫叶FATE,10,小僵尸,策反
话不离,19,点子王,这都不看人家替你报仇
Bite败者食尘,13,集团军,答应我，下辈子别做舔狗了
老衲老陈,22,集团军,长风镖局郭旭
满满的都是二,11,无粉丝牌,这个bgm叫什么
去你妈的nmsl,21,小肚皮,4个帮厨过分了啊 秃驴厨师
老衲老陈,22,集团军,《偷功》
老陈的F1键,8,集团军,兀那秃驴
我是坏的人,13,小緑帽,答应我，别做舔狗好吗🐶
你可住口吧,27,咕咕希,战歌咚咚咚
一岁就很帅888,14,无粉丝牌,不要穿衣服了  穿衣服就是被人追着杀
修不动车的老哥,18,小人参,京城三少，郭旭？
守望麦田43288,13,集团军,答应我，舔狗多一点好吗
良人不自哀,7,无粉丝牌,独孤求败
萌萌的啵啵MUA呜呜呜,20,小緑帽,双修？
麦粒安,17,集团军,关羽也要周仓扛着刀
没有永远,18,小僵尸,太极张三丰的伴奏偷功减料
过路的好心人,13,集团军,淫僧！妖道找你决战
想带你看极光,16,集团军,说两把 这特么都第四把了 离12点还有35分钟
Bite败者食尘,13,集团军,川神答应我，别穿袈裟了
斗鸡的小迷弟,15,小电鸡,老板都不认识的咯
duan252422725,8,无粉丝牌,双拳难敌四勺
道道行,30,集团军,不是最后一把了吗
栖冬,9,集团军,开了开了
守望麦田43288,13,集团军,我颠颠又炒炒加点辣椒，有万种的调料付之一勺
来拿人头啊,21,集团军,青岛张三丰人呢？？？？
lva封,10,小8路,我颠颠又炒炒加点辣椒
跳刀跳刀0,8,小僵尸,独孤求败用错了，是独孤求救
awdxssqq123,23,小僵尸,哈哈哈哈
过路的好心人,13,集团军,付之一勺还行
你才是懒惰的狗,16,集团军,哈哈哈哈哈哈
羽剑鱼,18,小僵尸,装死
明抢了阿噗阿噗,31,小僵尸,独孤求救！
你可住口吧,27,咕咕希,hx加油
阴晴天丶,16,集团军,女侠好身手
落叶金黄,7,小僵尸,秃驴你可识得贫道
Bite败者食尘,13,集团军,兄弟，救救我！！！！
鸡爹新爸图拉父,27,小兰人,川神唯一一次好汉杯上场，hx淘汰了
凌FW,15,小豆包,老板都要上？
停药一年的李二狗,9,集团军,陈教练？
Mr香菇君,17,小僵尸,好歌
2012那夜,24,无粉丝牌,好汉杯  你都安排不了吗， 老陈
火星炸弹葫芦娃,17,集团军,又让你去好汉杯 干嘛 再灭一次ig／
CarryMerry,6,无粉丝牌,方丈功夫了得
鹿真97699,6,无粉丝牌,？？？？？？？？？？？
木绵羊,8,无粉丝牌,秃驴，你可诗得频道？
3卡西莫多3,18,无粉丝牌,bgm大点啊啊！！
道道行,30,集团军,好汉杯应该是武侠吃鸡啊，打枪的不要
Left_sS,12,小僵尸,僧人张翼德
我的JJ硬起来只有6cm,15,小僵尸,川神一人灭队IG是什么比赛来着
我银稳,20,无粉丝牌,快乐的小和尚
暗夜杀人狂,17,影魔王,funimagebi
cay008,20,集团军,好汉杯现在可以直播了吧
一岁就很帅888,14,无粉丝牌,把衣服脱了啊  不然又要被人追着杀
叫我心心就好了,21,小痒虫,靖哥哥
栖冬,9,集团军,陈教，电竞椅睡觉真的这么舒服吗，我最近失眠
舒舒1,23,无粉丝牌,田伯光不是用刀的吗 
驹离,6,无粉丝牌,流水的ig，铁打的川神
守望麦田43288,13,集团军,牛鼻子，你可识得本尊
洛神诀,5,无粉丝牌,川哥哥
haharen9898,22,无粉丝牌,脱衣服啊，川菜
老衲老陈,22,集团军,风云2的主题曲不错的，屠洪刚的
3卡西莫多3,18,无粉丝牌,寂寞高手，菜刀握在手！
我在徐东玩泥巴,16,小痒虫,上香吃鸡
军道杀拳周某,9,囧菌菌,别鞭尸了 ig都散了
duan252422725,8,无粉丝牌,老陈快把宝贝袈裟藏起来，会被认出的
五月不下雪,21,Quin,这秃驴必死
wardcy,27,小肚皮,为什么我看不了
斗鸡的小迷弟,15,小电鸡,有人玩 而且在线还比刀塔多
3卡西莫多3,18,无粉丝牌,开！！餐馆！
剥虾白猪啵啵痒痒,18,小渣男,老衲在此
请叫我背锅侠1,15,一发,叼霸天来直播 三三也不送个飞机
守望麦田43288,13,集团军,答应我，舔狗多一点好吗
Treacy,18,小僵尸,开饭
sean908,9,集团军,光速
跳刀跳刀0,8,小僵尸,？？
xiaoyu199519,12,小僵尸,为什么每次进来就在跳
Bite败者食尘,13,集团军,无敌？？？
sean908,9,集团军,我重启个电脑你就又开了一局
sunny_木子,10,影魔王,??????????????
Harn4u,21,集团军,无你妈了
再见柯景腾丶,9,大马猴,叼霸天 房间号多少》
哒老夫子,14,小僵尸,为什么好多刀塔女主播下面有孝心老陈
Jonnyjjkl,11,无粉丝牌,这个衣服有点吊啊
q742903724,5,无粉丝牌,无敌了？
小晓光呀,21,小僵尸,又无敌了
集团军朱sir,23,集团军,又无敌了
就像流星划过天边,30,点子王,答应我，多想想点子好吗？
大家都喊我帅哥,10,无粉丝牌,我也无敌了
Only丿Abhor灬,18,小痒虫,你无敌你🐴
哒老夫子,14,小僵尸,老陈能解释下ia吗
anchool,28,小渣男,秃驴
x123comcn,7,无粉丝牌,你又无敌了
都会很感动,16,无粉丝牌,开盘了，我要吃低保
雪天使,27,小僵尸,我无敌了（送快递了）
lizhi2503,28,集团军,成为一个盒子，那是真的无敌了
ac13732911,10,无粉丝牌,辣辣辣辣辣辣辣辣辣辣辣辣
2012那夜,24,无粉丝牌,人家是朋友， 别瞎猜测。 叼霸天不也没来这么
剥虾白猪啵啵痒痒,18,小渣男,沧海一声笑
当浮一大白g,13,无粉丝牌,双剑6无敌
狸QAQ,19,集团军,我颠颠又炒炒
我在徐东玩泥巴,16,小痒虫,bgm一套一套的，跪的比谁都早
cy樱花雾海,13,影魔王,？？？？？？
一杯清酒敬过往,18,小僵尸,莉莉丝那个封面是老陈？
老逼疯最爱的下面八,28,小僵尸,菜
sunny_木子,10,影魔王,??????????????????
大脑阔脑壳大,23,集团军,带90016的节奏?
大魔导马化腾,10,无粉丝牌,我颠颠又炒炒，放点辣椒
明日的记忆1986,6,无粉丝牌,……
祈雨后放晴,7,无粉丝牌,好辣
老陈的黑色丝袜,21,集团军,？？？？？？
messi699,21,集团军,距离感再差点
明日的记忆1986,6,无粉丝牌,追不上
听说下雨咯,13,集团军,裸吊杀手？
dklich3575,13,无粉丝牌,老板加个饭
只言片语,10,无粉丝牌,蠢货，满气就不会经常飞踢追人
moorish,18,小僵尸,真香
sunny_木子,10,影魔王,你连的是你🐎 啊
zklzkl,19,无粉丝牌,遛狗呢
老逼疯最爱的下面八,28,小僵尸,双辣合璧
剥虾白猪啵啵痒痒,18,小渣男,骂街
lx40562,11,小人参,唐僧吗
我爱稀饭老师,20,无粉丝牌,斗鸡？
明日的记忆1986,6,无粉丝牌,夜宵吗 这是
剥虾白猪啵啵痒痒,18,小渣男,骂街叫阵，把对面喊下来打
leimingxp,7,无粉丝牌,这他妈好蠢，人都追不上
1140121255,8,无粉丝牌,辣辣辣辣辣辣
真的梅佑仁,16,无粉丝牌,连跳踢追人都不知道吗？玩了这么久还菜的真么真实？
clackfrog,13,小肚皮,辣辣辣辣辣辣
308098435,20,小僵尸,双剑+长剑=三剑
1140121255,8,无粉丝牌,辣辣辣辣辣辣辣辣辣辣辣辣
2012那夜,24,无粉丝牌,这个游戏 武斗老陈是没指望， 就赢一手文斗
奥斯维德2018,15,集团军,老陈粉丝群多少啊
liang8341,23,集团军,辣辣 辣辣辣
Bite败者食尘,13,集团军,辣辣辣辣辣辣辣辣辣
老陈你特酿的新年好,9,无粉丝牌,辣辣辣辣辣辣辣辣
行云亦风,28,集团军,辣辣辣辣
lva封,10,小8路,？
跳刀跳刀0,8,小僵尸,这歌有毒
axb16,28,无粉丝牌,辣辣辣
谢谢这个老比,21,集团军,Csnb
华盛顿黑胖子,18,集团军,啦啦啦啦
827258390,11,小僵尸,乂
道哥哥爱泓哥哥,13,小僵尸,帅
sunny_木子,10,影魔王,???
cay008,20,集团军,辣辣辣辣辣辣辣辣
只言片语,10,无粉丝牌,川菜跟巨龙一样，满气追人只会一直跑。。。
dklich3575,13,无粉丝牌,辣辣辣辣辣辣
剥虾白猪啵啵痒痒,18,小渣男,一个解毒药都要捡半天
鸡爹新爸图拉父,27,小兰人,川神粉丝群 327875783
妞妞霁天,12,集团军,辣辣辣辣辣辣辣辣辣辣辣辣辣辣辣辣辣辣辣辣
axb16,28,无粉丝牌,一刀砍翻斗鸡
心之所动让它随风,20,无粉丝牌,233
你萌死啦丶丶,13,无粉丝牌,差点1v2
你可住口吧,27,咕咕希,我第一喜欢的天龙八部
dklich3575,13,无粉丝牌,一看就是妹子
Jonnyjjkl,11,无粉丝牌,接力接力
duan252422725,8,无粉丝牌,哈哈哈
游海天下众,6,无粉丝牌,你有起手式还用什么飞踢起手啊
ccty2036,10,无粉丝牌,先舔
awdxssqq123,23,小僵尸,地台主播
夜雪岚山风,24,集团军,救是不可能救的，先舔
帅哥周,18,小僵尸,真实
五月不下雪,21,Quin,先舔
Suze甜酒,19,集团军,9nm  先舔
剥虾白猪啵啵痒痒,18,小渣男,先舔
乐乐儿的背影,17,集团军,他往外爬 是不想死啊
3卡西莫多3,18,无粉丝牌,！！
anchool,28,小渣男,哈哈哈
3卡西莫多3,18,无粉丝牌,哭了
longge2177,13,集团军,哈哈哈啊啊
嫩水蟹好吃吗,22,小霸天,哈哈哈哈
你可住口吧,27,咕咕希,啊♂辣♂！
dklich3575,13,无粉丝牌,秃驴
妞妞霁天,12,集团军,23333333.
五月不下雪,21,Quin,秃驴
一岁就很帅888,14,无粉丝牌,让你脱衣服 人家又追来了
sunny_木子,10,影魔王,贫道来了
乐乐儿的背影,17,集团军,哈哈哈哈哈哈哈哈哈哈哈哈哈哈哈哈  那个道士他磊了
messi699,21,集团军,打川菜
道道行,30,集团军,淫僧
edenYz,18,小僵尸,道长他lei了
axb16,28,无粉丝牌,牛鼻子又来了
一岁就很帅888,14,无粉丝牌,脱衣服跑啊
楠楠楠楠楠楠丶,20,小僵尸,秃驴贫道又来了
花见花开李居丽,25,集团军,hhhhh牛鼻子老道又来了
longge2177,13,集团军,又来了
你可住口吧,27,咕咕希,啊♂辣♂！！
呵护forever,25,无粉丝牌,老道？
Aosora,12,无粉丝牌,复读机啊
吃鸡之王陈彦川,20,集团军,道长来了
Allinmess,14,无粉丝牌,打川菜
心之所动让它随风,20,无粉丝牌,一顿操作萌如虎，打倒队友不受苦
ccty2036,10,无粉丝牌,佛本一家还行
3卡西莫多3,18,无粉丝牌,佛本一家我次奥
zooeymoon,6,无粉丝牌,我撑死了
王伟波haff,8,无粉丝牌,又被包围了
守望麦田43288,13,集团军,我颠颠又炒炒加点辣椒，有万种的调料付之一勺
小晓光呀,21,小僵尸,佛本是道吧
柠CC,14,集团军,佛本一家，打川菜？
绿头峰,18,集团军,佛本是道
五月不下雪,21,Quin,先打秃驴
老陈的F1键,8,集团军,佛本是道
呼呼F风起,12,小僵尸,秃驴
我叫哲学川,18,集团军,上来 OB
只言片语,10,无粉丝牌,瓮中捉鳖
军师111,5,无粉丝牌,吃饱上路
波大经深大熊,13,小僵尸,佛道本一家
夏去秋又至,12,小痒虫,没有江湖道义啊。
鸡爹新爸图拉父,27,小兰人,0.
你萌死啦丶丶,13,无粉丝牌,偷袭?
山沟贵族,12,小僵尸,。。。。
守望麦田43288,13,集团军,哈哈哈哈哈哈哈
彩云易散l琉璃脆,21,集团军,哈哈哈哈
夜雪岚山风,24,集团军,川菜
sunny_木子,10,影魔王,川菜
cassanovaa,27,无粉丝牌,lei了
字母切片,16,小渣男,哈哈哈
一岁就很帅888,14,无粉丝牌,道长没死
莫莫的调调,11,无粉丝牌,哈哈哈哈
duan252422725,8,无粉丝牌,丢人啊
阴晴天丶,16,集团军,哈哈哈哈哈哈或或
转瞬即逝的九月,17,集团军,哈哈哈
一岁就很帅888,14,无粉丝牌,哈哈哈哈
dklich3575,13,无粉丝牌,川菜你可识得贫道！！
山沟贵族,12,小僵尸,哈哈哈哈又来了
我叫哲学川,18,集团军,2333333
梦灬,12,无粉丝牌,佛本是道
Jonnyjjkl,11,无粉丝牌,呵呵你
你可住口吧,27,咕咕希,落实♂
乐乐儿的背影,17,集团军,一串三的道士
听说下雨咯,13,集团军,川菜
剥虾白猪啵啵痒痒,18,小渣男,丘处机来了
王伟波haff,8,无粉丝牌,黑粉废物啊
455866809,5,无粉丝牌,老秃驴
一个神秘的老B,16,集团军,全真七子
JimNS,15,小僵尸,川菜
343382252,9,无粉丝牌,吞风吻雨葬落日未曾彷徨
一岁就很帅888,14,无粉丝牌,还不脱衣服  
过路的好心人,13,集团军,老陈 爆衣啊！爆衣！
剥虾白猪啵啵痒痒,18,小渣男,高手
axb16,28,无粉丝牌,秃驴暗器伤人
嫩水蟹好吃吗,22,小霸天,文斗还行
UmrFrankOoo,23,集团军,文斗
SSQKPAPA,16,小緑帽,道长丢人了
鹿真97699,6,无粉丝牌,2333333333
生命里有太多遗憾,15,小僵尸,鸡爹还是屌啊
守望麦田43288,13,集团军,哈哈哈哈哈哈哈哈哈哈哈哈哈哈
乐乐儿的背影,17,集团军,阴险小人陈彦川
黄哥V5,14,集团军,川菜你这两招全是起手式 为什么要飞踢起手？
老逼疯最爱的下面八,28,小僵尸,这么菜还狙击
sunny_木子,10,影魔王,??????????
他的旅途,30,憨厚哒,233333333333333333
吃鸡之王陈彦川,20,集团军,文斗哈哈
duan252422725,8,无粉丝牌,哈哈哈哈
anchool,28,小渣男,你是秃驴啊
cassanovaa,27,无粉丝牌,黑粉five
我叫哲学川,18,集团军,2333333333
小晓光呀,21,小僵尸,哈哈哈哈哈哈哈哈
楠楠楠楠楠楠丶,20,小僵尸,？？？你他妈是秃驴啊
我还是楼上他爹,18,小赢僧,233333333333
老衲老陈,22,集团军,你老骂自己干什么？？
joeychen616,18,集团军,哈哈哈哈哈哈好一个江湖
红魔豌豆,20,无粉丝牌,自己杀自己
乐乐儿的背影,17,集团军,阴险小人陈彦川！
五月不下雪,21,Quin,你也是秃驴
生命里有太多遗憾,15,小僵尸,你就是死秃驴啊
我还是楼上他爹,18,小赢僧,智商压制
我叫哲学川,18,集团军,文斗
liang8341,23,集团军,你是秃驴啊
字母切片,16,小渣男,你才是秃驴啊
Suze甜酒,19,集团军,又骂自己
dklich3575,13,无粉丝牌,好好的道士活活辣死了
SSQKPAPA,16,小緑帽,人家道士留头发的
不再改ID丶阿拉,36,集团军,哈哈哈哈哈哈哈哈哈哈哈
王伟波haff,8,无粉丝牌,废物黑粉，一打二打不过
我想听歌可以吗,12,小僵尸,秃驴不是你自己吗
过路的好心人,13,集团军,你这套是唐三藏吧？
sunny_木子,10,影魔王,气到骂自己
阴晴天丶,16,集团军,你他妈你是秃驴啊
Savitarrr萨维塔,24,小荔枝,？“？？？？？？？？？？
德拉诺影钻,8,无粉丝牌,你才是秃驴啊
五岳独尊,13,集团军,应该是臭道士
你别是个傻子哟,8,无粉丝牌,格挡反击都不拿？
炫月残空,17,无粉丝牌,你杀你自己
小晓光呀,21,小僵尸,川神还是秀啊
夜雪岚山风,24,集团军,川神牛逼
awdxssqq123,23,小僵尸,他是牛鼻子老道 你个sb
小鑫12137,20,小僵尸,BGM带感啊
有本事闷死我,14,小僵尸,秃驴是你呀
道道行,30,集团军,？？？？？？？？？？？？？／
来碗清汤面,5,无粉丝牌,你tm才是秃驴啊！他是臭道士啊！！！
343382252,9,无粉丝牌,欺山赶海践雪径也没绝望
不劳而获的生活,9,小僵尸,丈育TV 太TM真实了
8疏忽,24,集团军,66666666666666666666666666
我叫哲学川,18,集团军,666666
吃飯睡觉挠痒痒,13,无粉丝牌,66666666666666666666
一贫如洗李逍遥,28,小僵尸,66666666666666
慈利真人山桩巴龙,19,集团军,去干啊
小涵哥哥rua,24,集团军,菜逼啊
你萌死啦丶丶,13,无粉丝牌,贫道不行啊
ccty2036,10,无粉丝牌,这笔好菜
KissMyall86,5,无粉丝牌,这个弟弟啊
老衲老陈,22,集团军,武圣人于和？横推八百无敌手
生命里有太多遗憾,15,小僵尸,道士一般有头发的
乐乐儿的背影,17,集团军,奸诈小人
wen19951004,7,无粉丝牌,CSNB（破音)
siyu啵啵,12,集团军,川神牛逼
455866809,5,无粉丝牌,来一曲吕颂贤的笑傲江湖
xubozheng,21,无粉丝牌,主播，求BGM
叫我如花就好,19,集团军,这些狙击老哥真有直播效果
胖头鱼动物保护协会,9,点子王,狙击的也太吉尔菜了
因帅被判十年,5,无粉丝牌,这菜味道不对啊
五月不下雪,21,Quin,别舔了
dklich3575,13,无粉丝牌,不行了，老板加饭
炫月残空,17,无粉丝牌,这道士丢人了啊
Jonnyjjkl,11,无粉丝牌,黑粉这么菜的吗
夜刃舞风影,5,无粉丝牌,双剑2啊
栖冬,9,集团军,集团军暗杀部的就这水平？
守望麦田43288,13,集团军,哈哈哈哈哈哈哈川神牛逼
字母切片,16,小渣男,不辣啊
阴晴天丶,16,集团军,道长丢人了啊
我不记得啦,15,小僵尸,你他妈一个和尚抓着人喊秃驴
duan252422725,8,无粉丝牌,这菜里有毒
Ty831143丶,10,无粉丝牌,集团军川菜最屌？
老衲老陈,22,集团军,心法装备啊
吃鸡之王陈彦川,20,集团军,黑粉丢人了啊
追风少年吴自有,7,无粉丝牌,集团军暗部
987904339,7,无粉丝牌,金腮罗汉元大话
COCOMINI,7,无粉丝牌,镶了钻是谁啊 老哥解答下啊
God好咯爱吃屎,13,无粉丝牌,这是啥歌
王伟波haff,8,无粉丝牌,这货弹幕喷子平均水平
3卡西莫多3,18,无粉丝牌,出现了，一包八品
守望麦田43288,13,集团军,牛鼻子，你可识得本尊
InvokerKing4399,19,集团军,丢人啊，好丢人，
满满的都是二,11,无粉丝牌,沐剑屏上啊
vinnie221,18,小僵尸,废物黑粉
炫月残空,17,无粉丝牌,果然什么样的主播有什么样的粉丝，一个比一个辣
来碗清汤面,5,无粉丝牌,川菜已经被喷的神志不清了
dklich3575,13,无粉丝牌,dougay
Jonnyjjkl,11,无粉丝牌,黑粉真的丢人 叫的最凶 死的最快
华盛顿黑胖子,18,集团军,废物斗鸡
谁吃奥利奥,8,无粉丝牌,青岛张三丰上啊
守望麦田43288,13,集团军,斗鸡酱
你萌死啦丶丶,13,无粉丝牌,长枪不要?
3卡西莫多3,18,无粉丝牌,秃驴去死！
是时候得礼物了,8,无粉丝牌,这是陈昆套装吗
守望麦田43288,13,集团军,我颠颠又炒炒加点辣椒，有万种的调料付之一勺
原地小棍子,8,无粉丝牌,这什么游戏？唐僧都肉搏了？
漫步风雨Saber,24,小狱卒,嚯。。还有BGM
字母切片,16,小渣男,反复品，来回品
JimNS,15,小僵尸,没错，确实是川菜的粉丝
dklich3575,13,无粉丝牌,一包30品
LvXIongBo,10,无粉丝牌,你躺好
Lookereo,12,小僵尸,。。
T木子,5,卡兵,一灯大师
一妄想,19,无粉丝牌,老陈今晚独行？
Jonnyjjkl,11,无粉丝牌,斗gay这个逼
DIM那个球,7,无粉丝牌,这啥游戏？
break943,13,小兰人,川菜
小崔中二病患者,22,小僵尸,川神这么厉害了？击倒五个
听说下雨咯,13,集团军,川菜？
杰森你个斯坦森,31,小霸天,道长在直播间？
Treacy,18,小僵尸,我草  高手
joeychen616,18,集团军,集团军人均口嗨
我叫哲学川,18,集团军,23333
吁吁吇,21,小僵尸,川菜
雪菜小三,14,集团军,天下谁让人不识君
yooossaa,12,小僵尸,诶 川菜
哈哈哈买买买看看,14,无粉丝牌,木剑屏
我叫哲学川,18,集团军,川菜？
阴晴天丶,16,集团军,江湖险恶
只是染了点绿色啵啵,19,小电鸡,赵二，卒
王伟波haff,8,无粉丝牌,这就是喷子的下场
看nm嗨啊,27,集团军,什么菜
564131394,13,小僵尸,还不跑
一岁就很帅888,14,无粉丝牌,这身衣服太显眼了啊 一看就是川菜
我虫心痒痒,24,集团军,江湖险恶啊
韩克拉玛寒寒,12,阿音w,毒瘾反了啊
我叫哲学川,18,集团军,药=高级饲料
dzq510520663,19,小僵尸,进圈啊
yjyjjing,33,大咖,2009？
axb16,28,无粉丝牌,诶川菜
银月刀牛逼,23,小渣男,川菜是你能叫的吗？
dklich3575,13,无粉丝牌,江湖险恶，下盘再来过
看nm嗨啊,27,集团军,说话 什么菜
咱们搞基巴,13,无粉丝牌,川菜
零零八三,5,无粉丝牌,轮流单挑
wang1144517868,6,无粉丝牌,华山论剑
2497509210,10,无粉丝牌,毒中品包
丶秋枫vat,19,小僵尸,不是，你个最菜的总指挥你妈呢?装jb最屌的
我叫哲学川,18,集团军,华佗呢
是治愈不是致郁啊,17,大狗贼,卢镇？
564131394,13,小僵尸,死定了
Jonnyjjkl,11,无粉丝牌,华佗吃了
你这个逼,14,无粉丝牌,这是燕小六和鸡无命双排吗
大小兵,15,小僵尸,死了都要品
DouyuTV丶梅神,17,猪芳芳,永远不会边走边吃
XiiiL,19,小僵尸,劣等马
小晓光呀,21,小僵尸,gay
45岁看峰哥直播长大,15,小僵尸,川川做的菜好吃 江湖上无人不想一睹其风菜
犬夜叉的小迷弟,15,无粉丝牌,老陈，约会回来了啊
我叫哲学川,18,集团军,赠品马
Ty831143丶,10,无粉丝牌,劣驴
Wodoasd,22,爱翻,哈哈哈
夜雪岚山风,24,集团军,那么到底谁来呢
308098435,20,小僵尸,阿星接力接力
银月刀牛逼,23,小渣男,你来你来
Jonnyjjkl,11,无粉丝牌,接力
duan252422725,8,无粉丝牌,哈哈哈
vinnie221,18,小僵尸,我来 99999999
T木子,5,卡兵,我动完 累了 你动
s3163345,20,傻肉,接力接力
联五大队,15,集团军,菜来
阿卡拉特勇士,14,小渣男,？？？？？？？？？？？
小晓光呀,21,小僵尸,斗鸡抱着川神跑
老陈的F1键,8,集团军,接盘吗
vFireflies,14,小僵尸,你来杀人，我来舔
2012那夜,24,无粉丝牌,3P 不能同时上吗？？ 川神
dicado,11,无粉丝牌,来，都来，都可以来
Jonnyjjkl,11,无粉丝牌,阿星接力接力
Wodoasd,22,爱翻,我来拿人头
杯中水水中鱼,17,无粉丝牌,是轮的节奏嘛
cay008,20,集团军,阿星接力，还行
咱们搞基巴,13,无粉丝牌,曹达华?
韩克拉玛寒寒,12,阿音w,上菜
331252833,10,无粉丝牌,发把狙
彩云易散l琉璃脆,21,集团军,川菜变强了？
停药一年的李二狗,9,集团军,伤害＜100
我叫哲学川,18,集团军,0伤害 35伤害是是谁？
德拉诺影钻,8,无粉丝牌,发把狙
longge2177,13,集团军,别问 问就是伤害1000
联五大队,15,集团军,菜来 菜来 菜来 菜来 菜来 菜来
联五大队,15,集团军,菜来 菜来 菜来
栖冬,9,集团军,教练发把弓
colione,15,小僵尸,阿星，  接力接力
盐小武,18,小僵尸,宝哥：这个游戏分先后来吗？不是见人就砍，六亲不认吗？
转角踩到屎啊我,8,无粉丝牌,重案组之虎？
Bite败者食尘,13,集团军,下等🐎
明抢了阿噗阿噗,31,小僵尸,这把还有舔狗吗？
vinnie221,18,小僵尸,重案组之虎 陈达华
Pretend丶rua,20,小僵尸,������
许你一世忧伤,12,周可儿,🐴🐴
老衲老陈,22,集团军,杨铁心和郭啸天
夜雪岚山风,24,集团军,啊鸡，接力接力
你别是个傻子哟,8,无粉丝牌,这是赠品马
懒趴的人,11,集团军,赠品🐴
岙环年度鬼,6,无粉丝牌,刚才吸了吗
3卡西莫多3,18,无粉丝牌,这马刚救了你 就嫌人家慢 良心呢
Jonnyjjkl,11,无粉丝牌,重案组之虎笑尿了
风中狂鲨,15,阿冷,这个马和你一样啊，弟中弟
炫月残空,17,无粉丝牌,老陈骑自己
Bite败者食尘,13,集团军,舔狗都死完了
萌萌的啵啵MUA呜呜呜,20,小緑帽,和你一样啊川神都是下等马
小崔中二病患者,22,小僵尸,下等码中码
五岳独尊,13,集团军,我觉得玩这个游戏配这样的BGM特别有感觉
带鱼v587,19,小僵尸,总比地走快
游骑兵211,6,无粉丝牌,什么游戏
donghengli2006,6,无粉丝牌,湾仔之虎
那离岛,13,集团军,重案组之虎陈达菜
Jonnyjjkl,11,无粉丝牌,杨铁心能打过江南七怪吗？
s3163345,20,傻肉,follow me
t_whisper,5,无粉丝牌,骑兵没步兵好看
风吹屁屁凉99999,6,大马猴,什么游戏
尸胸,12,集团军,这个是谁啊 是斗鸡吗?
s3163345,20,傻肉,否楼米
whereimu,17,小渣男,这老歌还是好听啊
白先伦,22,小僵尸,我就是来听BGM的
罗伯特952,16,无粉丝牌,辣子鸡组合
山沟贵族,12,小僵尸,高手必备啊
SNH48一梦情,8,无粉丝牌,"刚跟老婆运动完，来看看川川<img class=""chat-emotion"" rel=""dy102"" src=""https://shark.douyucdn.cn/app/douyu/res/page/room-normal/face/dy102.png?v=20170626"" />"
奈文摩尔的夏天,16,小痒虫,我们江南七怪向来都是七个打一个！
dklich3575,13,无粉丝牌,辣子鸡还行
斗鸡的小迷弟,15,小电鸡,川菜辣子鸡组合
夜雪岚山风,24,集团军,就是雷达，找人用的吧
迪丽热巴的啵啵,9,无粉丝牌,杨铁心拿头打？普通人厉害一点而已
q742903724,5,无粉丝牌,我也是来听歌的
有聊无聊,28,401,天不生我陈彦川，万古菜道长如夜，菜来，菜来！！！
2012那夜,24,无粉丝牌,你老婆漏气了
s3163345,20,傻肉,跟别人的女友运动完，来看看 休息下
五岳独尊,13,集团军,杨铁心是疆场的人吧，和江湖人不是一个套路
Jonnyjjkl,11,无粉丝牌,江南七怪除了柯震恶其他的也一般啊
银月刀牛逼,23,小渣男,封了
体重还可以,18,无粉丝牌,赶紧洗一下 不然下次没法用了
素素的一生所爱,16,小僵尸,跟别人老婆爽完，；傲
sssss年,13,集团军,跟别人老婆运动完，休息下
Yeason孤独患者,16,无粉丝牌,剑来更新没？
炫月残空,17,无粉丝牌,很明显应该是饭来啊，这么没水平就别丢人了
银月刀牛逼,23,小渣男,剑来更新了
射出你的温柔丶,19,无粉丝牌,绷带解毒药 消DEBUFF的 别吃完了
dongzai196,13,小僵尸,你终于对自己母亲下手了？
wbsdty331,9,集团军,666666666666
奈文摩尔的夏天,16,小痒虫,柯震恶也不咋地 前一秒拿命来 后一秒要杀便杀
那天的我真可笑,11,集团军,跟朋友的妈妈运动完，来休息一下
wang1144517868,6,无粉丝牌,看我降龙十八掌
dklich3575,13,无粉丝牌,跟别人老婆女儿参加了运动会。来看川菜
小晓光呀,21,小僵尸,csnb
二十六炖牛肉,14,小僵尸,BGM无敌
cay008,20,集团军,这个曝气可以
飘荡的熊,21,集团军, 嚯
费尔伍德森林,27,集团军,6666666
美少年肛翻集团军高层,17,集团军,救
孤独的鱼鱼鱼鱼鱼,13,集团军,9
在路上秒睡,12,无粉丝牌,66666666666666
wbsdty331,9,集团军,csnn
慈利真人山桩巴龙,19,集团军,给你传内功
夜雪岚山风,24,集团军,NICE，救救我
王比利小熊弟,9,集团军,NICE9
sprt6767,15,无粉丝牌,没有这心法早死了
vinnie221,18,小僵尸,nice 9
myfleet,6,无粉丝牌,bgm好燃
吃飯睡觉挠痒痒,13,无粉丝牌,666666666666666666
小崔中二病患者,22,小僵尸,66666666666666
keeeet,36,无粉丝牌,nice救 发个包
二十六炖牛肉,14,小僵尸,NICE9
bearray2011,21,小痒虫,战术明确啊
随遇而安奝,12,女流,嘿哈
sprt6767,15,无粉丝牌,暴气2次救命
老陈的黑色丝袜,21,集团军,这姿势
砖砸榻榻米,19,小僵尸,川菜的9听起来就是舒服
阴晴天丶,16,集团军,BGM666666
ZERO灬魔影,21,小渣男,lei了，救
妨碍我的渣渣,20,集团军,天字号杀手
费尔伍德森林,27,集团军,川神不是以前的川菜了
杰尼龟BIUBIUBIU,44,集团军,nice 有药没
夜刃舞风影,5,无粉丝牌,999999999
炫月残空,17,无粉丝牌,效果出来了
liugongzhiyuan,6,无粉丝牌,nice舅
longge2177,13,集团军,CSNB
duan252422725,8,无粉丝牌,老板这菜味道不对
Jonnyjjkl,11,无粉丝牌,郭靖后期能打的过洪七公吗
转瞬即逝的九月,17,集团军,有点东西了
cay008,20,集团军,这波还行
搪瓷光,24,小僵尸,nice兄弟发把狙
老衲老陈,22,集团军,玄苦是我一掌震死的
体重还可以,18,无粉丝牌,nice 发把狙 
银月刀牛逼,23,小渣男,nice救一气呵成
慈利真人山桩巴龙,19,集团军,老陈吃惊了
break943,13,小兰人,csnb
周练,11,无粉丝牌,NICE，兄弟发把狙
牛肉拉满,20,集团军,快递员
皮皮猫在睡觉,21,小僵尸,今天这菜有问题
五岳独尊,13,集团军,这两个逼宝藏都没有取为什么过来想不开
沙漠里的湖泊go,21,集团军,4440
提前难受,12,集团军,bgm感觉来了啊
DouyuTV丶梅神,17,猪芳芳,那个叫做密钥（yao）
谁吃奥利奥,8,无粉丝牌,隔夜菜吃不得
美滋滋小姐姐,23,集团军,来人了
去你妈的nmsl,21,小肚皮,丈育啊
韩克拉玛寒寒,12,阿音w,navi战队突破手是厉害啊
美滋滋小姐姐,23,集团军,还舔
EIVOKER,15,无粉丝牌,今天味道不对
ronadodo,14,小僵尸,密室？
X兴兴X,30,小僵尸,换心法
沙漠里的湖泊go,21,集团军,啦啦啦啦
每天早上都被自己帅醒,8,小僵尸,格挡反击学啊
咱们搞基巴,13,无粉丝牌,秘屎
我老陈对付你OB就行了,13,集团军,换心法
Yeason孤独患者,16,无粉丝牌,今天做的事闽南菜？？？不加辣的？
鱼日是天才,27,小北菜,心法不换上吗
cay008,20,集团军,大药拉下来
射出你的温柔丶,19,无粉丝牌,血这么少为什么不吃大补丸  打起来还有时间吃？
Jonnyjjkl,11,无粉丝牌,狙击枪？
axb16,28,无粉丝牌,要吃鸡了啊
dddddick,18,集团军,不作死就不会死啊
一笑淡然,21,小渣男,舔粉送快递的吧
杭州洗脚王i,10,小僵尸,Bgm叫啥大哥们
308098435,20,小僵尸,乌克兰川菜
dddddick,18,集团军,瞬间爆炸
咲夜琉命,12,无粉丝牌,宝藏蜜屎
沙漠里的湖泊go,21,集团军,今天厉害了
奈文摩尔的夏天,16,小痒虫,马没油了……
Wodoasd,22,爱翻,这马没油？
劝君莫上头,6,无粉丝牌,双刺是最厉害的武器啊
这一灬有情,17,集团军,报，cc和莉莉都没了
dklich3575,13,无粉丝牌,别急，还在滑过，没下辣子
hghg22002,17,集团军,赠品马
牛肉拉满,20,集团军,宝藏
风吹屁屁凉99999,6,大马猴,啥游戏
费尔伍德森林,27,集团军,今天川神厉害呀
2012那夜,24,无粉丝牌,这音乐是老陈放的   还是游戏的啊
lizhi2503,28,集团军,三级换二级？
小哇铁粉,16,无粉丝牌,千年灵芝
ctxbest1,8,小僵尸,混元暴气记得砍人 不要退
Jonnyjjkl,11,无粉丝牌,双刺出手快
沙漠里的湖泊go,21,集团军,牛逼
韩克拉玛寒寒,12,阿音w,宽油滑锅啊
你别是个傻子哟,8,无粉丝牌,川菜双刺菜的一笔
小哇铁粉,16,无粉丝牌,就这里
wen19951004,7,无粉丝牌,？？？
夜雪岚山风,24,集团军,先吃了，卧槽
鲜衣怒马时年少,17,集团军,bgm：《铁血丹心》
刘彬彦lby,13,小僵尸,？？？？？？？
3卡西莫多3,18,无粉丝牌,？
抓痒痒的痒痒爪,11,小肚皮,宽油警告
咱们搞基巴,13,无粉丝牌,?
ctxbest1,8,小僵尸,混元暴气不看人是废物
VanceYang,12,小僵尸,宽油滑锅
别闹好好的乖,12,无粉丝牌,什么游戏
小哇铁粉,16,无粉丝牌,川千年灵芝在这呢
妨碍我的渣渣,20,集团军,miyue
克兰德暖风,31,憨厚哒,宽油滑锅
导演盒饭加蛋不,21,小僵尸,宽油
沙漠里的湖泊go,21,集团军,今晚有比赛？
Jonnyjjkl,11,无粉丝牌,混元厉害吗？
我的雕好重,6,无粉丝牌,铁血丹心？别骗我啊
dklich3575,13,无粉丝牌,准备下辣椒了
风吹屁屁凉99999,6,大马猴,游戏说下名字
3卡西莫多3,18,无粉丝牌,10成=100%
火星炸弹葫芦娃,17,集团军,格挡反击带啊
有聊无聊,28,401,天不生我陈彦川，万古菜道长如夜，菜来，菜来！！
shan3shao,9,影魔王,66666666666666
308098435,20,小僵尸,老陈这个伪八零后
妮只属于我,18,小电鸡,今天又有呼噜娃？？？？？
你萌死啦丶丶,13,无粉丝牌,混元长抢秒人
五岳独尊,13,集团军,长剑配混元厉害，估计老陈不会用
隔岸1听雨,9,集团军,天不生我陈彦川，万古菜道长如夜，菜来，菜来！
Wodoasd,22,爱翻,武侠x
梦方破6,14,小僵尸,武侠乂
老衲老陈,22,集团军,混元功是袁承志和穆人清的啊
一代大神820,17,无粉丝牌,男儿当自强来一首
捕鱼达人丶EM,26,无粉丝牌,格挡被动啊
Barni,16,集团军,我擦一天没看真成唐僧了？？？
Bite败者食尘,13,集团军,音乐盒响起来
我虫心痒痒,24,集团军,格挡反击是被动
抓痒痒的痒痒爪,11,小肚皮,10倍宽油
带鱼v587,19,小僵尸,风云
老衲老陈,22,集团军,风云2
abcjiedong,19,小痒虫,武侠乂
Wodoasd,22,爱翻,那个叉不会打
社会你鲨哥,15,集团军,斗鸡这个ID…暗示鹿晗？？？
tflovelan,13,无粉丝牌,吸鼻子好狠
Jonnyjjkl,11,无粉丝牌,混元配剑有说法？？？
喝着脑白金嚼炫迈,16,可爱权,武侠乂（cha）
带鱼v587,19,小僵尸,风云二
我欲成仙丶法力无边,27,小人参,乂
哎哟喂吖丶,15,集团军,风云
小哇铁粉,16,无粉丝牌,武侠
我吃薯条你吃酱,16,无粉丝牌,老陈最刁的就是长剑呀
你飘逸的哥,11,集团军,武侠yi
飘荡的熊,21,集团军,霍霍........................
休闲咖啡,12,无粉丝牌,这歌是谁唱的？
凌忘书,18,集团军,步惊云
传奇大神王zard,16,小僵尸,药王
axb16,28,无粉丝牌,武侠x
hasika001,5,无粉丝牌,乂
ctxbest1,8,小僵尸,就怕他暴气了各种跑
小晓光呀,21,小僵尸,乂
3卡西莫多3,18,无粉丝牌,武侠乂（la）
我就问你有啥影响,7,无粉丝牌,屠洪刚
五岳独尊,13,集团军,成昆学的什么内功？
最后亿把之终极把中把,21,点子王,能吃鸡我直播日丈母娘
老陈的F1键,8,集团军,bgm是啥
Lovget,23,无粉丝牌,音乐盒？
带鱼v587,19,小僵尸,屠洪刚的歌
休闲咖啡,12,无粉丝牌,谢谢老铁告知
827258390,11,小僵尸,乂ai
断点风吹过,14,无粉丝牌,武侠乂
小晓光呀,21,小僵尸,武侠乂（ai）
12234567,19,集团军,武侠ai
妞妞霁天,12,集团军,风云雄霸厨房？
心之所动让它随风,20,无粉丝牌,乂
dklich3575,13,无粉丝牌,乂
308098435,20,小僵尸,爻
小崔中二病患者,22,小僵尸,乂
姜万宝,5,无粉丝牌,武当
943296431,17,正直,川菜
老衲老陈,22,集团军,马背上有个女的就更配这BGM了
我也只有三岁,6,无粉丝牌,丈母娘那个你别跑
断点风吹过,14,无粉丝牌,乂
yi水草321,10,无粉丝牌,为什么以前主题都这么有感觉   现在的都是啥哦
Jonnyjjkl,11,无粉丝牌,饮料？
大骠哥,15,小僵尸,叉
1140121255,8,无粉丝牌,辣有？
colaen,20,无粉丝牌,辣眼睛
西西粒子,5,小僵尸,这个bgm好带感
飘荡的熊,21,集团军,你这一把的BGM无敌了
我也只有三岁,6,无粉丝牌,你肯定遇到过我
万岁山小鹅头,14,小赢僧,乂
Bite败者食尘,13,集团军,看，这就是川川的江山
wolfupc,14,小僵尸,你丈母娘还没上幼儿园吧
咲夜琉命,12,无粉丝牌,辣油长身体
韩克拉玛寒寒,12,阿音w,爻
awdxssqq123,23,小僵尸,还是武侠的歌听得带感
1140121255,8,无粉丝牌,辣油？？
3卡西莫多3,18,无粉丝牌,啥时候加个雪山地图
嗜血的麻瓜,27,小咣头,武侠yi
转瞬即逝的九月,17,集团军,辣油lei了
KillerMix,11,无粉丝牌,武侠乂（cha）
那离岛,13,集团军,这是风云的主题曲吗
小晓光呀,21,小僵尸,bgm是什么
DouyuTV丶梅神,17,猪芳芳,辣辣辣
君界,8,小电鸡,后入丈母娘？
有聊无聊,28,401,天不生我陈彦川，万古菜道长如夜，菜来，菜来！！！
wstcsrc,12,无粉丝牌,能吃鸡我也一起日你丈母娘
我也只有三岁,6,无粉丝牌,我是 酒醉后入丈母娘
羡慕牛郎干过仙,14,小僵尸,这马跑的是真慢
娶个老婆当狗养,15,无粉丝牌,乂
次次次哦哦,13,小僵尸,乂
喝着脑白金嚼炫迈,16,可爱权,武侠乂（cha）.
lizhi2503,28,集团军,辣
老衲老陈,22,集团军,风云二的
342344399,13,无粉丝牌,老陈旁边哪个是孙猴么？
王伟波haff,8,无粉丝牌,马谡知道吗？
薄葬toZSMJ,12,无粉丝牌,❌
KidKarwik,5,无粉丝牌,辣油不擦不行
带鱼v587,19,小僵尸,风云二主题曲
明抢了阿噗阿噗,31,小僵尸,辣油！
VanceYang,12,小僵尸,❌
Lovget,23,无粉丝牌,辣油川菜
姜万宝,5,无粉丝牌,武当主题曲
dklich3575,13,无粉丝牌,加入泡椒，爆炒
蓝色的过去,13,小僵尸,辣油 来
我叫哲学川,18,集团军,？？？？？？？？？？？？？？
EIVOKER,15,无粉丝牌,西天取经
一根烟i,12,无粉丝牌,666
我挺你阿罗,10,无粉丝牌,×
SO佳丽,20,集团军,是斗鸡这个B
forever131,10,无粉丝牌,想日丈母娘你明说！别找借口
假装很熟,15,小僵尸,乂（yi）
蛋疼不淡,26,集团军,武侠乂
大叔陌陌333,14,无粉丝牌,乂乂乂乂乂
带鱼v587,19,小僵尸,听了想砍人
那离岛,13,集团军,风云二电视剧不咋地，歌不错
3卡西莫多3,18,无粉丝牌,能吃鸡我去日那个日丈母娘的
素素的一生所爱,16,小僵尸,丈母娘那个，加我一个
枫叶FATE,10,小僵尸,什么歌a
我虫心痒痒,24,集团军,兄弟带上我
yi水草321,10,无粉丝牌,这个唢呐  舒服
尼桑咖喱棒,19,猛男,我觉得还是后入dc吧
风吹我在飞,6,无粉丝牌,这是唢呐？
开源matthew,19,无粉丝牌,爱的供养不服
韩克拉玛寒寒,12,阿音w,卧槽  都占领高坡了 强势
dklich3575,13,无粉丝牌,武侠乂
BCyuanfeng,16,无粉丝牌,乂yì
wolfupc,14,小僵尸,兄弟，你想多了，你丈母娘还没出生呢
evilstyle,11,无粉丝牌,确实是啊
娶个老婆当狗养,15,无粉丝牌,风云
五岳独尊,13,集团军,风卷尘沙起！
明霸霸的小狗狗,23,小僵尸,得劲啊
万岁山小鹅头,14,小赢僧,来个倚天屠龙记的
VanceYang,12,小僵尸,乂
隔岸1听雨,9,集团军,这个唢呐  舒服
sprt6767,15,无粉丝牌,是屠洪刚唱的很霸气。。
克里斯蒂亚诺Sk,16,雪美眉,乂
电子竞妓者梦入神机,12,无粉丝牌,老陈解说ti吗
带鱼v587,19,小僵尸,风云二坑在造型上了
longge2177,13,集团军,论唢呐只服好汉歌
我就问你有啥影响,7,无粉丝牌,风云二的败笔就是造型和原声
Geek小青菜,6,无粉丝牌,风云
Jonnyjjkl,11,无粉丝牌,现在的歌都是废物
大小兵,15,小僵尸,武侠，诶克肆
dtlpz,5,无粉丝牌,来个刘欢的笑傲江湖
墨影111,18,小渣男,主题曲?现在的武侠剧看都看不下去了
565315095,20,无粉丝牌,风云二啊
打死不要学土木,17,小僵尸,感觉水浒传的配乐更嗨一点
zzzzzhhhh,17,小僵尸,风云2坑在特效 神话片。。
axb16,28,无粉丝牌,拿铳喷啊
我虫心痒痒,24,集团军,这马真的马
贵港猥琐杨,18,小荔枝,吊上镶钻干什么，要日玻璃逼？
308098435,20,小僵尸,唢呐厉害的不是百鸟朝凤吗
妨碍我的渣渣,20,集团军,平头聂风你们怕不怕
Brilli,16,无粉丝牌,风云
naviesimple,9,米波王,风云二聂风太丑了
vinnie221,18,小僵尸,一枪三级头
小晓光呀,21,小僵尸,AWM
最后亿把之终极把中把,21,点子王,一枪3级头
橙子lam,20,集团军,有人说鹿晗演技不好，搞笑
有本事闷死我,14,小僵尸,这是风云3
那离岛,13,集团军,一枪头啊，报出来啊
zk1015,12,小僵尸,今晚在座的有女朋友再说日丈母娘
moorish,18,小僵尸,唢呐只服燕小六
呼呼呼123245,7,无粉丝牌,厨子做菜了
2012那夜,24,无粉丝牌,武侠还是老剧好看， 新的越拍越烂
qq_b7i3Tw,20,小8路,这是风云2
左手指尖的血,21,小僵尸,神他妈没有人确定 进入游戏的界面提示明确都说了 
射出你的温柔丶,19,无粉丝牌,人均紫霞
Makeitreal,11,集团军,今天看lpl嘛
wbsdty331,9,集团军,脱战
小晓光呀,21,小僵尸,？？？？？？？？？？？？？
落於俗世,28,小僵尸,嚯
在刹那,30,196,菜啊
塞隆,20,小僵尸,厨子，你这油烟有点大
大伯嗑了药,21,小僵尸,脱肛
axb16,28,无粉丝牌,脱
3卡西莫多3,18,无粉丝牌,哈哈哈
livinezzz,16,无粉丝牌,郑伊健的 风云主题曲可以的
马甲帅不过三秒,17,小赢僧,？？这菜好辣啊
jstaishi,15,小渣男,一枪头
最后亿把之终极把中把,21,点子王,一枪三级头
银月刀牛逼,23,小渣男,你来你来
很跳跳跳跳跳,13,无粉丝牌,每次等着抢人头
qq_b7i3Tw,20,小8路,废物
wbsdty331,9,集团军,csnb
夜雪岚山风,24,集团军,果然曝气就跑
你连阿川都不如,10,集团军,川神 别划了呀 比赛开了啊
夏去秋又至,12,小痒虫,哈哈哈哈
请叫我ob就好了,20,集团军,听《英雄谁属》啊
Sooooooying,14,不自觉,辣
木木暮暮木,16,集团军,混元曝气跑的人才
妨碍我的渣渣,20,集团军,好傻
捕鱼达人丶EM,26,无粉丝牌,跑毛 爆气了
LostInPoker,15,集团军,在线打呼吗？今天
不用随机生成昵称,28,小緑帽,舔
阿喵不是啊喵,18,王者五,剑侠情缘！！！！！！！！！！！！！！！！！！！
丶羽小羽,5,无粉丝牌,辣，
我欲成仙丶法力无边,27,小人参,辣
奏乐的拉贝,19,集团军,666666
没肉肉不吃饭,15,无粉丝牌,好菜
小涵哥哥rua,24,集团军,你个废物在干什么？
只言片语,10,无粉丝牌,哈哈，蠢。
我往东来,15,无粉丝牌,浑元爆气往后退
himluo,18,点子王,手忙脚乱
Makeitreal,11,集团军,dota开了啊 老逼
jiecao123,14,小僵尸, 辣
axb16,28,无粉丝牌,废物
川神弟弟一米七,15,集团军,哈哈哈
传奇大神王zard,16,小僵尸,死就行
呼呼呼123245,7,无粉丝牌,废物
红魔豌豆,20,无粉丝牌,漂亮
马甲帅不过三秒,17,小赢僧,好辣
ctxbest1,8,小僵尸,果然混元跑路 哈哈
SuicuneSuicune,28,无粉丝牌,刚进来就辣我一口
dklich3575,13,无粉丝牌,辣
s20041880,7,无粉丝牌,废物
射出你的温柔丶,19,无粉丝牌,这么菜就用紫霞吐纳啊 还混元。
五岳独尊,13,集团军,我就知道老陈不会用
louhao123,6,影魔王,老陈，好想听你解说
308098435,20,小僵尸,老陈玩过剑侠一吗
Waixi11111,15,小肚皮,你混元
呼呼呼123245,7,无粉丝牌,真香
wbsdty331,9,集团军,太辣了
這訆老呋侞何媞,22,小渣男,废物
s3163345,20,傻肉,费物
韩克拉玛寒寒,12,阿音w,舒服了
大小兵,15,小僵尸,菜
s3163345,20,傻肉,废物
切土豆的小突突,11,集团军,菜
夜雪岚山风,24,集团军,FIVE
fantasyworld94,23,集团军,哈哈哈
在刹那,30,196,辣啊
抓痒痒的痒痒爪,11,小肚皮,爆了气就会吃药
阿喵不是啊喵,18,王者五,BGM满分，操作零分
gqh1995,10,集团军,。。。。。。。。。。
Waixi11111,15,小肚皮,爆气吃药？
最后亿把之终极把中把,21,点子王,?
夜吻木耳香,23,小僵尸,菜
真的是泡沫,14,小渣男,淫僧
羞答答的鱼子酱,10,无粉丝牌,川神。推荐一首歌。中华武魂。绝对带劲
费尔伍德森林,27,集团军,击倒16还行。。
Makeitreal,11,集团军,看ti了啊
咱们搞基巴,13,无粉丝牌,看比赛去了  川菜88
明抢了阿噗阿噗,31,小僵尸,辣辣辣
tretgrt,8,点子王,解说比赛啊老逼
墨影111,18,小渣男,你混元跑个鸡儿啊
你连阿川都不如,10,集团军,来我要听我川神亲自解说TI
dklich3575,13,无粉丝牌,斗鸡这个比打着打着就饿了
飘飘飘尼玛,7,无粉丝牌,别说了，混元爆气你跑什么呢
请叫我ob就好了,20,集团军,英雄谁属。 了解一下
火星炸弹葫芦娃,17,集团军,看比赛啊
火星炸弹葫芦娃,17,集团军,别说了
仙是什么仙,23,集团军,废物 吃药都不会
Lovget,23,无粉丝牌,反正玩啥都是最菜的
s20041880,7,无粉丝牌,老陈你是真的好辣
ctxbest1,8,小僵尸,你和碍事用加血 加防的心法吧
独孤求稳,21,小僵尸,开了呀 别划了
a727398857,19,无粉丝牌,抱起反打一套多好
SO佳丽,20,集团军,呵呵。。真实
ly919584091,22,集团军,废物
阿喵不是啊喵,18,王者五,BGM继续啊
woaijia00,17,无粉丝牌,川菜辣辣辣
夜雪岚山风,24,集团军,卧槽，要解说了吗？？？那我不睡了
飘荡的熊,21,集团军,这装扮是唐僧
Makeitreal,11,集团军,今天要解说嘛？
ctxbest1,8,小僵尸,混元不适合你
大骠哥,15,小僵尸,接下来是陈独秀环节
懒趴的人,11,集团军,完了老陈弟中弟连斗鸡都不如
dklich3575,13,无粉丝牌,斗鸡可以理解，川菜就在身边
飞往海南小火龙,14,集团军,33，张嘴，口住
懵猪的223,22,集团军,川川 LGD要扛不住了啊
s20041880,7,无粉丝牌,好辣  晚上睡不着了
端木丶凉,23,无粉丝牌,感觉这个游戏一火又是满天外挂。
一片俊叶子,21,无粉丝牌,听说今天没有呼噜娃了？？？？
你连阿川都不如,10,集团军,哈哈哈哈哈 被打疯了吗？
Makeitreal,11,集团军,开了啊 老逼
siyu啵啵,12,集团军,不是。不吃药都能喷吗
wvlclks,17,小肚皮,川川酱 铁憨憨  打洗你
墨影111,18,小渣男,爆气跑你还不如带个吐纳
GorillazChen,18,集团军,川香黄焖鸡真好吃 饱了
仙是什么仙,23,集团军,废物 吃药骗技能都不会
非洲孟少,22,小緑帽,川鸡组合吗
为何你我他666,11,无粉丝牌,没了
ctxbest1,8,小僵尸,混元就是暴气秒人的呀
斗鸡的小迷弟,15,小电鸡,....
肮脏灵魂的载体,15,集团军,...........
河西陈奕迅,15,小僵尸,川菜去跟榨菜一起看比赛啊
Hawkeyeee,9,无粉丝牌,这游戏外挂是啥，自创武功秒人？
切土豆的小突突,11,集团军,vg双熊
海枫林89,14,集团军,川神，操你哦
肮脏灵魂的载体,15,集团军,送钱？
dklich3575,13,无粉丝牌,斗鸡看着身边的川菜，饿得受不了去吃饭了
SuicuneSuicune,28,无粉丝牌,川神今天七夕 我送个荧光板你能给我个啵吗
吃鸡之王陈彦川,20,集团军,老陈你现在只看vg.j  都不看lgd了吗
五倒老尸,6,集团军,斗鸡云玩家
夜雪岚山风,24,集团军,混元爆气不干人还不如吐纳
SO佳丽,20,集团军,斗鸡这个B难道也比三三吗
忘事先生,18,集团军,著名川菜 辣子鸡
只言片语,10,无粉丝牌,有没有川菜完整歌曲了。
幻枫_acfun,23,集团军,你看看别人玩的啊 和你玩的不一样
三生三世丶十里棉花,19,集团军,斗鸡 稳住
斗鸡的小迷弟,15,小电鸡,梭哈100
咱们搞基巴,13,无粉丝牌,不想活了吗  斗鸡
血族X喰種,13,小僵尸,起床了
ccty2036,10,无粉丝牌,三星闹钟
一剑飘红,10,无粉丝牌,你不和yyf他们连麦哪
幻枫_acfun,23,集团军,很多招式是不用的 太费气
王伟波haff,8,无粉丝牌,这游戏外挂就是御剑杀人
cold2003,17,无粉丝牌,不吃药就算了，拿个喷子什么鬼
gonna丶1,34,集团军,川神 开个皮鞋死多少次的盘
墨影111,18,小渣男,别看了，学不会
车三王二,5,无粉丝牌,。。。
情话与狗iiii,17,小僵尸,挨饿德 肯定没看川神直播
Makeitreal,11,集团军,老逼一人解说嘛 还是跟其他人一起解说
我挺你阿罗,10,无粉丝牌,学做菜？？？？？？
鲁瞎子,18,猛男,老陈我送你40个荧光棒，你能对我说声啵啵吗
老衲老陈,22,集团军,要会立回的 攻击按一下是一下
Sparrow233,5,无粉丝牌,这你学的会？
幻枫_acfun,23,集团军,别人都是打之前吃药
不要把我再睡会,16,无粉丝牌,我也梭了VGJ
Q赌Q,8,无粉丝牌,看单人24杀的
叫我大哥水就好了,26,集团军,看下武林盟主苦中做辣啊
s20041880,7,无粉丝牌,你们要求别太多  老陈的是DJ啊  辣点就辣点把
打死不要学土木,17,小僵尸,音乐盒，来一首王进打高俅
鹿真97699,6,无粉丝牌,有什么好看的，你学得会？
为谁711,20,小电鸡,？
liugongzhiyuan,6,无粉丝牌,看排名第一苦中做辣直播学技术
好好学习    天天向上,0,无粉丝牌,古板
Q赌Q,8,无粉丝牌,你也去砍菜鸟啊
MaybeBlinK,26,集团军,川神来多久了啊 等了你一天了
愉悦123,9,集团军,看峰哥就行了
塞隆,20,小僵尸,全屏啊cnm
ohyess,14,影魔王,你在他对面你也这样
一瓶宝矿力一包芙蓉王,17,集团军,别看了，躺下那个是你
雨霁月明我心莞尔,17,小僵尸,别看了  学不会
开车的死宅,11,集团军,砍你啊
ddy傻,19,小乌贼,砍你啊
ctxbest1,8,小僵尸,53改版了 没用了
花咲くいろは,25,196,看苦中做辣才是真的吊
dong751953,15,小僵尸,砍你？
ckeyl,13,小僵尸,这游戏风哥玩穿了
liugongzhiyuan,6,无粉丝牌,排名第一武林盟主苦中做辣
xyhzzz,12,小僵尸,废物还没b数
咱们搞基巴,13,无粉丝牌,砍你啊
老水sza,19,小僵尸,你这画质是个jb
哈维阿尔伯特霍普金斯,11,集团军,480p看的好难受
只言片语,10,无粉丝牌,你就是他砍的那个的水平啊
这只是风,11,帅友,是的
喷子中出鲁智深,17,小僵尸,是的
dengkai123,9,小僵尸,3.5
飞行的考拉,22,集团军,别看了你也学不会
大荒的独行者,10,集团军,你就是趴下的那个
sprt6767,15,无粉丝牌,徒手5吸过来 1个3扫堂腿击倒 切换重剑3
ctxbest1,8,小僵尸,徒手5加徒手3 接重剑砸地 改了没用了
Q赌Q,8,无粉丝牌,啊川，现在武侠义多了暗杀，一刀死
美少年肛翻集团军高层,17,集团军,学会了吗
银吒思密达,8,无粉丝牌,别看了你学不会的
猴国王与驴,22,电棍,这俩配合可以
大大吉吉吉,13,无粉丝牌,以前就有暗杀
你别是个傻子哟,8,无粉丝牌,徒手53吸人加倒地，重剑来一套
左手指尖的血,21,小僵尸,在除你以外的人的眼中 你就是一个弟中弟 
最后亿把之终极把中把,21,点子王,枫哥双剑打爆这个sb
popo君,10,猪芳芳,你是谁????6杀？？斗鸡放开三三的鼠标
Sparrow233,5,无粉丝牌,别看了，2过1就是了
308098435,20,小僵尸,看见和尚了吗
唯我独疯疯疯疯,18,集团军,画质好糊
北辰星_,15,小人参,怎么画质这么差的
sprt6767,15,无粉丝牌,他看的视频480P
一个神秘的老B,16,集团军,没啥意思
ckeyl,13,小僵尸,武林盟主苦中做辣
非洲孟少,22,小緑帽,23杀 真的一般嘛……
咱们搞基巴,13,无粉丝牌,2333
最后亿把之终极把中把,21,点子王,还徒手5，枫哥双剑超远距离看到这个b就秒杀
忠肝义胆陈冠東,12,小僵尸,川神下去和他一起玩啊
鸡爹新爸图拉父,27,小兰人,你画质调高啊
sprt6767,15,无粉丝牌,让他改1080就清晰了
橙清的清橙恋,11,小緑帽,一般  打你10哥不是事
暗影メ舞,16,集团军,这画质
Natashaly,20,蘑菇,我他妈以为我的画质好差
花祭彡彡彡,14,小僵尸,原来在看视频   我还以为是老陈在打
恶棍v领,24,小僵尸,比你有脑子
酒伴成瘾丶,18,集团军,这什么鬼画质。。。。
哈维阿尔伯特霍普金斯,11,集团军,哈哈哈哈哈哈哈哈哈哈哈哈
soportyfq123,26,吊吊茶,折腾5号菜的跟个几把一样
五岳独尊,13,集团军,看人家这武器切换，学的会？
小白鸽忠实粉丝,15,小渣男,这不是画质差吗
fantasyworld94,23,集团军,哈哈哈哈
鸡爹新爸图拉父,27,小兰人,你账号呢
痒痒我还要,10,小痒虫,这蓝光跟他妈标清一样
我叫哲学川,18,集团军,来了来了 华府双熊
o安晓瑜,19,小僵尸,川菜吗
这是REPLAY丶你知道的,10,小僵尸,这不是川菜吗
费尔伍德森林,27,集团军,人家暗器技能衔接不比你好10倍
咱们搞基巴,13,无粉丝牌,川菜
温州赌神008,23,集团军,今天直播看ti吗？
隔岸1听雨,9,集团军,你去雕哥tv干嘛
飞往海南小火龙,14,集团军,废物，别没点逼数了。弟中弟
叫我海狸就好了,50,集团军,这不是川菜吗
塞隆,20,小僵尸,唉 川菜 这他妈成口头禅了
隔岸1听雨,9,集团军,你去雕哥tv干嘛？
男孩Time,15,集团军,川川川宝宝宝，mua～木啊～呜木啊～
咱们搞基巴,13,无粉丝牌,云玩家
隔岸1听雨,9,集团军,你去雕哥tv干嘛？？？？
淡墨青山o,15,集团军,。。。
海拉尔大陆之光,12,小霸天,霸气大球打赛垃圾皮鞋，老陈支持谁啊
痛苦de信仰丶,31,集团军,????????????
叫我大哥水就好了,26,集团军,这游戏前几名都是斗鱼主播啊
男孩Time,15,集团军,舔粉呢？出来报道了
cc_cc,7,无粉丝牌,又来蹭我dota2热度？
独守丶残阳,15,小僵尸,开灯草泥马
王怼怼爱吃鱼,20,无粉丝牌,我瞎了
fantasyworld94,23,集团军,开灯啊
chensan333,16,集团军,你麻痹开灯
集团军前线縂指挥,27,集团军,开灯
Adibu,23,小僵尸,开灯阿
是我呀柚子,23,小痒虫,开灯草泥马
费尔伍德森林,27,集团军,开灯呀
情话与狗iiii,17,小僵尸,开灯 你妈嗨
慢2拍de心跳,13,小僵尸,三三看斗鱼的侧漏，屌的一匹
GipsyAvenger,9,小电鸡,开灯啊
狸QAQ,19,集团军,你麻痹，开灯啊
北京白爷,17,集团军,开灯啊
逆苍天164563,15,小僵尸,使用回车可以快速发送弹幕
墨影111,18,小渣男,开灯啊
popo君,10,猪芳芳,你麻痹开灯、
时光凉透初时模様,15,无粉丝牌,睡了吗 和谁睡的啊
鹿真97699,6,无粉丝牌,你没开大会员？？？？
温州赌神008,23,集团军,今天解说不的啊
逆苍天164563,15,小僵尸,发送内容为空，请重新输入!
小白鸽忠实粉丝,15,小渣男,我没鸽，我睡了
隔壁老吴一米五,22,小僵尸,看 苦中做辣 啊 别看这个
非洲孟少,22,小緑帽,莫文还是屌
胡桃军我们走,24,小僵尸,这是刚开始的时候大家都是新手
叫我大哥水就好了,26,集团军,还是武林盟主技术好
newbiejohnw,13,集团军,为什么我看到卢姥爷...
胡忆青,14,集团军,老陈你特娘的开个大会员啊
清明落雨时,21,小僵尸,君临天下
sum555,26,Tree,fg感觉比这强啊
这只是风,11,帅友,吸加重剑
cbwy5281,10,无粉丝牌,看苦中做辣呀
大壮姑娘,23,小僵尸,能别看东百烙铁喊麦🐴
颜素认真的水胖,26,集团军,准备看TI了啊
慢2拍de心跳,13,小僵尸,斗鱼的侧漏，三三比这个屌太多
双倍经验丸,27,小僵尸,斗鱼还有个28杀的你不看看吗
溃马妖,13,小僵尸,道具用的比你好多了
花见花开李居丽,25,集团军,驯雷不应该呀
胡桃军我们走,24,小僵尸,他有起手式用什么飞踢啊。。
北辰星_,15,小人参,墨纹重剑伤害高啊
cbwy5281,10,无粉丝牌,在直播
幻枫_acfun,23,集团军,这才是武侠啊
情话与狗iiii,17,小僵尸,学
青峰SirAlonne,6,无粉丝牌,卧槽
隔壁老吴一米五,22,小僵尸,第一名 苦中做辣  也在斗鱼的
老衲老陈,22,集团军,君临天下
为谁711,20,小电鸡,走A怪
Treacy,18,小僵尸,别看了 学不会
幻枫_acfun,23,集团军,现在都是用长刀的
橙子lam,20,集团军,你他妈爆皮后就跑
你那边有雨,24,集团军,这才是武侠啊
s20041880,7,无粉丝牌,这个厉害
daradarat,19,小僵尸,学不会的
花见花开李居丽,25,集团军,学一下颜素素川神 玩游戏边打边人身攻击
308098435,20,小僵尸,这游戏你只要把握好距离跟锁定解锁定你也是个高手
花祭彡彡彡,14,小僵尸,嘴要很啊
非洲孟少,22,小緑帽,厉害
双倍经验丸,27,小僵尸,斗鱼还有个单排28杀吃鸡的，伤害6000多
迷人怒,20,蜀军,斗鱼的TT还行
书生堕命剑,8,无粉丝牌,别刷了
慢2拍de心跳,13,小僵尸,对，单人28杀
你连阿川都不如,10,集团军,学学 好好学学
Q赌Q,8,无粉丝牌,侧漏大仙24杀
zz洲zz,19,无粉丝牌,苦中做辣
我真的要开始认真了,24,寅子,侧漏确实不错
叫我大哥水就好了,26,集团军,斗鱼主播啊侧漏
几思轻尺璧,13,小肚皮,侧漏很骚，28杀
咕噜咕噜嬉,12,无粉丝牌,吓死我了 我还以为川神在秀
慢2拍de心跳,13,小僵尸,侧漏单人28杀
哎哟喂吖丶,15,集团军,这个好像就是斗鱼的吧
双倍经验丸,27,小僵尸,侧漏就是斗鱼的啊
塞隆,20,小僵尸,苦中做辣大于任何人好吧
开车的死宅,11,集团军,你只学会边打边喷
只言片语,10,无粉丝牌,你跟巨龙都是爆气后退吃药。。。
ckeyl,13,小僵尸,敢杀我乔帮主的帮众？
zz洲zz,19,无粉丝牌,苦中做辣，单排第一，看他的
BaЪy敛,5,无粉丝牌,这个人确实厉害，我看过
美少年肛翻集团军高层,17,集团军,这个步伐 你学会了吗
xuqihao89,13,集团军,以前看3先生知道的侧漏 现在侧漏火了啊
仰天瞪视夏日的天空,15,集团军,这有啥学的啊
缘来是流心,26,196,这有啥好看的
隔壁老吴一米五,22,小僵尸,第一名  是  苦中做辣 真的 吊
带带戴师兄,17,集团军,？？？？？？？？？？
daradarat,19,小僵尸,杀裸吊也杀的比你帅啊
聆听这首忧伤,6,无粉丝牌,霸王别姬啊
Shino亦心,8,小僵尸,没啥看的啊
柒肆玖陆零,8,无粉丝牌,为什么他杀人这么容易
嘤嘤嘤就完事了,20,蜀军,没想到侧漏因为这个游戏火了以前还是个小直播员
有本事闷死我,14,小僵尸,你气不气
jie5601,13,小僵尸,我今天看了做辣的直播
嫩水蟹好吃吗,22,小霸天,学啥
莫丨鱼,18,集团军,别看了，你也学不会
幻枫_acfun,23,集团军,这个看得懂吗
D的格调,7,点子王,杀裸屌也能剪进视频。这不是菜逼？
Q赌Q,8,无粉丝牌,等会又慢放
godkuku,18,无粉丝牌,别看了 你学不会的
鹿真97699,6,无粉丝牌,戚家十三口！
慢2拍de心跳,13,小僵尸,双刺屌的飞起
上古雲玩家,15,小僵尸,这游戏怎么翻滚？
带带戴师兄,17,集团军,？？？
隔壁老吴一米五,22,小僵尸,使得
Treacy,18,小僵尸,别看了 你学不会
隔岸1听雨,9,集团军,别看了，你也学不会
萌萌的啵啵MUA呜呜呜,20,小緑帽,都是不还手这么真实
chensan333,16,集团军,戚家十三口？？？？？
泰允西丶养成计划,21,小僵尸,测漏？
Datura19921114,21,集团军,我曹一套秒
一剑西来_I14,21,集团军,这集锦做的，他妈只放最后瞬间？？？？？？？？？？？？
听说下雨咯,13,集团军,别看了 学不会
小对讲,10,无粉丝牌,下播了可以偷偷看他直播呀
慌张你真是矮,17,一发,学不会看啥
花见花开李居丽,25,集团军,这连招可以啊
非洲孟少,22,小緑帽,暗杀了一个看到没
Natashaly,20,蘑菇,这些手弩好厉害
慢2拍de心跳,13,小僵尸,走位好啊
书生堕命剑,8,无粉丝牌,画质再垃圾点
咱们搞基巴,13,无粉丝牌,你气不气  川神他没你厉害  比你杀的多
隔壁老吴一米五,22,小僵尸,这版本双刺 四一二 防反不了
专业修鞋匠,25,无粉丝牌,你淘汰了 田伯光
海域1990,20,集团军,24杀？
老衲老陈,22,集团军,双刺是必备短武器
旅途人生89,20,小僵尸,看斗鱼苦中做辣排行榜第一，技术一流!！！！
我这个家伙,17,小僵尸,苦中坐辣我看过，确实是厉害，不说吃鸡，都说吃鸡几杀
带带戴师兄,17,集团军,？？？？？？？？？？？？
puff_live,19,小渣男,双刺不能格挡啊
仰天瞪视夏日的天空,15,集团军,不是我舔，这镜头真的比老陈的好看？
zzxxasp,22,集团军,川神在OB偷学？学不会啊
Hx煊哥er,22,集团军,别看了，你操作不过来
啵啵国的小啵啵,21,小僵尸,我也看3先生知道的侧漏
Xc丶1994,18,小僵尸,剪辑做的烂 说别人菜的是脑残》？
MakeitColorful,14,猛男,别看了舔剥光，你学不会的．
Suze甜酒,19,集团军,高手都是双刺加长枪
weezy93,14,无粉丝牌,封不觉？？？？？
旅途人生89,20,小僵尸,看斗鱼苦中做辣排行榜第一，技术一流!！！ 看斗鱼苦中做辣排行榜第一，技术
塞隆,20,小僵尸,看武林盟主苦中做辣
shuzhongjiumeng,7,无粉丝牌,高手都是双刺
jiafujinhua,6,无粉丝牌,wingsTI6就是捡了个冠军，含金量很低
带带戴师兄,17,集团军,我是看三先生知道的
芳林飞溪orz,24,小僵尸,戚家全家是三口都是被常威所杀
幻枫_acfun,23,集团军,还不如看看阿飞直播呢，双排都40名了
liof309241,5,无粉丝牌,这版本双刺412超叼，让你用你又不听
RaB乌龙茶,29,小僵尸,还是喜欢看川神做菜
老陈颜粉,16,集团军,封不觉我日
polyer,5,无粉丝牌,双刺最屌
依旧吊不蹂,14,大马猴,比赛还没开啊？
大叔陌陌333,14,无粉丝牌,你吹吧，20杀
Q赌Q,8,无粉丝牌,前面是剪切，后面是每个对手的对决
慢2拍de心跳,13,小僵尸,真实28杀，不是集锦
zhatangyuan,20,集团军,再模糊点
那离岛,13,集团军,杀得这些人里面连川菜都没有好意思做视频|
jiafujinhua,6,无粉丝牌,wingsTI6就是捡了个冠军，含金量很低。
大壮姑娘,23,小僵尸,捡你🐴的比，你去捡一个？
Q赌Q,8,无粉丝牌,看后面的就行
为谁711,20,小电鸡,废话
daradarat,19,小僵尸,感觉他打的也是鱼卵局啊
我滴个神乃,10,无粉丝牌,侧漏大仙，双刺贼猛
胡桃军我们走,24,小僵尸,他有起手式
鹿真97699,6,无粉丝牌,对啊   你学得会吗？
低调隐忍收,13,集团军,你先爆气满体跑的习惯改了再说
小对讲,10,无粉丝牌,水军左右互搏又来了
Q赌Q,8,无粉丝牌,看后面的
孙策策策,27,小緑帽,？
jiafujinhua,6,无粉丝牌,wingsTI6就是捡了个冠军，含金量很低
小白鸽忠实粉丝,15,小渣男,不是那要怎么样赢含金量才高
美少年肛翻集团军高层,17,集团军,废话  就你用
sswjames,5,无粉丝牌,这不是对手菜？
妮只属于我,18,小电鸡,怎么他能曝气直接反手打
zz洲zz,19,无粉丝牌,高手是这样的啊
嫩水蟹好吃吗,22,小霸天,都是骗别人先手
怎么全被注册了啊啊啊,5,无粉丝牌,说wings捡了个冠军的 封一哈
停云落月,16,集团军,乔某
放开那只萌虎,9,干豆腐,你这么厉害你去捡
勾勒丿,7,无粉丝牌,说了飞踢是菜鸡啊
547365808,16,小僵尸,废话
godkuku,18,无粉丝牌,菜逼用飞踢 
鹿真97699,6,无粉丝牌,这bgm很带感啊 
hghg22002,17,集团军,距离感好
你连阿川都不如,10,集团军,你好好学
陈彦川,9,无粉丝牌,这个人说话还说两遍，生怕别人看不到
syso丶之子泛舟,17,小咣头,你也去捡个1000多万啊
ckeyl,13,小僵尸,杀我丐帮的人？欺我丐帮无人？
老衲老陈,22,集团军,本来人家就是立回打得好
讲道理啊噢,11,196,人家不用踢的
fantasyworld94,23,集团军,只有菜鸡才用飞踢
daradarat,19,小僵尸,你不飞踢不会玩啊
你连阿川都不如,10,集团军,飞踢的都是菜鸡
五岳独尊,13,集团军,而且别人只用伤害招式，不是瞎连技能废气
北辰星_,15,小人参,飞踢太费体力了
mayuanxi,23,小僵尸,3先生
猴国王与驴,22,电棍,换你就被裸吊反杀了厨子
赤木茂,18,影魔王,人家都10把起吃鸡
Nn丶忘却,24,无粉丝牌,招 有起手式的呀！！
Lovget,23,无粉丝牌,这个最多杀人，有一部分是水友送的，假的一比
Brilli,16,无粉丝牌,菜逼三连
唯一的注视,26,小乌贼,学会了吗
马川马川,30,集团军,等于对弹幕大神来说，世界冠军也能捡的咯
非洲孟少,22,小緑帽,弹幕云玩家 看谁都菜逼 真实
陈彦川,9,无粉丝牌,他带节奏的，有必要理他吗
上古雲玩家,15,小僵尸,这个滚怎么用？
隔壁老吴一米五,22,小僵尸,侧漏还行吧  但苦中做辣是 真的吊
Xxxzii,11,小肚皮,这游戏先生胜一般
Yolo5848,6,小僵尸,学不会的
你连阿川都不如,10,集团军,双刺4 随便破飞踢
旅途人生89,20,小僵尸,看斗鱼苦中做辣排行榜第一，技术一流!！！！
美少年肛翻集团军高层,17,集团军,飞踢过来就是这样下场
一剑西来_I14,21,集团军,不是，怎么还有人跟节奏的？
书生堕命剑,8,无粉丝牌,不是，这厉害吗？
Xxxzii,11,小肚皮,先手胜一半
唯一的注视,26,小乌贼,00
你连阿川都不如,10,集团军,三三 双刺 4 12 12 拉开对面就死
佐延迟,13,无粉丝牌,是人吊啊
Lovget,23,无粉丝牌,学技术还是看做辣吧
duan252422725,8,无粉丝牌,给你就不屌了
老衲老陈,22,集团军,双刺是必备的短武器
冫城,19,小僵尸,人的关系
cay008,20,集团军,封了，节奏别跟
女流66的老公,11,无粉丝牌,双刺1v1无敌
这只是风,11,帅友,双刺打好了无敌
炫月残空,17,无粉丝牌,那是别人的
hi别跑呀,11,集团军,双刺都削弱啦
