遛魔,5,无粉丝牌,lgd宣布独立
屁屁卡丘,8,小8路,这不变蛋
风间流云,20,小僵尸,这凤凰不高台变蛋
叫我阿宝,7,小僵尸,你们知道有几个败者组打上冠军的吗
纯情梦龙君,14,333丶,垃圾心情丢人
天空无痕sky,16,神机營,这阵容被冲的太散了
牛头爸爸,10,小僵尸,LGD拿到盾了?云玩家滚好吗
yiyun199011,13,小痒虫,天梯要出现好多4号位拍拍乐，可怕
GosuGarry,13,小8路,NB2-0TS 携手晋级败者组
一直都是tap,10,无粉丝牌,酱油拍拍感觉可以压
黑魔导5543,18,小僵尸,卡卡真牛逼
yaoaaasdfsdg,9,点子王,LGD的粉丝是不可战胜的👊
辰sir23825,4,无粉丝牌,某该
Broxigar012,19,小僵尸,内战王NB打自己人还是狠啊
怎么又在OB啊,30,集团军,云玩家问一下，ti几年一次？
寒影月竹,7,无粉丝牌,zhizhizhi没声音啊
summer的祈祷,17,小僵尸,NB输OP不应该
SanGhoul,25,小僵尸,就算6支中国队全进淘汰赛都没用，第一轮下来起码走一半
菜头12566,15,17丷,看样子今年不存在偶数年了
菜头12566,15,17丷,发送内容为空，请重新输入!
shuaian,13,小僵尸,NB打秘密是关键
Legend667,7,无粉丝牌,冠军全是胜者组出来的
一方那个通行,20,蜀军,变蛋拍拍秒解
count_xx,10,无粉丝牌,这拍拍比老十一肥
604533650,21,小僵尸,酱油拍拍有什么说法嘛
ChildeWing,5,无粉丝牌,看不到凤凰没蓝么
浪里个浪biubiubiu,13,无粉丝牌,答案是没有
wangrunhang1230,7,无粉丝牌,你说TI6TI7哪个不是败者组杀上来的？
我不是奶神,16,点子王,晋级你🐴的败者组
脑残喷子的野爹,17,影魔王,卡卡的拍拍?
做一把小雨伞,13,小僵尸,败者组冠军没有
tuer8,11,无粉丝牌,为啥全屏之后面板不显示了
sijx1234,14,无粉丝牌,������������了
Xxxzii,11,小肚皮,劝弹幕小组赛少发表看法，到时候被打脸
NoodleTIAN,16,小僵尸,NB内战王？
ermao111,6,无粉丝牌,lgd七个盾 你滚啊
白州白州,11,集团军,TI 4年一次啊
狮子天份,22,小僵尸,233333333333
amos77,15,老公连,盾已经送到老干爹基地了，谢谢
Q189bff01b3c87fecf,5,无粉丝牌,NB真是内战王
Sober杰哥,15,北萌,我随便玩个亚索能把对面打挂机
1241917605,21,小咣头,有加赛吗
Arthur灬宇,23,无粉丝牌,一级蛋拍拍一下就打没了
碎碎觉free,14,无粉丝牌,冠军不是已经内定了LGD吗
夜神清欢mua,20,小痒虫,喜闻乐见
897232990,13,小僵尸,nb是个毛内战王
B痒求舔,9,小僵尸,内战王NB，遇到国外爹就软
安度因丶乌瑞恩,7,无粉丝牌,说王者荣耀的麻烦滚出去好嘛
妖异与自由系,5,无粉丝牌,5-4
腮帮过大5209,13,小僵尸,ti和奥运会一样4年一届
桓温,4,无粉丝牌,谢斌你可以学一下。这个拍拍还可以
111wt,19,小僵尸,b组 全部4分
清迭,17,无粉丝牌,nb内战王的麻烦看下比赛
SKH22,8,无粉丝牌,ti不是4年一次吗
发生大幅度升高,4,无粉丝牌,TI6就不是啊
wwwyeyiren,10,小僵尸,哈哈哈哈
胆小的纸杯,6,无粉丝牌,nb内战王的几年没上网了
爱你一生111,14,无粉丝牌,酱油拍拍不开黑店路人又几把用
毛小灬驴,12,点子王,奶了
哀之月,3,无粉丝牌,TI没试过是淘汰赛就进败者组拿冠军的
猴行者,4,无粉丝牌,内战王的怕不谁滞胀
shuaian,13,小僵尸,冠军全部都是小组赛在胜者组的
吉鱼蛋,5,无粉丝牌,这个xinQ好 的ID熟啊
狗头人哭哭惹,21,小緑帽,lgd已经收到消息下届奖金突破天际，要藏阵容到ti9
1050628825,4,无粉丝牌,vg就他妈喜欢研究国内队
游才浚宁,15,小僵尸,盾都在老干爹基地了你们说nmn
diao丝丶心态,17,噜噜噜,之前哪个队用过四号位拍拍，有人知道吗
whatbigwhat,25,无粉丝牌,6666666666666666666666
老司机带带我__,25,点子王,跟老干爹一样 55开
tomo123,4,无粉丝牌,lgd也是5-5
的荷花吧少年,20,无粉丝牌,懒猫？
dtfhxsa,3,无粉丝牌,wc
发生大幅度升高,4,无粉丝牌,2 5  7 才是败者组
白鸽飞出,6,小僵尸,666云玩家，这一手云玩家无敌
hrj24,22,影魔王,没了啊
sijx1234,14,无粉丝牌,������
假装不敌1,4,无粉丝牌,TI6Wings是胜者组啊
chn201,24,无粉丝牌,冰火
whatbigwhat,25,无粉丝牌,newbee回家吧
小小杯茶,17,辣椒儿,败者组不能夺冠？你估计第一年看ti
送外卖的帅哥,32,无粉丝牌,好久啊
GED丶十年平凡之路,24,250,lyf的双龙会
grannyrin,11,无粉丝牌,海草海草
111wt,19,小僵尸,这个combo还行
Black小马兔,20,小僵尸,然并卵
fenghu999,5,无粉丝牌,有点东西啊
满城同学不可以,7,小僵尸,这一套 练过啊
小僵尸他lei了,16,小僵尸,哈哈哈哈哈
辰sir23825,4,无粉丝牌,／dance
毛利元就,13,小僵尸,哈哈
Icarus7freezing,5,一发,漂亮！
odinlwq312,19,无粉丝牌,冰火两重天
水银燈sama,36,小僵尸,别说什么内战王  内战王只认IGV
斗斗鸡牛逼,5,无粉丝牌,dance
00小影00,20,大绅士,哈哈哈
毛利元就,13,小僵尸,谐星
八云紫衫,14,小僵尸,有点东西
cui568239967,11,无粉丝牌,谜团在干嘛啊
shuaian,13,小僵尸,所有冠军小组赛出线都是胜者组
2215573432,11,无粉丝牌,凉了
丶谈何失去丶,13,点子王,哈哈哈哈哈
誓死加工冬泳欧巴,18,天宣占,kpii
fenghu999,5,无粉丝牌,有点wings那种杂技
renzhek,7,无粉丝牌,自己人就别嘲讽了啊
LAcai日天,8,无粉丝牌,奶子d好贱
mkdir清,8,无粉丝牌,kpii还是秀啊
狮子天份,22,小僵尸,66666666666666
长白山野生六耳猕猴,5,无粉丝牌, 我酱油拍拍100把82%胜率
忘发烧了额,18,小僵尸,没真眼 拉了打不死
1173039688,22,小僵尸,小组赛就进败者组的 没有一支队夺冠
Sober杰哥,15,北萌,这游戏就是山寨的王者荣耀
Hilez,10,点子王,笑的这么开心？
热手探鼎,12,Quin,海草海草
yexinming,21,小僵尸,雕哥生日快乐
猴行者,4,无粉丝牌,中国队内战不能赢？
范范范迪塞尔,16,无粉丝牌,冷场了
周海洋的儿子,23,无粉丝牌,新姜舞
Jamie1990,13,小霸天,内战王只认lgd
做一把小雨伞,13,小僵尸,败者组真没有夺冠的，你才没看呢
chn201,24,无粉丝牌,这冰火双大还有点意思
yalld,24,点子王,单杀了
不可无一难能有二,12,小僵尸,4-6啊，怎么会有4-5都不是双数
克莱汤普森丨丨,23,集团军,甩鞭舞
Fengren35,24,小咣头,很对 很有感觉
Chanyip,8,无粉丝牌,nb赢一场就内战王了？
小七又双叒叕死啦,15,无粉丝牌,打刀塔不如跳舞
q09888,8,无粉丝牌,KP真的是个谐星
功夫大龙翼,15,小钻風,海草舞    有东西
2497509210,10,无粉丝牌,集体自闭
qqqqxd,9,无粉丝牌,没有IGV 还TMD带IGV
西瓜123456789,4,无粉丝牌,wings还有人吹？一个打完就内哄的队伍
grannyrin,11,无粉丝牌,。。。。。。。。
裁云缝雨衣,17,影魔王,别人关系好嘲讽怎么了
一笑之情,14,小僵尸,他又开始跳舞了
lapulasilalala,15,无粉丝牌,漂亮
jja1005,10,无粉丝牌,海草海草随风缥缈
辰sir23825,4,无粉丝牌,单杀！
最爱廖老狗,11,影魔王,谢斌个老B怎么不说话
老司机带带我__,25,点子王,不过老干爹输EG 感觉很难受
cui568239967,11,无粉丝牌,哎呦 好狠
Legend667,7,无粉丝牌,4号位单杀大哥
使魔桑,17,小僵尸,最菜9000
在下魔王悾ii,14,无粉丝牌,.........
cccciya,14,小僵尸,卡璐璐
曳尾涂中,23,小僵尸,冰龙大的不会受到凤凰伤害吧。
MeMe丶Sun,20,小僵尸,卡露露。。
warren430,21,小僵尸,单杀。。
腮帮过大5209,13,小僵尸,漂亮哥
NO波6,3,无粉丝牌,好狠
海院第一帅,19,小僵尸,kaka 牛逼
毛利元就,13,小僵尸,四号位单杀大哥卧草
热手探鼎,12,Quin,报警了
寒影月竹,7,无粉丝牌,kaka这么厉害啊
大田哥,22,无粉丝牌,单杀
节灵夙,32,全针,四号位锤你大哥
skadi之刃,12,无粉丝牌,卡卡牛逼
陈哈哈哈哈呼,17,影魔王, 单杀
whatbigwhat,25,无粉丝牌,这根本就不是四号位。。。
linmaxxx,3,无粉丝牌,kakanb
limerecss,7,无粉丝牌,拒绝者：根本没有内战王，或者说 人人都是内战王
flyozw,4,无粉丝牌,看经济
老陈今天ob素素了吗,25,小痒虫,你们忘记ti4newbee了吗
最光阴sc,19,小僵尸,这才是拍拍
大师兄抱紧我,7,无粉丝牌,新僵舞
木木always,20,尧顺宇,四号位比对面大哥肥
白鸽飞出,6,小僵尸,我都不懂lgd粉怎么招黑的只看到无脑喷
shuaian,13,小僵尸,你小组赛不进胜者组不可能夺冠
fenghu999,5,无粉丝牌,游戏可以输，但要赏心悦目
EstoneG,18,小僵尸,握草。。。
的荷花吧少年,20,无粉丝牌,wings开天辟地 谢谢 
费洛蒙热吻,15,小僵尸,为什么有小骷髅又出支配啊
8GEXY,4,无粉丝牌,单吃大哥
重置罗盘,9,无粉丝牌,大哥冰龙
姜尸王姜岑,14,小僵尸,路子野啊
我是罐装的点子王,21,点子王,zhizhizhi还有队要大吗
ashley886,5,无粉丝牌,newbee当年不是冒泡赛杀上来的吗
奔三基佬1,17,点子王,0976iygkb8t mnウｈｊ、３５ｗｒセｄｔｃｖｂFgンｘmン」｛＿＊＿＠￥；儒
odinlwq312,19,无粉丝牌,漂亮哥他又lei了
zhdys,6,无粉丝牌,垃圾时间啊
假装不敌1,4,无粉丝牌,怎么不能吹了？
谭小斗,19,小僵尸,4年前zai用过4号位拍拍
dy4057446,12,集团军,良智你玩的是个。。。。牛逼呀
伍流奇,12,无粉丝牌,TS确实有点小Wings的感觉  不过还差点火
闷油小瓶子啊,12,无粉丝牌,我他妈还以为在打秘密
窒息丶丶丶丶,11,集团军,哪个冠军一开始是败者组的？？
wangrunhang1230,7,无粉丝牌,LIQUID败者组1穿6？
斗渔我最鱼,19,无粉丝牌,TS为什么是这么一个对标
贝纳德尔斯基,7,点子王,TS3-5
从不吹牛王炸德,20,小肚皮,这把拍拍和上把画风不一样
sijx1234,14,无粉丝牌,死命令必须拿下
pangwei30,8,无粉丝牌,3-5
等我带你看海,3,无粉丝牌,ti4NB.不是败者组？
Shadowddddd,14,小僵尸,调下视角
dong3690780,3,无粉丝牌,4大哥阵容
zebsama,14,1551,newbee这把赢了不是么？-
小缘惟所欲惟,20,无粉丝牌,空大了……
妖异与自由系,5,无粉丝牌,nb赢了是6-4啊
朽翌,16,无粉丝牌,四号位7000  大哥6000  那叫大哥么
茶仙丶,20,小僵尸,这冰龙怎么TS经济第一。。。
Ccc2323,12,小荔枝,TS
whatbigwhat,25,无粉丝牌,这拍拍打得就是个自由人。。。。
MonGarit,8,无粉丝牌,这局没打完当然是单数
welins,21,好女孩,四号位 单吃大哥
脩风,23,小僵尸,你怕是忘记当年的ti4
天天躺,16,猛男,弟弟在睡觉不要吵醒了
补刀手Fightmon,12,小僵尸,3-5
lcowhuod,3,无粉丝牌,ti7李逵败者组1串7你忘了？
grannyrin,11,无粉丝牌,碾压
长江以北AnD我忍最美,5,无粉丝牌,李逵不就是败者组冠军的？
tangwangcheng,10,无粉丝牌,这个是4核？
管管管管管,14,腐乳,这个比11的都强
天台火药,24,小粉沫,这把是回家局吗？？
你不是真性情123,19,无粉丝牌,冰女1保4
十七根凶简,5,小8路,f呢
hyw6669948,19,无粉丝牌,NB转打中国队
SpiritNIP,8,无粉丝牌,卧槽，这么狠
香辣磨菇,7,无粉丝牌,这拍拍比小骷髅肥
315235502,12,小僵尸,老十一的拍拍秀出了下限
30位汉字和数字i,7,无粉丝牌,拍拍比起对面是一个大哥的经济
腮帮过大5209,13,小僵尸,对面冰龙大哥吗
梦苓,10,无粉丝牌,刚来 哪边十杀？
入场场场丶,14,点子王,老11的只能是挠挠熊
GYang123,8,无粉丝牌,TS垫底啊
dn7723582,10,小僵尸,蓝猫是猪永东？
shuaian,13,小僵尸,TI4NB也是胜者组
CuAlGa,16,小僵尸,卡卡的大哥梦
welins,21,好女孩,EG独一档
梓坤,18,小8路,内战王，
尔等都是驴,20,小僵尸,真是风水轮流转以前的lgd叫做来个爹现在可以嘲讽别人
躺鸡可得丶多扶拉三哥,28,集团军,这冰龙是大哥。。
BarryChu,61,点子王,kp谜团怎么又出支配啊
我不是奶神,16,点子王,回你🐴
hj4378,15,无粉丝牌,拍拍比小骷髅经济好，单杀正常啊
1173039688,22,小僵尸,没有一届TI冠军是小组赛后进败者组的 自己去查
feixuewushuang,3,无粉丝牌,近战 晕锤是神器
Genkishi,15,无粉丝牌,Vgjs
做一把小雨伞,13,小僵尸,李逵小组赛第一败者组？
一条薄薄的床单,26,No酱,vgjs
贝纳德尔斯基,7,点子王,EG和VGJS
乖乖稻草2010,25,小烈驴,EG独领风骚
feier1409,13,无粉丝牌,newbee一向内战王
大师兄抱紧我,7,无粉丝牌,ef
来学谦逊,17,无粉丝牌,vgjs
皇家马德里的男人,17,小赢僧,这算不算空大
ghostsmile123,17,无粉丝牌,就是鳖鳖把祖国dota祸害了
lcowhuod,3,无粉丝牌,败者组真没夺冠的？
叫我玄哥就好,19,小僵尸,Ti7李逵不是败者组上来一穿三吗
忧伤暮舞,6,无粉丝牌,牛直接tp
xodpm,6,无粉丝牌,VGJS
浪里个浪biubiubiu,13,无粉丝牌,liquid是ig打下去的败者组
吾有长形,6,小僵尸,VGJ.S
17shou的蜚声,4,无粉丝牌,喷子还是牛逼啊，只要打的一点不好喷到祖坟
菜鸡卡66,6,无粉丝牌,eg血🐴强
我还是叫幻绝者吧,19,女流,8-1 天秀
节灵夙,32,全针,红绿灯
缘来最爱吃面筋,27,小僵尸,VGJS啊
至高君王玛尔扎哈,16,无粉丝牌,猪妹儿吊啊
送外卖的帅哥,32,无粉丝牌,小组赛之王eg
大师兄抱紧我,7,无粉丝牌,eg 9-1
ashley886,5,无粉丝牌,液体是淘汰赛进的败者
liangzedong6,5,无粉丝牌,喷子一个个是真nb 屏蔽弹幕吧 求求你们了
牛头爸爸,10,小僵尸,ts全平
asd545433649,7,无粉丝牌,eg和vgjs
脩风,23,小僵尸,当年不就是败者组打到冠军
sydzhu,13,小僵尸,李逵是胜者组第一吧
忘发烧了额,18,小僵尸,vgjs啊 北美最强
请输入新昵称123,13,北萌,李逵小组赛1结束是小组第一
毛利元就,13,小僵尸,还能8-1的？
游啊游啊晓晓鱼,19,小僵尸,vgjs比eg还厉害
Evanl111,14,无粉丝牌,VG不是中国队？
桓温,4,无粉丝牌,B组形势乱
墨染瑾年,7,无粉丝牌,这冰龙的经济？！？！？
han0712,7,小僵尸,VGJS
发生大幅度升高,4,无粉丝牌,李逵是胜者组 被打下去而已
skadi之刃,12,无粉丝牌,vgjs啊
说的好我选择死亡,7,无粉丝牌, eg 91 vgjr 71
夜觉生,14,好女孩,8-1还行
辰sir23825,4,无粉丝牌,一号位冰龙被锤爆了
yc20080416,22,无粉丝牌,VGJS啊
浪里个浪biubiubiu,13,无粉丝牌,他是胜者组的
葵曼沙,21,小僵尸,液体是被ig打下去的
杜拉汗,4,无粉丝牌,专打中国队?不是才输给vg吗？
a650156760,12,小僵尸,李逵是掉到败者组的
游才浚宁,15,小僵尸,nb是个毛的6-4
Krizzzzzz,15,无粉丝牌,ts后面两天打的对手都不强
哦嗨哟丶,13,集团军,8-1是怎么来的？
tomo123,4,无粉丝牌,北美最强赛区
天空无痕sky,16,神机營,vgjs
奥雅大頭领,11,小僵尸,这是内战啊，打外国队就不这样了
wcy880717,20,集团军,最强赛区
毛利元就,13,小僵尸,少打一把？
slimcc,20,小肚皮,北美最强赛区了解一下
早厥之舞,13,小僵尸,输一把成绩都不是特别好喽：？
无尽幽蓝,17,小僵尸,沙币么液体小组赛当时第一的
直到世界的尽头___,25,小僵尸,拉大 大哥一点不手软
注册名好难起,5,无粉丝牌,历年你麻痹，李逵给你吃了？云观众滚
kukkic,12,集团军,vgj.s
111wt,19,小僵尸,eg 没有藏阵容啊
Icarus7freezing,5,一发,瑞士鲁迅啊
stdota27,10,小僵尸,哪来的8-1
q歪q埃克斯,19,无粉丝牌,北美赛区啊
pomailion,6,无粉丝牌,eg 9分遥遥领先
我转我转,7,无粉丝牌,北美最强赛区啊
我是罐装的点子王,21,点子王,吱吱吱居然还有队要
一方那个通行,20,蜀军,BO2怎么打出8-1
虫子爱看书,14,小僵尸,VP呢
NE_HANA,22,无粉丝牌,eg成绩不大好？？？？？？？？？？？
messia,6,无粉丝牌,最强赛区啊
yhhh666,7,无粉丝牌,液体是一开始被打倒败者组的
9看看不说话,14,点子王,小骷髅 骷髅王两兄弟好像胜率真的低
清迭,17,无粉丝牌,李逵是被打进败者组的了解一下
塔司听苟,9,点子王,这拍拍很有用啊
sacmilan,19,小僵尸,最强赛区无敌
大嘉嘉丶,13,无粉丝牌,LGD还是很克EG的
zhen一生,18,小僵尸,vg输了六把外战，就赢了一把外战，不是内战王？
辰sir23825,4,无粉丝牌,vg江苏分布啊
曲瑞年,9,憨厚哒,去年液体是小组第一出线
谭小斗,19,小僵尸,液体小组第一进的胜者组被ig锤下败者组的
说的好我选择死亡,7,无粉丝牌,vgjs 7 1
catdad,17,集团军,8-1是什么操作
脑残喷子的野爹,17,影魔王,马锤
shuaian,13,小僵尸,液体是小组第一被IG锤了
套坡曼,23,小僵尸,eg王者归来
pp279162896,16,无粉丝牌,eg和vg一队了解下
librairis,8,无粉丝牌,小组赛第一的都基本淹死了
维嘉我老婆,13,点子王,北美最强赛区？
我心飞扬kkk,9,无粉丝牌,李逵是胜者组出线被打下去的
水银燈sama,36,小僵尸,拍拍熊 抓抓熊 挠挠熊
wangrunhang1230,7,无粉丝牌,那不是败者组冠军？
laozhong1217,20,无粉丝牌,李逵不是一开始就败者组的。胜者组选ig被锤
24h丶发呆,17,点子王,北美DOTA崛起？
萝莉马卡龙,9,猛男,。。。
siyimanchang,10,无粉丝牌,卡卡，，，，，
沉默的垃圾,14,无粉丝牌,eg可能前四但无缘冠军
一如往昔,16,无粉丝牌,这拍拍好凶
Sober杰哥,15,北萌,怎么没有露可娜娜
扭type,24,小僵尸,怎么可能会有8-1
紫拉加奈卡紫拉跌四,4,无粉丝牌,放心，巴巴耶夫这选手有毒拿不了冠军
西瓜123456789,4,无粉丝牌,李逵是胜者组被打下去的云玩家
斯坦福桥球童,17,小僵尸,说NB内战王的是活在2017年？
天涯独奏light,24,小僵尸,败者组打你妈冠军
Ccc2323,12,小荔枝,最强赛区啊
敷衍那么美,7,小僵尸,liquid是1穿3个中国队，实际上是1穿6
被封了居然,16,小僵尸,9-1
大田哥,22,无粉丝牌,8-1等于9场啊
AnsonLin97,22,好女孩,na doto best doto
忧伤暮舞,6,无粉丝牌,我觉得vg被自己人抬了一手
村长我想吃肉,16,大马猴,心情老爱玩蛇皮三
虫子爱看书,14,小僵尸,VP是打得少
KamuiVVV,9,无粉丝牌,VSJT 北美双熊
skadi之刃,12,无粉丝牌,vgj是真的强
邢啵啵,16,小僵尸,去年eg胜者组 淘汰赛直接两轮没了
老逼枫的小僵尸新娘,19,小僵尸,Nb被vg打了个0-2也叫内战王？
香辣磨菇,7,无粉丝牌,云观众那么多？
wwwyeyiren,10,小僵尸,陨星锤哈哈哈哈
slimcc,20,小肚皮,NA最强赛区
古尔丹之血,16,无粉丝牌,有小骷髅的局谜团支配没有点金好用吧
单车老师不睡觉丶,22,汽车人,vg：三号位拍拍凭啥肥?  nb：四号位拍拍凭啥不
裁云缝雨衣,17,影魔王,心情还是会刷啊
要日天,16,无粉丝牌,陨星锤该练啊
大师兄抱紧我,7,无粉丝牌,9-1  eg
1173039688,22,小僵尸,李逵是小组第一 不是小组赛进败者组 知道吗
hj4378,15,无粉丝牌,红绿灯
whatbigwhat,25,无粉丝牌,TS这冰龙大陨星锤combo。。。回家吧。。。
风间流云,20,小僵尸,ts今天这么喜欢妖路？
哦嗨哟丶,13,集团军,566全平台丢人了呀
热手探鼎,12,Quin,我们憋憋耶夫粉丝都哭了
窒息丶丶丶丶,11,集团军,说的是小组赛打完就在败者组 话都听不懂还要杠
兽面人心丶,19,大马猴,红绿灯了
moja123,15,小僵尸,真的菜
tangwangcheng,10,无粉丝牌,4核    ？
yalld,24,点子王,4号位拍拍无限蓝好爽
五花肉HL,9,影魔王,拍拍走出冰龙大  哈哈哈哈哈
pomailion,6,无粉丝牌,lgd被eg2比0
fenghu999,5,无粉丝牌,北美双熊
想去很远的地方,5,无粉丝牌,今年EG打破历史的一年
程进那些,20,大马猴,vgjs也可以
Q189bff01b3c87fecf,5,无粉丝牌,LFY就是被NB大回家的
welins,21,好女孩,VGJS算不算中国队
linovn,14,小僵尸,na dota best dota
wangrunhang1230,7,无粉丝牌,怎么着掉到败者组拿冠了还是胜者组的？
315235502,12,小僵尸,感觉热门还是vp和李逵，这两个队淘汰赛和小组赛不是一个队伍
只有9000的弹幕大神,5,无粉丝牌,Vg进淘汰赛也是一轮游
乖乖稻草2010,25,小烈驴,EG小组赛哪年不是猛如虎···
BonnanuIt,5,无粉丝牌,老干爹被EG打0比2 还克EG？
什么什么的阿甘,11,小僵尸,四兄弟了
mima123456,16,无粉丝牌,eg811
水银燈sama,36,小僵尸,2017内战王NB 2018内战王VG
绝活辅助转大哥,3,无粉丝牌,这才是拍拍啊
grannyrin,11,无粉丝牌,。。。。。。。。。。。。。。
嘿嘿嘿GAKKI,29,小僵尸,北美最强赛区双第一
tomo123,4,无粉丝牌,等一波鲁迅再一次把eg送回家
Q189bff01b3c87fecf,5,无粉丝牌,打回家
凉笙微凉,16,小僵尸,TS一直这么妖路
dotagql2012,8,无粉丝牌,vg到底怎么样要看明天了，如果给外国队送分那节奏无敌了
yyfyyf2468,43,小僵尸,23333
Andy郭,4,无粉丝牌,军哥哥厉害了啊
fenghu999,5,无粉丝牌,北美双熊强无敌
dtfhxsa,3,无粉丝牌,.
幽尔Yore,27,小僵尸,....
嘿嘿嘿9771,21,无粉丝牌,EG拿不了冠军
18677213961,4,无粉丝牌,经济第一的冰龙了解一下？
whatbigwhat,25,无粉丝牌,这拍拍是自由人，不是几号位几号位
范范范迪塞尔,16,无粉丝牌,6666666666666666666
最光阴sc,19,小僵尸,点子王
菜鸡卡66,6,无粉丝牌,果然na最强赛区啊，ppd对不起
如意如意566,26,无粉丝牌,。。。。。。。。。。。。。
顷刻间哦i,13,小僵尸,666666
103578616,3,无粉丝牌,66666666666
AL尊,24,小肚皮,。。。。。。
黑暗游侠丶MTJX,31,小僵尸,6666666666666
要高高的螃蟹,10,王佩,哈哈哈哈哈哈
辰sir23825,4,无粉丝牌,秀
sazery,18,小肚皮,66666
亞洲氣質帥哥,21,小8路,败者组3只CN  2只回家
9看看不说话,14,点子王,tpii
城春zzzzz,22,聚匠,不是中国队
胆小的纸杯,6,无粉丝牌,666
在下魔王悾ii,14,无粉丝牌,............
乱doctor,22,噜噜噜,北美最强赛区
上月和菜,9,无粉丝牌,6666
PeterBot,3,无粉丝牌,6666666
失重者0,14,小僵尸,6666666
toystan,10,点子王,冰女和拍拍组合还是爽啊
毛利元就,13,小僵尸,秀啊
墨染瑾年,7,无粉丝牌,666
slowgo,11,小僵尸,早上胖头鱼还说 要10-6才有机会进胜者组
MaybeBlinK,26,点子王,秀
长沙小骄傲s,19,无粉丝牌,66666666666666
Icarus7freezing,5,一发,漂亮！
八云紫衫,14,小僵尸,66666
杰杰乖78,10,无粉丝牌,。。。。
ttthan,17,点子王,。。。。
暮雨白晨,17,无粉丝牌,66666666666
平真丶,16,918,菜啊
折一纸鸢,3,无粉丝牌,北美果然最强赛区
赫噜小夫的玉米,5,无粉丝牌,2333333
风起秋已凉,14,无粉丝牌,点子王
天枢丶,10,无粉丝牌,666666
乱舞の风,14,无粉丝牌,人才
丶兵库北,19,小僵尸,6666666666666
shuaian,13,小僵尸,小组赛进败者组的不可能夺冠 很难有好成绩
捕捉寂寞,39,401,6666666666
majiejia,18,小僵尸,nb到目前为止还可以
1264121950,14,无粉丝牌,cn牛鼻子
Husppy,10,小僵尸,233333333333
jiayuan15ji,13,全针,漂亮
毛利元就,13,小僵尸,秀兰了。。
林郎,16,影魔王,666666
机智的兔子,14,无粉丝牌,秀飞了
功夫大龙翼,15,小钻風,66666666666
梓坤,18,小8路,gg
爱你一生111,14,无粉丝牌,？？？？？？？？？？
姜杉如画,16,大饼干,ti2 ig败者组回来的
誓死加工冬泳欧巴,18,天宣占,tpii
MeMe丶Sun,20,小僵尸,卵子秀飞。。。。。。。。
odinlwq312,19,无粉丝牌,这凋零
东南亚第一carry,19,无粉丝牌,nb内战不知道被干了多少把了，还说内战王
十七根凶简,5,小8路,可g
王的尐裤衩,3,无粉丝牌,巴巴耶夫知道今年是偶数年，改个中文ID
做一把小雨伞,13,小僵尸,说了，冠军全是胜者组
Ghost_____,19,小僵尸,66666666
妖气很浓,31,小僵尸,哈哈哈
大含民国,7,无粉丝牌,4号位拍拍应该是 本来想藏的吧
丘山有梦,7,无粉丝牌,别说nb抬vg，我们nb就是菜
妮妹夫ya,20,大马猴,TI一共7界小组赛打的好的，就A队拿过冠军
大师兄抱紧我,7,无粉丝牌,秀啊
wocaonidayeooo,7,无粉丝牌,LGD藏阵容让了EG两把
贝纳德尔斯基,7,点子王,除了NB是冒泡赛进的胜者组，其他都是小组进
放下球球,18,无粉丝牌,凋零洗澡
教皇乌尔班,13,无粉丝牌,66666666666
30位汉字和数字i,7,无粉丝牌,。。。。
笛笛哒哒哒123,15,小僵尸,三号位拍拍穷但是四号位肥呀
fallen47,12,小僵尸,吱吱吱真的菜
剑吼X1风,14,无粉丝牌,溃败
一叶随风忽报秋,18,深深儿,杀穿了
q歪q埃克斯,19,无粉丝牌,可以gg了
的荷花吧少年,20,无粉丝牌,去年最爽的就是敲碎鳖壳 同意的扣1
桓温,4,无粉丝牌,执法。。。
lapulasilalala,15,无粉丝牌,ts在打毛啊
有内涵的昵称,7,无粉丝牌,内战无敌
杨小川,19,无粉丝牌,233333333333
liugen,22,集团军,虐菜一样
yyfyyf2468,43,小僵尸,漂亮
赫噜小夫的玉米,5,无粉丝牌,玩不了了
whatbigwhat,25,无粉丝牌,内战还是无聊
小僵尸他lei了,16,小僵尸,。。。
slowgo,11,小僵尸,这次的B组 8-8都有机会进胜者组
范范范迪塞尔,16,无粉丝牌,这他吗有路人水平？
如意如意566,26,无粉丝牌,妈呀
一只老毛驴,28,小僵尸,验尸官
新奥尔良烤肉夹馍,17,小痒虫,内战猛如虎
消费卡,16,胖头鱼,？
dageng,16,无粉丝牌,kpii都秀起来了
平真丶,16,918,gg了啊
18045179822,9,无粉丝牌,卧槽
slimcc,20,小肚皮,扫图
冥王焚天,31,鱼小翁,一号位冰龙？
1173039688,22,小僵尸,说的是TI冠军小组赛也不会弱 都在胜者组 你杠你吗呢
Mr忒贰,17,小僵尸,GG
欧尼酱dasiki,15,小僵尸,66666666666666
小僵尸他lei了,16,小僵尸,四号位拍拍
我是鸡儿吗,10,无粉丝牌,ts妖路玩不出水平啊
qiuyiquan45620,13,麦浪,6666
在下魔王悾ii,14,无粉丝牌,0.能单杀蓝猫的吗  ？？？？？？？？？？？？？
花果山上的鱼,5,无粉丝牌,虐菜无情
绅士绿坝叔,20,小僵尸,只有DD在马切
毛小灬驴,12,点子王,卡皇卧槽
hobbyvv,9,小僵尸,呀
謊言800丶,20,点子王,奶哥哥醒了
灵性111111,13,小緑帽,11111111
PeterBot,3,无粉丝牌,现在TS垫底了
毛利元就,13,小僵尸,四号位狂单杀大哥了
刘潇雨,19,小僵尸,只有VGJ在挨揍
1919019931,11,小僵尸,2333333333333
猴行者,4,无粉丝牌,单杀蓝猫。。。
S_quander,16,无粉丝牌,6666666
喵喵冷55,14,小僵尸,红红火火恍恍惚惚
深夜67373,20,一发,杀穿了
曳尾涂中,23,小僵尸,这也太狠了吧
想去很远的地方,5,无粉丝牌,eg今年冠军了，中国没了
315235502,12,小僵尸,只有老十一再挨揍
jianfcs,22,大绅士,钢铁卡璐璐
偷煤爹,14,大马猴,七匹狼还是爱国啊
amagicbright,11,无粉丝牌,拍拍怎么杀蓝猫？
秋山淩加油,11,小僵尸,566在挨揍
EstoneG,18,小僵尸,这是路人局吗
食萝莉大魔王123,13,无粉丝牌,卡师傅厉害啊
gandalfr614,19,集团军,TS好蠢
白色萨尔,7,无粉丝牌,只有vg在挨揍
hanser的保温杯,9,憨厚哒,ts滚回来
裁云缝雨衣,17,影魔王,只有心情在ob
sijx1234,14,无粉丝牌,带秀秀秀秀秀秀秀
潘小白菜,9,无粉丝牌,野路子啊
cui568239967,11,无粉丝牌,🐴切  漂亮个🐔儿
捕捉寂寞,39,401,打爆了
summer的祈祷,17,小僵尸,新wings?
yoga__,10,集团军,EG再夺TI， USA USA USA
菜鸡卡66,6,无粉丝牌,我，nb，扫图
等待你们的只有灭亡,25,小僵尸,VG在挨揍
kasim515,21,小僵尸,内战猛就不会被VG2-0了
yexinming,21,小僵尸,4杀1 3杀2
GYang123,8,无粉丝牌,TS垫底了
决斗哥丶,8,无粉丝牌,newbee胜者组的？
dageng,16,无粉丝牌,nb不会一场觉醒了吧
腮帮过大5209,13,小僵尸,连KIPP都能秀了吗
MeMe丶Sun,20,小僵尸,肉搏英雄
风之将尽,9,小僵尸,只有留藏在挨揍
six烨,16,无粉丝牌,骡切
dreamtime7,17,小僵尸,NB内战是真特么狠啊
Black小马兔,20,小僵尸,你切的是个鸡儿啊
18677213961,4,无粉丝牌,1号位冰龙怕不怕
茅小轩,19,鹌鹑,只有vg在挨揍
fenghu999,5,无粉丝牌,是人是鬼都在秀，只有主播在挨揍
ccm198211,10,无粉丝牌,内战无敌，外战垃圾，唉，
swly1989,5,无粉丝牌,漂亮你🐴嗨，看都没看到
论EM的重要性,25,小僵尸,人品好就行
管管管管管,14,腐乳,ti5eg从头强到尾吧
raytheon07,6,无粉丝牌,VG是真的内战王
flyozw,4,无粉丝牌,璐璐也忒硬了
anfear,6,无粉丝牌,TS想学wings  无奈能力不够
小小绿枫,22,小僵尸,SA 冰龙 啥都要试试  哈哈
提亚tea,7,无粉丝牌,ts赢了很多了 让nb拿点分啊 回来好说话
Alostmemory,5,无粉丝牌,终于起飞了 nb
坐吃山空哥,5,无粉丝牌,你也没看着，你漂亮个粑粑
slimcc,20,小肚皮,冰女拍拍，真的舒服
帅气拳9,18,老猫,打内战猛得一比 打国外怂成狗
Hilez,10,点子王,就靠一个晕锤？
毛利元就,13,小僵尸,蓝猫都能单杀的咯。4号位拍拍
天才de眼镜蛇,21,小僵尸,NB的内战 好吧 强无敌
帝承丹青,8,无粉丝牌,今年中国队没戏了
牛头爸爸,10,小僵尸,ts锤vp秘密的时候都忘了?云玩家还是多
寒影月竹,7,无粉丝牌,天命晕啊
amyming123,24,无粉丝牌,蓝猫都能单杀的咯
我是罐装的点子王,21,点子王,希望卡卡能打出自信
叫我阿宝,7,小僵尸,驴切
HaBitX,5,无粉丝牌,只有乌溜溜再被秀
辰sir23825,4,无粉丝牌,辰哥牛批
啵啵国的小啵啵,21,小僵尸,vg也在挨揍啊
小莫他爷爷,16,久哥哥,这时候峰哥不是应该有声音吗？
的荷花吧少年,20,无粉丝牌,ts学一手wings内讧 好吧
沙海若伊,9,无粉丝牌,牛逼 不亏是内战王。。。。。。。。。。。。。。。。。。。。。。。。。。。。。。。。。
飞沙个嘎斯,16,XDD,我DD，🐎切
热手探鼎,12,Quin,卡卡想出飞鞋了
yc20080416,22,无粉丝牌,4号位？看看经济啊
范范范迪塞尔,16,无粉丝牌,除了老11的拍拍都赢了
真是烦啊,10,无粉丝牌,意思是内战不让赢了？
辅导书分分分,5,无粉丝牌,内战王NB打自己人还是狠啊
78213860,7,无粉丝牌,有晕锤蓝猫随便杀
tomo123,4,无粉丝牌,毛子就g了
Infinite06,15,小8路,提前进去垃圾时间
迪拜塔远眺的风光,13,集团军,路子好野。。
我不记得啦,15,小僵尸,TS没外国队的实力学外国队玩妖路
天才小僵尸RUA,15,小僵尸,败者组冠军的可能性有点低，但是小组赛不一定看出冠军
冷枫龙小匀,22,小僵尸,vg才是内战王
showmelog,4,无粉丝牌,是人是鬼都在秀，6个中国队全去败者组
直到世界的尽头___,25,小僵尸,ts别太妖啊
zym18645758183,6,无粉丝牌,辣鸡拍拍 相位出了20分钟
18677213961,4,无粉丝牌,折TS妖得跟你麻痹一样，1号位冰龙
lkh3744,21,口苗,内战王nmb
yalld,24,点子王,又单杀了
SanGhoul,25,小僵尸,偶数年应该是没了，今年冠军感觉是VP
黎小军,6,无粉丝牌,Ti3无敌是因为不狗的德鲁伊和先知带球流
邪恶泰迪X超凶,16,小8路,这把卡卡玩的爽了
ustbhy,13,无粉丝牌,刷梦幻积分呢
腾威爱多思,13,小僵尸,让RTZ得次冠军怎么了
11鱼斗11,6,无粉丝牌,都是败者组了这样打下去
897232990,13,小僵尸,ti冠军打完小组赛肯定在胜者组啊
丘山有梦,7,无粉丝牌,不不不，我们nb就是菜，谁都打不过
微微豆莱,25,点子王,内战王个屁
chengyu138,9,无粉丝牌,一号位冰龙是什么战术
红尘一曲不负相思,14,小僵尸,你干憋内战一样叼啊，不还是被外国队捶成🐶
棋武山唯一教父老僵尸,15,无粉丝牌,内讧你妈呢？
yyp774141,21,无粉丝牌,4号位拍拍资源第四凭什么不能单杀啊。
给我十秒握个手,21,无粉丝牌,vg刚刚不是赢了秘密一把？这也叫内战王？
天谷天阳,10,无粉丝牌,nb不是刚送了vg首胜吗？你们选择性失明呀
香辣磨菇,7,无粉丝牌,是毛子就打GG了
煙雨ㄝロ塵,4,无粉丝牌,只会欺负中国队？
feier1409,13,无粉丝牌,newbee又把一个中国队打垫底了
俺叫彰德帅,16,小僵尸,赢了捧，输了喷，刀斯林真的真实，这局没喷的了
范范范迪塞尔,16,无粉丝牌,？
叫我信仰就好了,26,小僵尸,就连nb都在秀，只有奶子在马切
和尚洗头爱飘柔123,4,无粉丝牌,意思是内战就打架赛？脑子？
jmy120319364,10,无粉丝牌,别他妈wings了，爱他就不要让他出现在弹幕
金州库日天日天,16,小僵尸,是人是鬼都在秀，只有566在复读
周海洋的儿子,23,无粉丝牌,这个拍拍和vg的画风不一样啊
KaKaShi_AE,13,导师好,eg已经没有一个美国人了，苏跳跳是巴基斯坦
毛利元就,13,小僵尸,人家有大啊
diao丝丶心态,17,噜噜噜,内战王的sb，真的看比赛费电吗
卡噜噜你冷落年god了,18,无粉丝牌,这还内战王？
辰sir23825,4,无粉丝牌,丧家之犬
铃屋小天使酱,9,小僵尸,四号地拍拍？？
西瓜123456789,4,无粉丝牌,内战王
那朵云儿,27,小僵尸,3单杀1，4单杀2。。。
Legend667,7,无粉丝牌,2333
amyming123,24,无粉丝牌,报仇？
平真丶,16,918,报仇！？？？？？？？？？
17shou的蜚声,4,无粉丝牌,喷子只能看到输的地方赢得不看马上来送🐴
捕捉寂寞,39,401,哈哈哈哈 
红山顶淫油湿人,8,无粉丝牌,打野泄愤
做一把小雨伞,13,小僵尸,除了lgd谁赢不是内战王
18280975831,3,无粉丝牌,谁的十杀
忧伤暮舞,6,无粉丝牌,刚刚才看到刷内战王的就那两个
毛利元就,13,小僵尸,这敢报仇的？有大有bkb
l6218745,18,401,内战不让赢？喷子死🐎
Q1ce867195e20670d8,7,无粉丝牌,刀斯林素质还是低啊，笑死我了
yalld,24,点子王,。。。
tr223fgd,23,李大胆,ts赢了很多？你看下计分板。没有队不想赢的
18280975831,3,无粉丝牌,十杀谁的
芒果不忙嘿,26,无粉丝牌,还在晃
的荷花吧少年,20,无粉丝牌,wings粉开始送妈了 哈哈
Frank丶martin,13,小肥酱,其实根本没有点子王
tomo123,4,无粉丝牌,小骷髅就是个弟弟
shuaian,13,小僵尸,TI小组赛很关键 除非你早早成绩好 不然不会藏
gandalfr614,19,集团军,哈哈哈哈哈哈哈哈
zebsama,14,1551,看比赛真的费电，让他们喷吧
grannyrin,11,无粉丝牌,、、、、、、、、、、、
夕阳武士X,3,无粉丝牌, 哈哈哈
GED丶十年平凡之路,24,250,2333333333333
残阳cyril,16,小僵尸,6666666
叫我小政就好,20,小肚皮,...
扭type,24,小僵尸,？？？？？？
我想一直玩dota,15,小僵尸,废物哈哈明
xgfan948520,16,小僵尸,喷子的意思是内战不能赢
范范范迪塞尔,16,无粉丝牌,66666666666666666666666
Broxigar012,19,小僵尸,NB应该能进决赛，然后保送对面拿冠军
说一世情话i,17,小僵尸,哈哈哈哈
NightCraw1er,7,小僵尸,2333333333333
关山口职业技术学院,17,无粉丝牌,...
Gakki我老婆123,22,小僵尸,？？？？？？？？？？？？？
卡噜噜你冷落年god了,18,无粉丝牌,lgd今天打eg打过了？
幽尔Yore,27,小僵尸,哈哈
我说的不都对,21,小僵尸,哈哈哈哈
chn201,24,无粉丝牌,哈哈哈哈
顷刻间哦i,13,小僵尸,6666
AL尊,24,小肚皮,2333333333333
梓坤,18,小8路,？？？？？？？
jelinak,19,集团军,哈哈哈。被反杀
315235502,12,小僵尸,哈哈
麽麽大人,15,无粉丝牌,哈哈哈哈哈哈哈
桓温,4,无粉丝牌,兄弟 你倒数第四的经济。。
黑暗游侠丶MTJX,31,小僵尸,???????
MmmmAg1CZhaO,11,小僵尸,哈哈哈哈哈哈哈哈哈
大马猴子哦哦,5,无粉丝牌,不作死就不会死啊
云惜风,37,蜀军,哈哈哈哈哈哈哈哈哈哈哈哈
sea00002010,23,小僵尸,23333333
PeterBot,3,无粉丝牌,2333333333
毛利元就,13,小僵尸,哈哈
箭火,28,无粉丝牌,哈哈哈哈哈
直到世界的尽头___,25,小僵尸,干点什么.
紫色大头龟,8,无粉丝牌,人类的本质真的是复读机吗？
老衲开荤不吃素,10,小僵尸,。。。。。
塔司听苟,9,点子王,。。。。
remesses,6,无粉丝牌,哈哈哈
grannyrin,11,无粉丝牌,找错对手了
夕阳布鲁斯,25,小僵尸,23333
笨拙的奔跑者,16,无粉丝牌,...
老陈爹地卖油条,15,小僵尸,。。。。。。。。。
finalfantasy1947,14,小8路,........
grubby赛高,8,无粉丝牌,哈哈哈哈哈哈哈哈哈
Ethan890825,19,小僵尸,6666666666666666666666
ren_li_130,16,小僵尸,66666666666666
叫我鸡贼就好,24,小僵尸,2333333333333
yyfyyf2468,43,小僵尸,哈哈哈哈哈哈哈
木木always,20,尧顺宇,哈哈哈哈或或
1919019931,11,小僵尸,66666666666
HakuYaya,10,无粉丝牌,2233333
我不是奶神,16,点子王,哈哈哈
在下魔王悾ii,14,无粉丝牌,哈哈哈呵呵
18045179822,9,无粉丝牌,H哈哈哈
S_quander,16,无粉丝牌,666666
缘来是只小僵尸RUA,46,小僵尸,哈哈哈哈
钱烈宪,28,无粉丝牌,哈哈哈哈哈哈
mutilliang,23,无粉丝牌,哈哈哈 想多了
Crystal楠,31,小僵尸,哈哈哈哈
捕捉寂寞,39,401,笑死我了 
每天早上都被自己帅醒,8,小僵尸,6666666
寂寞数学帝,6,无粉丝牌,哈哈哈
笑丶眼,15,小僵尸,哈哈哈哈
3140176927,19,无粉丝牌,。。。。。
毛利元就,13,小僵尸,笑死我了
cock12003,6,无粉丝牌,66666666
平真丶,16,918,废物啊
古树参天S,13,小僵尸,没死过吧
我是鸡儿吗,10,无粉丝牌,哈哈哈哈哈哈
呆萌糖小豆,24,甜老二,也可以
恋恋风尘,3,无粉丝牌,真实
我就问你们满不满足,13,集团军,哈哈哈哈哈
AC徘徊,10,猛男,23333333
淡淡静静风,20,无粉丝牌,！！！！！
Jamie1990,13,小霸天,。。。。。
偷菜不偷人,11,小僵尸,。。。。
叶叶枫,18,野马发,23333
sazery,18,小肚皮,哈哈哈哈哈
yukihiki,6,丶刀哥,这
873674206,11,精灵狼,66666666
MTT233,15,小僵尸,hhhhhhhhhhh
zj380520,15,小僵尸,。。。这个胆子有点大啊。。
失重者0,14,小僵尸,6666666666666
菜鸡卡66,6,无粉丝牌,哈哈哈哈哈哈
天魔残月A,13,无粉丝牌,你杀谁？
ttthan,17,点子王,哈哈哈
hen2010,8,无粉丝牌,笑死我了
小鹅掌敲大猪头,17,小緑帽,233333333333333333
InsomniAme,12,无粉丝牌,哈哈哈哈哈哈
完了完了GG了,15,无粉丝牌,？？？笑死了
论EM的重要性,25,小僵尸,醉了已经
大田哥,22,无粉丝牌,？？？？
尔等都是驴,20,小僵尸,喝多了吧
大大大Vg,21,无粉丝牌,哈哈哈哈哈哈
NMDBM,3,无粉丝牌,哈哈哈哈
极客之王32,15,小肚皮,谁杀谁?
skadi之刃,12,无粉丝牌,6666
墨染瑾年,7,无粉丝牌,打谁呢
ermao111,6,无粉丝牌,哈哈哈哈哈哈哈
混混小狐狸,17,小僵尸,23333333333
D调呼唤,18,小僵尸,找错对手了啊
猴行者,4,无粉丝牌,哈哈哈哈哈啊哈哈
Icarus7freezing,5,一发,肉搏
夜雨骑驴入剑门,15,小痒虫,哈哈哈哈哈哈哈
18045179822,9,无粉丝牌,点子王
哎姆威屁,22,无粉丝牌,hhhhhhh
缘来是只小僵尸RUA,46,小僵尸,这是在玩蛇吗
Cartial,18,无粉丝牌,哈哈哈哈
毕竟信仰灬,21,小僵尸,搞笑吗
天嫉神,21,小僵尸,哈哈
小妞万岁偶耶,36,小8路,23333
行者2013,5,无粉丝牌,送上门了
丿奈何君多愁,15,小僵尸,。。
cabbagecool,8,大蒜酱,分析下怎么翻得。。。
TonyZhou,21,影魔王,？？？？？？？？？？？？？？
妖异与自由系,5,无粉丝牌,66666666666666666
假装不敌1,4,无粉丝牌,凭什么和我打？
一只老毛驴,28,小僵尸,打了个爸爸
liupan470728386,16,无粉丝牌,是人是鬼都在秀，只有哈哈在买眼
大师兄抱紧我,7,无粉丝牌,哈哈哈
黑暗游侠丶MTJX,31,小僵尸,也可以？？？
钱烈宪,28,无粉丝牌,醉了
豪斯先生12312312,17,小僵尸,哈哈哈哈哈哈哈哈
坎离居士,21,小渣男,哈哈哈哈哈哈哈哈哈哈
五花肉HL,9,影魔王,哈哈哈哈哈哈哈哈
嘿嘿嘿9771,21,无粉丝牌,G吧
EstoneG,18,小僵尸,啊哈哈哈哈哈哈哈
summer的祈祷,17,小僵尸,hhhh
带嘎猴诺嗨,14,无粉丝牌,最菜9k
克莱汤普森丨丨,23,集团军,。。。。。。
yec3333,19,小僵尸,哈哈哈
MeMe丶Sun,20,小僵尸,找错对手了
浮华cccc,8,点子王,杀谁？？
一盒meiji,12,点子王,？？？？？？
凝住心跳丶,14,无粉丝牌,66666666666
阿碩,17,雪美眉,？？？？？？？？？？？？？？？？
odinlwq312,19,无粉丝牌,打不过
15055641287,23,小僵尸,肉搏
olo竹子,11,小8路,233333333333333
周海洋的儿子,23,无粉丝牌,找错对手了啊
哎姆威屁,22,无粉丝牌,笑死我了
三千星海,17,小僵尸,zhizhizhi
塔司听苟,9,点子王,低估了拍拍的爆发
sea00002010,23,小僵尸,话音未落
1919019931,11,小僵尸,醉了
尽逍遥1226,3,无粉丝牌,找错对手
浮沉冰河,14,小渣男,你凭什么跟我打
hehewuwu,24,无粉丝牌,红红火火
YAAAANG,39,小僵尸,哈哈哈
在下魔王悾ii,14,无粉丝牌,这凭什么打啊
功夫大龙翼,15,小钻風,点子王
妖气很浓,31,小僵尸,哈哈哈哈
tangwangcheng,10,无粉丝牌,哈哈哈啊啊
wwwyeyiren,10,小僵尸,哈哈哈哈哈
屁屁卡丘,8,小8路,这。。。。。。
地穴领主张浩瀚,15,猛男,太TM的逗了！！！
小峰哥哥233,12,小僵尸,哈哈哈哈哈哈
曳尾涂中,23,小僵尸,你在干嘛啊。
亞洲氣質帥哥,21,小8路,吱吱吱
陈迦南啊,8,小渣男,笑死
chn201,24,无粉丝牌,干点什么
毛利元就,13,小僵尸,哈哈哈哈
美丽的Audrey,22,小钻風,这是多蠢
不耻反荣丶911Fah,47,小僵尸,zhizhizhi卧槽
白色袜子,15,无粉丝牌,袭警。
睡觉哥来了,19,小僵尸,，～～～～
不笑猫王子,42,点子王,666666666666
Mriacle煜,14,无粉丝牌,哈哈哈
天空无痕sky,16,神机營,弟弟
NOUNEN,12,无粉丝牌,最菜9000
白州白州,11,集团军,哈哈哈哈哈哈哈
SKH22,8,无粉丝牌,666
小金刚F,16,小僵尸,不作死就不会死啊
秋啵儿123,4,无粉丝牌,2333333
范范范迪塞尔,16,无粉丝牌,笑死我了 这还去打ti？？？
从不吹牛王炸德,20,小肚皮,谁打谁
VanderX,15,无粉丝牌,hhhhhh
滴滴车轮滚滚,26,小僵尸,真实
4HZ110,11,无粉丝牌,找错对手了啊
浮世三千奈若何,4,大马猴,哈哈哈哈哈哈
灬低调小X灬,19,QQ酱,哈哈哈哈哈哈哈
我是罐装的点子王,21,点子王,吱吱吱就是个菜逼，看出来了吗
stc88888,16,小僵尸,真的蠢哦
颜素认真的水胖,26,集团军,哈哈哈哈哈
Gon薄年,3,无粉丝牌,秀？
梨一号1,20,乃木坂,这是干嘛呀
苦练卡尔总是坑,19,小僵尸,拍醉了
五花肉HL,9,影魔王,也可以
remesses,6,无粉丝牌,我很强
十七根凶简,5,小8路,笑尿了
路过的小孩2,6,无粉丝牌,2333333333333
ChildeWing,5,无粉丝牌,哈哈哈哈哈哈哈
flyozw,4,无粉丝牌,没点数
捕捉寂寞,39,401,哈哈哈哈哈哈 送 哈哈哈哈 
raymonife,9,小僵尸,想多了吧。。。
cqpjpg123,17,口苗,我很强
tomo123,4,无粉丝牌,双倍也是弟弟
有空随便看看,8,无粉丝牌,233333你找错对手了
鬼武者尼禄,6,无粉丝牌,23333
王的尐裤衩,3,无粉丝牌,九千岁
130049,4,无粉丝牌,哈哈哈哈哈
嫩多识张卵,3,无粉丝牌,使用回车可以快速发送弹幕
澳服背锅侠,21,点子王,太nm欢乐了
吉鱼蛋,5,无粉丝牌,zhizhizhi
冥王焚天,31,鱼小翁,找错对手了啊
机智的兔子,14,无粉丝牌,找死还行
moja123,15,小僵尸,？？？？？？？？？？？？？
猜火车丶Trainspotting,22,李鸽,hhhhhhhhhhhhhhhhhhhhh
lcowhuod,3,无粉丝牌,难受呀
乱doctor,22,噜噜噜,听说这个也可以
只有十六岁的涛粉,16,无粉丝牌,我站到拍拍脸上和他a
thurlow,7,无粉丝牌,肉搏？
我就问你们满不满足,13,集团军,玩蛇
摸你傻呀,20,无粉丝牌,哈哈哈
Infinite06,15,小8路,哈哈哈，找错对手了吧
林郎,16,影魔王,谁的10杀？
觅风痕,22,点子王,隐身走？
二狗蛋的春天,22,小僵尸,问谁的十杀真的秀
Alostmemory,5,无粉丝牌,拍拍说 谁打我？？？
在下魔王悾ii,14,无粉丝牌,电子王
angel_zpl,16,小僵尸,哈哈哈哈哈哈
沙海若伊,9,无粉丝牌,内战可以赢 外战认爹不应该的呀。。。。。。。。。。。。。。。。。。。。。。。。。。。
我想输,5,无粉丝牌,MY NAME IS KAKA
334166728,7,无粉丝牌,之之之
toystan,10,点子王,没打过肉搏？
毛茸茸DE家伙,14,无粉丝牌,贴脸打？
一条薄薄的床单,26,No酱,兄弟你找错对手了呀
一只老菜狗,9,无粉丝牌,袭警？
AzHaier,21,无粉丝牌,这个也可以？？
cui568239967,11,无粉丝牌,哈哈哈哈 骑拍拍脸 打拍拍？？？
狂奔的大螃蟹,16,小僵尸,找错对手了
HakuYaya,10,无粉丝牌,直接拍死
至高君王玛尔扎哈,16,无粉丝牌,袭警失败
gandalfr614,19,集团军,扫射克远敏啊
删除上帝,13,喽馆长,小明：为啥局面优势我还这么穷啊
沫沫的夏碧冲,22,小8路,这可太秀了
混混小狐狸,17,小僵尸,哈哈哈哈
三分C,17,无粉丝牌,最菜9000
喵喵冷55,14,小僵尸,不会肉搏啊
dickcjx,10,无粉丝牌,666
1505290661,4,无粉丝牌,哈哈
tflovelan,13,无粉丝牌,没干过
我叫焦亚东,4,无粉丝牌, 好不好这是TI
有钱就变坏,19,小僵尸,袭警？
夜觉生,14,好女孩,激怒教做人
noobbee,20,小僵尸,hhh
foreverffffff,18,小8路,国服最强！
GrowSlowly12343,11,女流,哈哈哈哈哈哈哈
南坪区一霸,17,点子王,选错了对手
woterefake,6,无粉丝牌,石乐志
yukihiki,6,丶刀哥,拍拍有大的啊
z1436462876,15,无粉丝牌,13级
dsqsiqi123,6,无粉丝牌,这吱吱吱
香辣磨菇,7,无粉丝牌,意思是内战要打和？
22点17分,6,无粉丝牌,哈哈哈呵呵呵
S_quander,16,无粉丝牌,这个小骷髅让谜团 拍拍单杀好几次
天涯独奏light,24,小僵尸,最菜9000
angel_zpl,16,小僵尸,笑死我了
jaci00,11,逍遥谷,你说NB内战王，那TS赢外战了？
土门一哥,21,250,hhhhhhhhhhhh
xiaofengxiaofengxiaofeng,13,小痒虫,6666666666666666666666666666666666666666666
feier1409,13,无粉丝牌,哦哦哦
對不起我是臥底,29,无粉丝牌,哈哈 我能单杀
氷河,20,小僵尸,听说这是4号位
dan眼皮的猪,13,小僵尸,不是，你凭什么跟我打？
linmaxxx,3,无粉丝牌,吃鸡了
峰哥牛逼逼,23,小僵尸,6666666666666
qiangyk,6,无粉丝牌,最菜9000分？
一只小冰女,10,小僵尸,一下拍晕
dong3690780,3,无粉丝牌,内战不能赢，就ts这蠢逼不让赢？
尽逍遥1226,3,无粉丝牌,以为拿个双倍就能打赢？
仁德都敏俊,9,小僵尸,nb应该是中国第一个回家的
BeCharmed,26,小僵尸,中国所有队在弹幕眼里都是内战王 秀
存一寸光阴丶留待美景,19,小僵尸,小骷髅：看我单吃辅助
qq451476822,13,小僵尸,卡卡表示你他妈a谁呢
JIYEON333,24,无粉丝牌,没玩过肉搏啊吱吱吱
论EM的重要性,25,小僵尸,离那么近骚一下
tr223fgd,23,李大胆,lgd被eg锤了
一起看电视,14,长鸽行,1W拍拍，7000骷髅，真当人家4好味呢
sacmilan,19,小僵尸,袭警
猴行者,4,无粉丝牌,这个晕真的叼
大连的于大宝,16,小僵尸,袭警
dsqsiqi123,6,无粉丝牌,最菜9000分？
ckart0157834,18,小僵尸,弟弟啊
315235502,12,小僵尸,两个九千分之间的对决。之之之成功卫冕最菜九千分
迪拜塔远眺的风光,13,集团军,贱一下
Moreki,21,401,疯了
bbzaihh,15,无粉丝牌,这怕不是假赛？
lcowhuod,3,无粉丝牌,四号位单杀一号位虚浮
鱼fish11,8,无粉丝牌,苏跳跳早就不认自己是巴基斯坦人了 
SanGhoul,25,小僵尸,拍拍：出汗了吧弟弟
在下小钢管,21,小僵尸,这兄弟肉搏玩少了
Hrrrrrr0204,19,乱漫,LGD被EG血虐2把
打dota从不暴走,11,小僵尸,打谁呢 弟弟
小碗骨头汤,4,无粉丝牌,最强9000分
xiaofengxiaofengxiaofeng,13,小痒虫,人人都是点子王。
Hrrrrrr0204,19,乱漫,LGD被EG血虐2把.
捕捉寂寞,39,401,这骷髅哪来的自信 
gandalfr614,19,集团军,rotk
送外卖的帅哥,32,无粉丝牌,哈哈这个大
一味迎合,14,无粉丝牌,弄啥嘞
草草草123,7,无粉丝牌,说个笑话 拍拍四号位
白鸽飞出,6,小僵尸,666刀斯林都出来了，你知道好多啊
馨心昕鑫辛,8,无粉丝牌,大哥没打过四号位？
yyfyyf2468,43,小僵尸,大了蛋
这下拉扯出一点空间了,14,集团军,啄
pink5,18,小僵尸,大了个蛋
斗渔我最鱼,19,无粉丝牌,KPII 真的秀了
桐谷直叶,13,无粉丝牌,大了个蛋
风沙中一粒尘,14,小8路,大了个蛋啊
贝纳德尔斯基,7,点子王,大了个蛋
Sylva2019,12,汽车人,大了一个蛋
大奶飛天,30,集团军,凤凰慢了
狂奔的大螃蟹,16,小僵尸,大了个蛋
失重者0,14,小僵尸,谜团大了个蛋
激光喵,21,小僵尸,大了个蛋
Hrrrrrr0204,19,乱漫,LGD被EG血虐2把啊
holny,10,小僵尸,菜鸡互啄
菜鸡卡66,6,无粉丝牌,大了个蛋
lonfqi,16,小僵尸,老11说拍拍这英雄不是这样的啊 你开挂
苦练卡尔总是坑,19,小僵尸,大了个蛋
万能青年旅店啊,6,无粉丝牌,大了个蛋
BrutalTruth,16,无粉丝牌,交啄
道道行,30,集团军,人人都是点子王
啦啦去啦007,15,全针,大了蛋
fenghu999,5,无粉丝牌,大了个蛋
被封了居然,16,小僵尸,贴脸真是秀
jelinak,19,集团军,1号位强吃4号位被反杀。
小2354aaa,19,无粉丝牌,大了个蛋啊
大不留外,15,小肚皮,武侠乂启动
天空无痕sky,16,神机營,大了个蛋啊
siyimanchang,10,无粉丝牌,大了1w个
真是烦啊,10,无粉丝牌,这种小骷髅真的6
zj380520,15,小僵尸,大了个蛋
白州白州,11,集团军,交啄啊
平真丶,16,918,是人是鬼都在秀，
辰sir23825,4,无粉丝牌,newbee四个都是大哥
毛利元就,13,小僵尸,笑死我了
我是鸡儿吗,10,无粉丝牌,乖乖别秀了
尽逍遥1226,3,无粉丝牌,大了蛋
三八大盖,18,风小暴,人均点子王
网名起得我脑壳疼,21,小僵尸,秀的我头皮发麻
天谷天阳,10,无粉丝牌,哈哈明掉队了
可乐311,21,小僵尸,谜团没空大，直接大死了一个，还大了一份蛋
feier1409,13,无粉丝牌,垃圾newbee快点看看
辅导书分分分,5,无粉丝牌,内战王NB油要骑着中国队晋级么
decamincow,11,无粉丝牌,焦灼
机智的小斗笔丶,35,小肚皮,大了个蛋啊
南坪区一霸,17,点子王,这tm4核经济前四
功夫大龙翼,15,小钻風,大了个蛋
风起秋已凉,14,无粉丝牌,点子王
何以一线,13,无粉丝牌,这局好tm欢乐啊
请叫我叶三,18,长青派,卡鲁鲁这把舒服了
送外卖的帅哥,32,无粉丝牌,这种谜团选来干嘛
仙木,6,无粉丝牌,哈哈哈ah
买了风筝没放过,13,无粉丝牌,被打蒙了
王的尐裤衩,3,无粉丝牌,KP是真的菜，这种局都秀不起来
晓曦丨残月,21,小僵尸,"你这大的是个蛋啊<img class=""chat-emotion"" rel=""dy120"" src=""https://shark.douyucdn.cn/app/douyu/res/page/room-normal/face/dy120.png?v=20170626"" />"
在天堂散步,3,无粉丝牌,我良志，反杀
1511079061,16,无粉丝牌,哈哈哈明的经济好惨
M_DaiDai_M,23,小渣男,这谜团打得是个蛋啊
大师兄抱紧我,7,无粉丝牌,dd 江湖救急啊
Ayu我的命,3,无粉丝牌,....
旧游旧游今在否,11,无粉丝牌,内战内行
芒果不忙嘿,26,无粉丝牌,四大哥
灵性111111,13,小緑帽,sumail移民美国了吧 真的羡慕啊
對不起我是臥底,29,无粉丝牌,为什么拍拍可以四号位啊？
skadi之刃,12,无粉丝牌,lgd勇士路话说略强于eg的
父来战队第一c,26,影魔王,林蛋大
论EM的重要性,25,小僵尸,看这经济小骷髅是弟中弟呀
妮妹夫ya,20,大马猴,小组赛输EG不是坏事，这样才会好好研究EG这队
yoga__,10,集团军,RTZ是中国女婿，EG也算中国队
Ayu我的命,3,无粉丝牌,...............
八只眼来了,18,小僵尸,熟悉哈哈明1保4
十元真是太美了,15,无粉丝牌,这拍拍玩的好爽啊
木木木沐妤,22,小僵尸,黑洞吸不动超新星
怀才不能剖腹产,14,朴妹,文爱带师吱吱吱
千星凝梦,24,蜀军,真大了个蛋
George大表哥,4,无粉丝牌,卡卡的拍拍？？
伍流奇,12,无粉丝牌,如果是Vp现在已经在拯救杨家村了
showmelog,4,无粉丝牌,等于说偶数年中国队全在败者组？
30位汉字和数字i,7,无粉丝牌,高配谢彬可还行
christina6666,12,影魔王,红绿灯了
他202524,4,无粉丝牌,大了个卵子
尽逍遥1226,3,无粉丝牌,大的是个蛋蛋
shuaian,13,小僵尸,这届TI看来中国就2支队伍能进胜者组 机会渺茫
tftftf159,4,无粉丝牌,4号位比对面1号位还肥
老司机带带我__,25,点子王,A组 8-8基本稳定胜者组了
只要你肯奉陪2009,21,噜噜噜,不是nb现在倒数第一不是vg嘛
SEConD丶509,17,小僵尸,ti怎么这么快乐啊
哇哇哈,7,无粉丝牌,苏梅不是巴铁吗
cabbagecool,8,大蒜酱,这届TI能不能看到5大哥的阵容。。。。
凑凑凑凑够,23,影魔王,所以是线优的版本啊
amagicbright,11,无粉丝牌,没有翻盘点
892442363,5,无粉丝牌,说内战王的刚起来看比赛？
乾坤无用,12,无粉丝牌,NB四个大哥打毛啊
1553307235,7,无粉丝牌,内战王他lei了
永远的酸奶,12,Gaga,这个公爵有点儿意思啊
懒趴趴猪,10,无粉丝牌,lgd没有保持之前打线优的bp
Raysgod,14,无粉丝牌,把右上角x了啊，dd
skadi之刃,12,无粉丝牌,lgd硬势力还是略强于eg的
520PCCOLD,3,无粉丝牌,nb真的太蠢逼了，没有之一
lzj08,18,无粉丝牌,如果不是KP的谜团 VG现在分还要少点
精神分裂君,4,无粉丝牌,良智舒服了
fujuice,12,无粉丝牌,拍拍就是四好位啊，经济第四
功夫大龙翼,15,小钻風,拯救杨家村
ChildeWing,5,无粉丝牌,单杀小骷髅真的不秀么
八云紫衫,14,小僵尸,这谜团跳舞真的搞
使魔桑,17,小僵尸,.
北极星哥哥,16,小僵尸,566切的是个j8，看的好难受
别说话上车,17,点子王,你们眼瞎吗都在败者组？
summer的祈祷,17,小僵尸,ej应该夺冠了
底牌有王1997,3,无粉丝牌,kp是菜了点，但你让谜团这么秀啊
爱逝去,19,小僵尸,送起来了
我梦随风,11,小僵尸,现在的dota像lol，难翻盘
carcalote,5,无粉丝牌,这还不g明显吃菜了吧
EvilErebore,7,无粉丝牌,我记得zai在ti5就用过四号位拍拍
精通睡觉,5,无粉丝牌,如果EG夺冠了，RTZ会披中国国旗吗？
就是这么凶,4,无粉丝牌,都8102年了还有人信奇偶
Kevin丶Gerald,22,无粉丝牌,kpii就是个混子！！很平庸还菜的一逼
毛利元就,13,小僵尸,打个四号位。这么狠
辰sir23825,4,无粉丝牌,弹射起步
batiworldwang,13,小僵尸,哈哈哈哈
花臂皮卡丘小男孩,22,朴妹,fanle
aimixiu,12,无粉丝牌,4个人抓一个4号位
恋恋风尘,3,无粉丝牌,还有人看566啊？
捕捉寂寞,39,401,摇人了 cnm 让你干
naocanhei,7,无粉丝牌,LGD进胜者组问题不大吧
cui568239967,11,无粉丝牌,Lgd Newbee 都在胜者组
grannyrin,11,无粉丝牌,哈哈明被一屁股坐死。。。
NvGodFlame,4,无粉丝牌,vg赢了nb  那vg不是外国队
一条薄薄的床单,26,No酱,没事，死了两个酱油
亞洲氣質帥哥,21,小8路,哈哈哈
仁德都敏俊,9,小僵尸,zdy？
嗨呀最气了,20,猪芳芳,哈哈哈哈
咪秋,10,小僵尸,结束了罪恶的一生
奥克塔维亚,14,无粉丝牌,哈哈哈
黄翔有鸟吗,4,无粉丝牌,一屁股坐死
尽逍遥1226,3,无粉丝牌,飞死了
飞舞而降之剑,3,无粉丝牌,haha
天嫉神,21,小僵尸,LGD强队都打了，后面发挥好点，胜者组稳的
HK233666,5,无粉丝牌,DOTA还难翻盘？
MYmopoi,3,无粉丝牌,fanle
楠国风v,15,无粉丝牌,打回来了？？？
紫拉加奈卡紫拉跌四,4,无粉丝牌,猪皇nb
46555555,5,影魔王, 
青云暮雪,13,小僵尸,车祸
王的尐裤衩,3,无粉丝牌,你的少女魅力诱惑不了我
情话与狗iiii,17,小僵尸,舔屎欧巴
万人血书带多多,30,大马猴,突然死亡
毛利元就,13,小僵尸,也就死了2个酱油
只有十六岁的涛粉,16,无粉丝牌,zyd=真淫荡
辰sir23825,4,无粉丝牌,四号位比对面一号位多1500
贝纳德尔斯基,7,点子王,你的少女魅力诱惑不了我
仁德都敏俊,9,小僵尸,猪皇666
HushPlease,15,小僵尸,瞬间爆炸
sszzssszzz,5,无粉丝牌,猪皇NB
小盯裆灬,26,无粉丝牌,周冬雨牛逼
mullen1,16,无粉丝牌,蓝猫，zdy？
大周颜回,21,王佩,翻了翻了
黃浦江花鰱打撈隊長,26,小僵尸,翻了翻了
愤怒915,12,点子王,竹黄牛逼
着住耐克去绝杀,7,无粉丝牌,哈哈
看谁敢改我的名字,16,无粉丝牌,+200
王天堂丶,16,小僵尸,Gg
一点浮尘,5,无粉丝牌,巴基斯坦都勒索中国十亿美金了还巴铁
NMDBM,3,无粉丝牌,你的少女胸太平
小明教主,21,无粉丝牌,zdy
西瓜123456789,4,无粉丝牌,云玩家天天吹wings，回家就内哄的队伍
皇家马德里的男人,17,小赢僧,猪皇牛逼
小2354aaa,19,无粉丝牌,猪皇nb
范范范迪塞尔,16,无粉丝牌,6666
Kevin丶Gerald,22,无粉丝牌,kpii就是个混子！！很平庸还菜的一逼！
蒙安水,10,大马猴,突然死亡不是很正常么？
八云紫衫,14,小僵尸,翻了翻了
滴滴车轮滚滚,26,小僵尸,翻了滚球收大米
寒影月竹,7,无粉丝牌,lgd在输根本进不了胜者组
diao丝丶心态,17,噜噜噜,其实死了两个酱油
46555555,5,影魔王,猪皇牛逼
strayxiaode,4,无粉丝牌,猪皇Nb
金首长,15,小僵尸,竹黄牛逼
520PCCOLD,3,无粉丝牌,lgd别太指望，蠢逼组成的
哀之月,3,无粉丝牌,这版本太难翻了
云石666,15,小僵尸,这个是猪皇吗？
HiTLeRRR,10,无粉丝牌,你的少女魅力诱惑不了我。。。。
姐姐的麻辣烫,13,小僵尸,又出支配？
明非的偶阵雨,6,小僵尸,今年夺冠点在哪？LGD？
pipistrello,10,无粉丝牌,ZYD 猪一刀
KOVSH,4,无粉丝牌,蓝猫冒名我冬泳欧巴？
northwardxx,19,皮one,还不好说 怕怕没用 后期容易被反
尽逍遥1226,3,无粉丝牌,kpii你大的是个卵子啊
grubby赛高,8,无粉丝牌,猪皇牛逼
zxc459725050,20,无粉丝牌,官博娘连蓝猫都诱惑不了了
wml568540120,10,小僵尸,蓝猫这绿帽子
貞治,14,三乐,年纪轻轻
假装不敌1,4,无粉丝牌,没得换了
寂寞是灯,22,小僵尸,这是猪泳冬
西瓜123456789,4,无粉丝牌,猪黄牛逼
的荷花吧少年,20,无粉丝牌,内讧 咚咚咚 无耻的队友 咚咚咚
bellashan,22,小緑帽,直接被秒，秒躺
我爱喝绿茶,27,小肚皮,为了部落！
懒趴趴猪,10,无粉丝牌,lgd bp思路要调整 要打线优的阵容
17shou的蜚声,4,无粉丝牌,那不是云玩家，那是喷子天天来送🐴
yoga__,10,集团军,EG夺冠，RTZ会身披中国girl
yukihiki,6,丶刀哥,魔咒终结
玉宇遇雨,20,小僵尸,雕哥没解说够啊！
我是鸡儿吗,10,无粉丝牌,今年中国无望 别想了
毛利元就,13,小僵尸,人家有谜团。你说容易被翻。
Sober杰哥,15,北萌,RNG牛逼
Q1ce867195e20670d8,7,无粉丝牌,垃圾游戏，跟撸啊撸能比？
venge,3,无粉丝牌,zhumail的蓝猫 还是牛逼啊
古风水月,13,无粉丝牌,zyd张益达
貞治,14,三乐,换武侠乂啊
Liangtime,17,无粉丝牌,酱油拍拍到底是怎么玩？
为什么我非得取名字,7,无粉丝牌,只有哲学的魅力才能引诱的男人
HK233666,5,无粉丝牌,李逵翻了那么多把
chn201,24,无粉丝牌,全分散带线？这是给机会啊
pipistrello,10,无粉丝牌,ZYD=猪泳冬
遥远的金金,9,无粉丝牌,勒索？网络愤青可真厉害
方俊,15,无粉丝牌,翻了翻了
秋山淩加油,11,小僵尸,蓝猫蹭我欧巴热度
chun2004a,22,无粉丝牌,猪皇牛逼
six烨,16,无粉丝牌,蓝莓
1173039688,22,小僵尸,今年夺冠点只有LGD和NB
leeang521,15,无粉丝牌,老干瘪吹上天 一坨屎
鱼fish11,8,无粉丝牌,LGD有点像Faze csgo分部
Leslie_路过蜻蜓,4,无粉丝牌,哈哈明没法诱惑别人啊
fenghu999,5,无粉丝牌,ZYD= 张翼德，字飞
30位汉字和数字i,7,无粉丝牌,dota还难翻盘，怕不是前期阵容被对面五大
沃伦艾伦,11,小僵尸,龙神龙神那是上吧的弹幕
不朽之守护2018,20,影魔王,【这些老博登怎么还不退役？？！】
shuaian,13,小僵尸,TI就没有弱的 LGD也不稳的 说翻车就翻车
Kevin丶Gerald,22,无粉丝牌,kpii就是个混子！！很平庸还菜的一逼，滚滚也是辣眼
zywinfinity,10,无粉丝牌,峰哥是什么时候不见得的
仁德都敏俊,9,小僵尸,rtz会批你妈
毛茸茸DE家伙,14,无粉丝牌,败者组好啊，感觉大多踢冠军都是败者组
金牌僚鸡,4,无粉丝牌,NB的传统嘛，内战🐶
SoreverYove,18,小僵尸,这是张益达还是张翼德
Artysta,16,无粉丝牌,TI8中国有戏吗？
情话与狗iiii,17,小僵尸,这要被翻了就有意思了阿
草木逢雨而欣,13,小僵尸,该报团了啊
腮帮过大5209,13,小僵尸,小组前几进胜者组啊？？
功夫大龙翼,15,小钻風,张益达   似你
冰风雪杨,7,无粉丝牌,今年的目标是前4 夺冠想多了
宅若久时天然呆_Du5,16,小僵尸,说换台的肯定撸狗啊
six烨,16,无粉丝牌,蓝猫头顶绿光。讲究
Infinite06,15,小8路,mú得换台了
骑士不死于徒手拆高达,22,小肚皮,行者孙 孙行者 者行孙其实是一个人
grannyrin,11,无粉丝牌,目前来看没有状态特别好的中国队
毛利元就,13,小僵尸,后期夜魇也不怕啊。谜团一个大的事情
448125904,17,无粉丝牌,猪黄不是说要白天复盘吗？人呢
52lqheyh,6,无粉丝牌,rng是狗
小对讲,10,无粉丝牌,为什么他的蓝猫头像比别人的绿得多呀
venge,3,无粉丝牌,猪妹儿的蓝猫都敢放 不是找死？
xdmhj,19,无粉丝牌,猪皇徒弟猪永冬你们都不知道吗？
520PCCOLD,3,无粉丝牌,你们没看李逵打比赛嘛？随便练阵容呀
书生堕命剑,8,无粉丝牌,熬夜看两天，很难受
Requiem99,15,小渣男,这是邹倚天他弟邹倚地
裁云缝雨衣,17,影魔王,板了两个小谜团
刷新刚背猪,5,无粉丝牌,猪泳冬
妮妹夫ya,20,大马猴,这次小组赛买菠菜的人是不是哭死了，各种1比1
易水边,6,无粉丝牌,主动勇绿了
听月楼高太清,6,大马猴, 人家还在努力 无望你说的。。
小笨蛋的老公,6,无粉丝牌,lgd昨天打李逵就是三路优还是输了，就是bp问题
Vanishedxx,19,集团军,内战🐶nb夺冠？
leeang521,15,无粉丝牌,老干瘪赶紧滚回家吧  垃圾
邪恶泰迪X超凶,16,小8路,很期待newbee的炸弹人啊
Q1ce867195e20670d8,7,无粉丝牌,这么垃圾的游戏居然还有人玩
我不是奶神,16,点子王,说内战狗的你🐴死了
貞治,14,三乐,嘘，别吵峰哥睡觉
我没想好这名字,19,小豆包,换台吧
朝闻道H,18,按摩师,lol不是和农药比的么，dead game比不
老陈不OB不是人,12,集团军,皇后上马！
Sober杰哥,15,北萌,faker说带不动？
热手探鼎,12,Quin,牛头反应慢了
a522692160,17,无粉丝牌,这阵容拿头翻，均势都翻不了
末螺清亦亦亦,17,无粉丝牌,咚咚咚到底啥意思啊
风吹裤裆铞飞扬,13,小豆包,lgd打小组赛像在玩一样
骑着毛驴看飞机,15,无粉丝牌,VG回家了嘛？
一米阳光1哈哈,16,无粉丝牌,lgd再输真的进不了胜者组
捕捉寂寞,39,401,拍拍：我也摇人了 cnm 干死你
1更别我2更回,22,小肚皮,4号位拍拍？！
小莫他爷爷,16,久哥哥,张飞 是字翼德 还有字飞的 哈哈 文化人
frngming,12,小僵尸,房管干活了，带节奏的
shuaian,13,小僵尸,dota什么时候会以前4为目标 别搞笑了
Forever丿AI,18,小僵尸,没比赛了换个JB
Vinaya真是太好了,17,包包果,小骷髅好蠢啊
仁德都敏俊,9,小僵尸,婉莹姐姐我爱你啊
count_xx,10,无粉丝牌,小骷髅活的好快啊
htk605810516,4,无粉丝牌,骷髅双雄就是弟弟啊
wancy133,12,无粉丝牌,都红绿灯了
半岛铁盒里的玫瑰花瓣,16,无粉丝牌,败者组和从胜者组掉到败者组是两回事 傻吊
弗拉明戈,13,无粉丝牌,按在地上打啊 这是
葵曼沙,21,小僵尸,刷lol的都封了吧.装你🐴呢
毛利元就,13,小僵尸,晕锤吊啊
论EM的重要性,25,小僵尸,蛋碎人亡
threeplusseven,16,小8路,。。。
范范范迪塞尔,16,无粉丝牌,送蛋
代号郭嘉,22,无粉丝牌,GG
grannyrin,11,无粉丝牌,好惨
limerecss,7,无粉丝牌,曹孟德，字操！
功夫大龙翼,15,小钻風,这个蛋
尽逍遥1226,3,无粉丝牌,这个蛋是认真的么
dyw112c,23,小僵尸,gg
在天堂散步,3,无粉丝牌,魏延，字魏
明月无边,11,无粉丝牌,ti目前好像没有冠军是第一轮就败者组的
756344492,9,无粉丝牌,一巴掌出晕
xxxxx17,15,集团军,这打的什么
gandalfr614,19,集团军,打的是个几把
楠国风v,15,无粉丝牌,GG
5IVE深沉的逗比,13,无粉丝牌,这个蛋是干嘛
ccczzzabc,4,无粉丝牌,拿到美国国籍根本就没什么巴铁了像苏猴这种
毛利元就,13,小僵尸,这四号位拍拍。吊啊
塔司听苟,9,点子王,有点惨
只有十六岁的涛粉,16,无粉丝牌,葫芦娃
grannyrin,11,无粉丝牌,挑逗
Sober杰哥,15,北萌,SKT T1 FAKER说你们都是垃圾
leeang521,15,无粉丝牌,打出屎了 呵呵 
送外卖的帅哥,32,无粉丝牌,蛇形阵容
laozhong1217,20,无粉丝牌,狠
王天堂丶,16,小僵尸,冰与火之歌
756344492,9,无粉丝牌,太tm秀了
骑士不死于徒手拆高达,22,小肚皮,kpii啥都没干啊
芒果不忙嘿,26,无粉丝牌,蛋碎人亡
Kevin丶Gerald,22,无粉丝牌,kpii就是个混子！！很平庸还菜的一逼
chn201,24,无粉丝牌,买活死
辰sir23825,4,无粉丝牌,一波死六个
C633648,12,无粉丝牌,内战王啊。。
上月和菜,9,无粉丝牌,惨
如意如意566,26,无粉丝牌,这谜团。。
rekobazj,7,无粉丝牌,精彩
qq_SDvpfi,4,无粉丝牌,gg
MaybeBlinK,26,点子王,g
缘来是只小僵尸RUA,46,小僵尸,............
毛利元就,13,小僵尸,这晕锤。
venge,3,无粉丝牌,猪皇牛逼
哟苏杭,19,小僵尸,一巴掌就晕了
shuaian,13,小僵尸,TI冠军小组赛就没有发挥很烂的
18045179822,9,无粉丝牌,gg吧
缘来是只小僵尸RUA,46,小僵尸,gggggggggggggggg
原力的觉醒,20,小青雉,欧洲晕锤
八云紫衫,14,小僵尸,惨
小眼睛帅哥呀,6,无粉丝牌,啥情况 卡卡的拍拍？
存一寸光阴丶留待美景,19,小僵尸,kpii混得飞起
liugen,22,集团军,海草
只有十六岁的涛粉,16,无粉丝牌,反复葫芦娃，买活葫芦娃
cabbagecool,8,大蒜酱,谜团还没放大呢。。。
leeang521,15,无粉丝牌,一坨屎 
菜鸡卡66,6,无粉丝牌,卡卡好狠
功夫大龙翼,15,小钻風,好惨
Liangtime,17,无粉丝牌,墨迹
846883766,4,无粉丝牌,每次看这谜团都在跳舞
KamuiVVV,9,无粉丝牌,窝里横
siyimanchang,10,无粉丝牌,谜团，，，，，
一只小野骡子,8,无粉丝牌,秘密最菜
MaybeBlinK,26,点子王,相当精彩的比赛
乱doctor,22,噜噜噜,昨天的液体打lgd赢的那把不是碾压吗
西瓜123456789,4,无粉丝牌,毕竟内战王
zc533090,12,无粉丝牌,差距有点大
三千星海,17,小僵尸,卡卡 好强
在下头很硬现在满头包,18,小僵尸,红绿灯预警
毛小灬驴,12,点子王,谜团好像是有点躺啊
飘飘梨,12,小豆包,泉水战神啊
风起秋已凉,14,无粉丝牌,真惨
微微豆莱,25,点子王,想夺冠还是要看老干爹，虽然老干爹状态也不行
小对讲,10,无粉丝牌,敲晕不讲道理的
小明教主,21,无粉丝牌,猪皇尽力了
雪风号会保护大家的,4,无粉丝牌,好惨
EvilErebore,7,无粉丝牌,。。。。
mima123456,16,无粉丝牌,卡卡这个晕锤
捕捉寂寞,39,401,哈哈哈 
KamuiVVV,9,无粉丝牌,窝里横 外站菜如马
amagicbright,11,无粉丝牌,...........
乱doctor,22,噜噜噜,干爹粉还是会意淫啊
jyf13880,7,无粉丝牌,晕锤真的不讲道理
Mas诚,7,小僵尸,冠军晕锤
liugen,22,集团军,。。
wangrunhang1230,7,无粉丝牌,kip躺就行了
rekobazj,7,无粉丝牌,零换七
寒影月竹,7,无粉丝牌,感觉谜团就是个靶子
103578616,3,无粉丝牌,融化
chn201,24,无粉丝牌,这个真是四号位么
Icarus7freezing,5,一发,纸一样
liugen,22,集团军,好脆
妮妹夫ya,20,大马猴,NB当时就是败者组1穿8拿到冠军的
fenghu999,5,无粉丝牌,劫富济贫
八云紫衫,14,小僵尸,这还敢出来
绿竹青青,19,无粉丝牌,逗呢
q88499899,18,大马猴,人均点子王
看直播好累啊,9,点子王,..................
情话与狗iiii,17,小僵尸,难受不 小老弟
Ccc2323,12,小荔枝,TI4的newbee还不烂吗。。 差1局就回家
cjmaxx,17,小僵尸,毕竟是拍拍的晕啊
送外卖的帅哥,32,无粉丝牌,nb果然是没谜团的队伍
踩节拍的猫,13,小痒虫,谜团大s大s大s
菜鸡卡66,6,无粉丝牌,秒死我透
平静的绝望,19,小僵尸,nb赢了tnc好吗，像vg这样的才叫neizh
鱼fish11,8,无粉丝牌,NB什么时候打液体有这么虎就好了
有毒啊你说,7,小僵尸,瞬间没了
缘来是只小僵尸RUA,46,小僵尸,都不想打了
abc466645785,4,无粉丝牌,赢了也能喷？
功夫大龙翼,15,小钻風,瞬间就没了
flyozw,4,无粉丝牌,要把我笑死了
一个人走_hlc,16,无粉丝牌,都快看睡着了
InsomniAme,12,无粉丝牌,这拍拍屌啊
代号郭嘉,22,无粉丝牌,kp是短板没办法又没好的三
维嘉我老婆,13,点子王,蓝猫买活图标还没消失就死了
我走路很慢的丶丶丶,16,噜噜噜,就死了？
天涯独奏light,24,小僵尸,蒸发了
敌法的事故,10,小果奶,听说你打拍拍会开扫射反打？
行者2013,5,无粉丝牌,纸做的
Requiem99,15,小渣男,学习vp买活gg啊
KOVSH,4,无粉丝牌,TS第一天不是很强的吗，传说中的wings第二
王天堂丶,16,小僵尸,替补朱冬泳代打
Seven柒的老年水友,22,小僵尸,希望这一把把NB的手感打和状态打出来
骑士不死于徒手拆高达,22,小肚皮,kpii真是啥都没干啊
张家小哥哥哥,5,小痒虫,？
巨头僵尸,25,小僵尸,一群傻屌弹幕只会涨他人志气 灭自己威风
laozhong1217,20,无粉丝牌,nb现在真的凶
影魔丶,16,无粉丝牌,德国晕锤
浪比克星z,17,小僵尸,我要在你脸上刻一个惨字
15606682770,23,小僵尸,套路
热手探鼎,12,Quin,徐志雷看哭了
忧伤暮舞,6,无粉丝牌,kpi好躺
skoermn,11,小僵尸,不是，卡卡转一号位了？
南极点的极光,12,小钻風,主动晕
雪风号会保护大家的,4,无粉丝牌,G吧  把自己心态打崩了
飞往海南小火龙,14,集团军,Newbee这么吊？
fallen47,12,小僵尸,这个小骷髅   菜哭了
jungle2114,5,无粉丝牌,都快红绿灯了
恼羞成怒,23,小緑帽,NbTI4小组赛就是加赛的
风起秋已凉,14,无粉丝牌,55开了
砂079255,14,无粉丝牌,感觉ti8今年没中国了
一次人间也仓皇,17,无粉丝牌,假赛
草木逢雨而欣,13,小僵尸,TS在演？
上月和菜,9,无粉丝牌,该投了
古尔丹之血,16,无粉丝牌,七连排不晕就有说法了
我爱喝绿茶,27,小肚皮,为了部落
伟_qq,26,小僵尸,38大晕
thurlow,7,无粉丝牌,KAKA的小晕锤约等于打晕啊
搞命菌,7,无粉丝牌,比老十一的5号位拍拍还厉害
节灵夙,32,蜀军,4号位拍拍算不算妖路，算不算捧
捕捉寂寞,39,401,小骷髅：摇不动人了 队友都挂了
zj380520,15,小僵尸,刚被VG2:0，也算内战王？
敌法的事故,10,小果奶,扫射能反打吗？反打给我看看？
理财型小僵尸,28,小僵尸,再打红绿灯了
梦醒之前找到你,12,小僵尸,内战猛如虎
桓温,4,无粉丝牌,NB刚5连败。。。
易水边,6,无粉丝牌,战术大师
烟雨不爱江南丶,11,无粉丝牌,说内战王的可能都是2000分的费物吧
装你一个刚好,23,小僵尸,ti4的nb也是胜者组，装你🐴
tomo123,4,无粉丝牌,讲道理7连拍晕一下很正常
Anran_orz,6,无粉丝牌,NB学到 EG那一套。。
管管管管管,14,腐乳,YYF退役后国内就很少亮眼的3了 fgnb！
Bairo_,20,无粉丝牌,nb是你吗败者组
绫司,13,无粉丝牌,外战外行，内战内行
qq29136333,10,无粉丝牌,我四号位PA很厉害
401丶午夜棒棒糖,30,401,这个GG可以打出来了呀
遗忘丶意志,19,小僵尸,1号位冰龙？
断点风吹过,14,无粉丝牌,假赛
肥肉请消失,6,无粉丝牌,TS在演？
rekobazj,7,无粉丝牌,红绿灯
limerecss,7,无粉丝牌,TI4 叫冒泡赛吧 
gr6842531,20,小僵尸,不肯投，卧槽
曲瑞年,9,憨厚哒,NB当年是胜者组冠军 穿你马呢
我爱沐少,17,无粉丝牌,这把我看过，最后翻盘了
和比利对肛,11,小僵尸,这个三号位我上我也行
chun2004a,22,无粉丝牌,光头大师牛逼
董大啸小哥哥,14,点子王,带个
我不是奶神,16,点子王,干瘪粉真恶心
BTRC4,17,小僵尸,1分钟1K
红高粱地里的绯红,16,无粉丝牌,多在TI的舞台上坐一会
人事人情,16,小僵尸,35大
dk047,3,无粉丝牌,vp都下吧开始了
毛利元就,13,小僵尸,小骷髅想报仇那个太搞笑了
代号郭嘉,22,无粉丝牌,cn无三kp换不了
yhhh666,7,无粉丝牌,内战王的喷子，准备好了吗
君洛灬,19,QQ星,窝里横的傻狗不封吗？
军道杀拳周某,9,囧菌菌,这么喜欢看谜团拉大的吗 ？废物
黑魔导5543,18,小僵尸,这版本线上劣势是真的难玩
尽逍遥1226,3,无粉丝牌,冠军魔咒要破了
1173039688,22,小僵尸,TI4的NB 小组赛也不差 最后是胜者组
贝纳德尔斯基,7,点子王,TI4是冒泡赛进了胜者组
哦嗨哟丶,13,集团军,悬空寺告急
棋武山唯一教父老僵尸,15,无粉丝牌,问题是ti4除了nb中国队厉害的很多啊
a522692160,17,无粉丝牌,我还以为kaka打一了呢
棒子爱屈原,4,无粉丝牌,NB败者组？TI4？你怕不是要笑死我？
戒撸盟盟主,13,无粉丝牌,这就是战术光头的黑科技？
安静你说,33,寅子,这还坚持的锤子啊
董大啸小哥哥,14,点子王,带哥他leile
姜子呀呀呀,15,集团军,操了喷子的血妈
晓月寒星的思念,16,小僵尸,看选阵容，感觉李逵、lgd小组赛都有点随便
寒影月竹,7,无粉丝牌,等级高也会提高触发率的
limerecss,7,无粉丝牌,TI4 冠军是胜者组
妮妹夫ya,20,大马猴,TI4NB是败者组好吗，差点都被淘汰了
feier1409,13,无粉丝牌,newbee去认李逵爹吧
lzj08,18,无粉丝牌,又TM来说NBti4是败者组的 能不能别秀了
做一把小雨伞,13,小僵尸,我再说一遍ti4nb是加赛胜者组夺冠
节灵夙,32,蜀军,几下拍死
椎名深夏_acfun,12,无粉丝牌,那是淘汰赛菜下去的，小组赛胜者
绿竹青青,19,无粉丝牌,我擦
勤屎黄巨龙苏醒RUA,20,小僵尸,杨家村告急
Jamie1990,13,小霸天,ti2至今传统内战王lgd
芒果不忙嘿,26,无粉丝牌,吃人
天嫉神,21,小僵尸,wings在打TI前成绩什么都不错，TS还是太年轻了
毛利元就,13,小僵尸,这四号位
彼端的有希,4,无粉丝牌,虐菜无情
GungnirX,4,无粉丝牌,有人统计中国队外战战绩吗？？？
Infinite06,15,小8路,晕锤是个稳定的控制
dan眼皮的猪,13,小僵尸,明天nb打VP。
小莫他爷爷,16,久哥哥,大哥拍拍
一次人间也仓皇,17,无粉丝牌,这不是在演？
天涯独奏light,24,小僵尸,野性
shuaian,13,小僵尸,TI4NB是冒泡赛打的难 小组赛正赛很顺
毛利元就,13,小僵尸,四号位不怕死啊。。
a6931229,13,无粉丝牌,内战猛如虎
miracleeeeeeee,5,无粉丝牌,Nb ti4小组赛垫底打加赛晋级也一样冠军
幽幽々不凡,12,无粉丝牌,杀人还要诛心 打的你没心情
ustbhy,13,无粉丝牌,卡卡生气了
张家小哥哥哥,5,小痒虫,gg 调整心态啊 还有一天啊
装你一个刚好,23,小僵尸,ti冠军就没有败者组的
飞往海南小火龙,14,集团军,卡噜噜觉醒了？
Q1ce867195e20670d8,7,无粉丝牌,干瘪粉输了疯狂来黑nb，今天干瘪粉死了吗
xiaofengxiaofengxiaofeng,13,小痒虫,38大？
zjingpart1234,10,无粉丝牌,谜团招小谜团有音效？
最陌生的人,6,无粉丝牌,败你吗
范范范迪塞尔,16,无粉丝牌,这还不退想什么呢？
jungle2114,5,无粉丝牌,4号位，当然不怕死
09脑残粉123,21,无粉丝牌,打路人？
晨曦阿斯达斯,12,小僵尸,。。不是。这是4号位?
月之男祭祀,16,小僵尸,碰见中国队 大家就支持支持不好么 非得喷
功夫大龙翼,15,小钻風,这才是拍拍嘛
曲瑞年,9,憨厚哒,说NB是败者组的记忆力都有问题
断点风吹过,14,无粉丝牌,TS不是在送人头？
葵曼沙,21,小僵尸,nb加赛到胜者组谢谢
ability9,13,猪芳芳,冰龙好肥
zhangvika,19,小僵尸,38大！
别说话上车,17,点子王,败者你🐎看看比赛吧
memorialu,11,小僵尸,现在喷KP的又忘了去年是谁带飞
我不是奶神,16,点子王,泉水战神
999哈哈哈D,15,小肚皮,卡卡打外站就尿裤子了
Bairo_,20,无粉丝牌,你再说你妈呢
平真丶,16,918,路人局
大周三藩节度使,19,女流,武侠启动
寂寞数学帝,6,无粉丝牌,死也不能打GG啊
代号郭嘉,22,无粉丝牌,lgd有机会胜者组
吊打bpxo,4,无粉丝牌,一道绿光
liqaz28,16,17丷,nbti4冒泡进胜者组好不好
MaybeBlinK,26,点子王,19级的泉水战神
皇家马德里的男人,17,小赢僧,不G留着过年吗？
17shou的蜚声,4,无粉丝牌,那不是粉是喷子谢谢
dong3690780,3,无粉丝牌,ti4vg是败者组吧
fug1y,19,小緑帽,ti4nb不是败者组 再说一遍，
紧握兵锋,21,无粉丝牌,垃圾时间，不知道为什么不gg
三千星海,17,小僵尸,卡卡 这拍拍打的Ts粉碎了啊
毛小灬驴,12,点子王,NB是冒泡赛
萝卜是sis控,8,无粉丝牌,还特么nb败者组。。有空去看看录像
Ccc2323,12,小荔枝,newbee外战3-3 vg1-5 TS 2-
cbzzyz,4,无粉丝牌,人人都是内战王
小米猫猫,14,无粉丝牌,让卡卡玩个有后期能力的英雄吧
爱我凯神不后悔,7,无粉丝牌,不知道，一直在黑NB什么？
就是这么凶,4,无粉丝牌,别输，谁输谁菠菜
靰鞡鞑子,16,小僵尸,中国队会不会全在败者组集合站立呀
SEConD丶509,17,小僵尸,不知道的还以为拍拍是u9
鱼fish11,8,无粉丝牌,蓝猫的帽子是峰哥套装吗
誰在打我,25,小僵尸,kaka怎么打c了？
zebsama,14,1551,nb干什么都会被骂的，习惯了
东勇偶巴帅帅帅,15,无粉丝牌,ti4nb不是在胜者组等vg？
一条薄薄的床单,26,No酱,蓝猫绿帽子任务没做完，不能退
SanGhoul,25,小僵尸,三号位冰龙是真的蛇
什么神神,9,小8路,4号位，经济第四没毛病
Kalexjn,4,无粉丝牌,小组赛很顺会打冒泡赛？
Garroooos,11,无粉丝牌,冰女一包4
Oscar丶,7,无粉丝牌,大哥冰龙？
flyozw,4,无粉丝牌,看哈哈明经济
彼岸灰,11,无粉丝牌,去年nb 胜者组冠军不是打的中国队
消费卡,16,胖头鱼,内幕局就完事了！
鹭岛之风,6,无粉丝牌,NB小组赛也不是垫底啊，居中位置
decamincow,11,无粉丝牌,一号位冰龙
棒子爱屈原,4,无粉丝牌,TI4NB通过加赛到胜者组，睿智还那里说
我不是奶神,16,点子王,尿你🐴裤子，傻狗
断点风吹过,14,无粉丝牌,38大
xiaofengxiaofengxiaofeng,13,小痒虫,好稳打的。
fruittry,14,无粉丝牌,砂仁猪心
最陌生的人,6,无粉丝牌,nb那时候一路身着组
有神,19,小僵尸,杨家村告急啊~~~~~~~~
天上的牛量,8,无粉丝牌,泉水战神蓝猫
401丶午夜棒棒糖,30,401,NB:兄弟们给刷刷数据啊
有毒啊你说,7,小僵尸,这个蓝猫不会泉水战神啊
不朽之守护2018,20,影魔王,【下面8是哪个队的教练啊？？？？？】
明月无边,11,无粉丝牌,乃哥哥：速度阿，我要吃鸡了
sinair_xy,4,无粉丝牌,🐎🐎🐎🐎🐎🐎🐎🐎🐎🐎
tomo123,4,无粉丝牌,nb败者组那么lgd也是败者组了
沧海三两粟,10,影魔王,冰龙大哥？
Crui2,14,哈47,比赛第一
Relax999,9,无粉丝牌,人家喷你你还谢谢别人？
17shou的蜚声,4,无粉丝牌,喷子除了喷就是带节奏，天天赶着来送🐴
six烨,16,无粉丝牌,武侠乂准备
黑魔导5543,18,小僵尸,为什么这么多人喜欢喷nb啊
tbk1021,8,无粉丝牌,xinq的1冰龙sa真的牛逼
毛利元就,13,小僵尸,不敢动。
abc466645785,4,无粉丝牌,喷子真是角度刁钻，毕竟人渣喷子
AzHaier,21,无粉丝牌,上届不是败者组一串5？
Heroki,12,无粉丝牌,当年中国队小组赛都是只输一两个小分的
葵曼沙,21,小僵尸,没有任何夺冠队伍是一开始在败者组的.了解下
majiejia,18,小僵尸,小组赛不挤个胜者组，就是相当于去旅游
曲瑞年,9,憨厚哒,NB是胜者组冠军 VG才是败者组的
gr6842531,20,小僵尸,喜欢被人虐？
121763806,13,无粉丝牌,冰龙是大哥？
hehewuwu,24,无粉丝牌,买人头了？还是38大？
tbk1021,8,无粉丝牌,都是队友的问题
撒萌萌萌,5,无粉丝牌,杀一次拍拍退
札沼叶树,15,小僵尸,赢了就是内战王
等我带你看海,3,无粉丝牌,说内战王的司马了？打得过都是凭本事
1更别我2更回,22,小肚皮,除了IG
微微豆莱,25,点子王,NB当年和DK打得飞起
别说话上车,17,点子王,nb14年拿个冠军也被喷
Mario丶焱枫,31,小僵尸,都快5兄弟了。。
30位汉字和数字i,7,无粉丝牌,笑尿了
shuaian,13,小僵尸,不可能小组赛进败者组夺冠的
玉米饭丶,20,猪芳芳,是不是买了38大啊
小小绿枫,22,小僵尸,毒狗输了心态爆炸，活该啊！！
自然卷1235,19,小僵尸,经济翻了一番
clxclx2,22,诗玛,红绿灯了
卡噜噜你冷落年god了,18,无粉丝牌,当年的是冒泡赛打泰塔
dnfpk主播加油,16,无粉丝牌,"4号位拍拍,我玩你吗啊"
lr384485160,13,无粉丝牌,Q1ce867195e20670d8节奏狗
彼端的有希,4,无粉丝牌,这蓝猫是峰哥玩还有翻盘机会
梦想当一个学霸,12,无粉丝牌,什么窝里横不横 电子竞争只承认冠军 管对手是谁
diao丝丶心态,17,噜噜噜,明显带节奏的房管能不能管一下
遗忘丶意志,19,小僵尸,赌狗输钱了 管你中国队外国队 
以身丶试婊,23,小痒虫,意思胜者组都打不进去一个队吗？
阿姆罗再临,26,无粉丝牌,TI4不是冒泡赛吗
黄旭东抽奖专用号,21,猛男,说全进败者组的是死了妈的撸狗吧
马卡了个龙,12,小僵尸,一号位冰龙
grannyrin,11,无粉丝牌,是人是鬼都在滚，只有ig中期滚
三千星海,17,小僵尸,真正的内战王 我只认LGD
卡噜噜你冷落年god了,18,无粉丝牌,狗哥灵性一级肉山
1173039688,22,小僵尸,上届李逵小组赛第一 被IG打进败者组 但是小组赛是第
DEG_Random,19,全针,ti4赛制不一样 小组赛排名靠后但不是垫底
999哈哈哈D,15,小肚皮,卡卡牛头原地大，连大跳都不如啊
忧伤暮舞,6,无粉丝牌,kaka和一有什么区别
王的尐裤衩,3,无粉丝牌,KP是真的菜
压扁扁喵喵,3,无粉丝牌,这局打得有猫腻吧  纯碾压？
fallen47,12,小僵尸,喷子现在跳的很 一被打脸就装死
xiaozhuzhibo,18,小僵尸,dd:快点，我还要去杨家村。
小鹅掌敲大猪头,17,小緑帽,这版本作为ti版本不够好
毛利元就,13,小僵尸,全是bkb
胖头兄妹坐断钢筋,11,小僵尸,好好看比赛，带你妈节奏
SankaReaら,9,无粉丝牌,14年拿冠军的不是这个NB谢谢
万能青年旅店啊,6,无粉丝牌,为什么提去年？活在过去？
一条薄薄的床单,26,No酱,但是并不需要谜团
一不小心丶就丶,15,无粉丝牌,ts0-2nb0-2vg vg内战王
绝活辅助转大哥,3,无粉丝牌,今天一把比一把惨
傻屌dou鱼,9,小池池,Ti4nb不也是败者组1串7？
发生大幅度升高,4,无粉丝牌,我就问那些 NB败者组的  那决赛的VG难道是胜者组吗。
qq_4KFc6D,11,小僵尸,。。。。这
斗渔我最鱼,19,无粉丝牌,小骷髅这个废物啊
菜鸡卡66,6,无粉丝牌,买不买都一样，打不了
Q1ce867195e20670d8,7,无粉丝牌,干瘪狗继续咚咚咚啊，把你妈送上去咚
毛利元就,13,小僵尸,四号位骑脸了
kajibu,8,无粉丝牌,换台啊 阿奶，碾压了没意思了
五倒老尸陈易歹旬,11,集团军,我lgd把你全家杀了？
我是鸡儿吗,10,无粉丝牌,这谜团以后别选了
大殿下666,3,好女孩,根本就没有内战王。或者说人人都是内战王
硬说你很好,13,无粉丝牌,这里怎么有延迟啊
放下球球,18,无粉丝牌,喷nm NB 你天梯连TS的五个人都排不到
辰sir23825,4,无粉丝牌,38k了
风起秋已凉,14,无粉丝牌,c住就死
花臂皮卡丘小男孩,22,朴妹,自闭了
我想养条大狼狗,39,小僵尸,军体拳
消费卡,16,胖头鱼,内幕局就完事了！
只有十六岁的涛粉,16,无粉丝牌,绝望的凤凰啊、
补刀手Fightmon,12,小僵尸,张益达
婉莹的颜值粉,15,集团军,这次比赛，胶着好看的比赛真的少
梦双月,7,粥尹,总算是敲出来了
skadi之刃,12,无粉丝牌,nb 咚咚咚 nb 咚咚咚
瘾大水平臭,23,小后羿,666666666666666
q88499899,18,大马猴,队友呢
毛利元就,13,小僵尸,断开连接
阿南农拉玛,7,无粉丝牌,互克
雪人骑士苗人烬,19,苏梓夏,断开连接
yongjun1125,18,无粉丝牌,猪皇：gg
rekobazj,7,无粉丝牌,猪冬泳彩笔
dy4057446,12,集团军,Zyd=猪一刀
菜鸡卡66,6,无粉丝牌,自闭了
南极点的极光,12,小钻風,牛壁
Q1ce867195e20670d8,7,无粉丝牌,我把所有干瘪粉的亲妈送上去咚，咚出骨灰
真是烦啊,10,无粉丝牌,lgd最厉害
咲夜琉命,12,无粉丝牌,邵阳哭了
SchUmiFan4eVeR,41,小僵尸,nbnb？
提亚tea,7,无粉丝牌,蓝猫吹风血精这把还有机会
1更别我2更回,22,小肚皮,TS好像没了~
小油馍胡辣汤,31,小僵尸,中国队能到胜者组吗？
代号郭嘉,22,无粉丝牌,nb不能被淘汰啊
至高君王玛尔扎哈,16,无粉丝牌,zyd已断开游戏链接
shinanhua,18,小僵尸,、
机智的兔子,14,无粉丝牌,nbnb
fygxr,12,小僵尸,自闭了
福尔马林男爵,25,大杰宝,武侠启动！
remesses,6,无粉丝牌,猪泳冬不行啊
沉睡wh,27,点子王,狗哥汪汪大笑
飞舞而降之剑,3,无粉丝牌,喊川菜武侠义
7122330598,15,点子王,再战江湖
47254717,16,无粉丝牌,小组赛你要什么精彩局？
曳尾涂中,23,小僵尸,江湖告急，
关羽大意食米青粥,6,无粉丝牌,牛逼
梦双月,7,粥尹,真香警告！
飘飘梨,12,小豆包,真滴惨
灬旁白先生hzw,11,小赢僧,看看比分
shuaian,13,小僵尸,这样看来NBLGD进胜者组机会大
chun2004a,22,无粉丝牌,猪皇，你怎么打gg
7122330598,15,点子王,再站江湖
sslsr,16,无粉丝牌,据说kp的谜团是个绝活？
大师兄抱紧我,7,无粉丝牌,江湖救急！？
Moogooy,13,无粉丝牌,吃饭了吃饭了
子樱,17,小僵尸,我都不想喷kp
消费卡,16,胖头鱼,内幕局就完事了！！
缘来是只小僵尸RUA,46,小僵尸,真香
KismyMi,17,无粉丝牌,江湖
Mario丶焱枫,31,小僵尸,但是NB后面的 对手。。
江南59420,3,无粉丝牌,哈哈哈
大周三藩节度使,19,女流,TS跟秘密差不多
AkkHiHeHe,16,无粉丝牌,江湖告急
大师兄抱紧我,7,无粉丝牌,江湖救急！！！
skadi之刃,12,无粉丝牌,再战江湖
yukihiki,6,丶刀哥,看下积分啊
可言浮生,24,小僵尸,十里坡告急，弟弟
tomo123,4,无粉丝牌,看一下比分
明尼苏达的狼崽子,8,无粉丝牌,说假赛的怕不是失了智
池早早早早,22,无粉丝牌,吃个饭  文斗了呀
Cross你好,9,无粉丝牌,江湖告急
大胖子大胖子丶,35,你几分,江湖救急
Notatall,23,点子王,江湖告急
月之起司,41,小人参,"真香<img class=""chat-emotion"" rel=""dy131"" src=""https://shark.douyucdn.cn/app/douyu/res/page/room-normal/face/dy131.png?v=20170626"" />"
limerecss,7,无粉丝牌,ZDY=在野党
机智的兔子,14,无粉丝牌,得意奥
jt0204,13,无粉丝牌,积分看看
変態的小喪尸,17,小僵尸,吸自己人的血
e526507750,4,无粉丝牌,这样看来NB送了VG两把好关键啊
alexdashen,21,小僵尸,江湖告急啊，奶子
江南59420,3,无粉丝牌,被干翻
胡桃军我们走,24,小僵尸,江湖烤鸡
王天堂丶,16,小僵尸,真香警告
hehewuwu,24,无粉丝牌,杨家村告急
白色袜子,15,无粉丝牌,没了?
zrq1228,9,无粉丝牌,江湖告急
你爷爷13,5,影魔王,刚睡醒
anian275491,19,小僵尸,给我看下积分
shangdgod,7,无粉丝牌,江湖告急
只有十六岁的涛粉,16,无粉丝牌,史珍香、、
微微豆莱,25,点子王,江湖救急
tu44289044,8,无粉丝牌,峰哥已经吃了一头牛了
安安静静默默无言,19,小僵尸,看看积分
我梦随风,11,小僵尸,现在有线优就做好压制，打团都是垃圾时间，无聊
丿故人不在故事里彡,12,196,江湖告急
pipistrello,10,无粉丝牌,猪皇打出了GG
采草小贼,16,小僵尸,江湖救急
花蟹粥,18,菜菜瑟,NB
牛头W,37,点子王,江湖告急
高桥良戒,12,无粉丝牌,江湖告急
enathan,18,小僵尸,看下几分
MaybeBlinK,26,点子王,江湖告急？
toystan,10,点子王,内幕局？内幕你妈呢
胖头鱼的小香肠,17,小僵尸,看看数据啊
balla1900,18,无粉丝牌,十里坡告急
灬旁白先生hzw,11,小赢僧,比分看看
DEG_Random,19,全针,峰哥吃完了已经
哔了UZI了,10,无粉丝牌,看积分榜
郭嘉神之一C,8,无粉丝牌,猪永冬
生人5607,21,小僵尸,江湖告急
鸽妈么么哒,5,无粉丝牌,江湖告急
Notatall,23,点子王,江湖通缉令
俯冲丶丶丶丶,12,无粉丝牌,一统武林
Faded震,11,无粉丝牌,看下积分
小小王在隔壁,18,小僵尸,江湖告急
Hilez,10,点子王,文斗武斗？
bing冰,23,小僵尸,猪冬泳
4865648,15,无粉丝牌,看下比分
vivyking0121,18,小僵尸,江湖告急
hasika001,5,无粉丝牌,江湖告急
桓温,4,无粉丝牌,文斗了啊 DD
laozhong1217,20,无粉丝牌,江湖告急
shinanhua,18,小僵尸,杨村告急
腮帮过大5209,13,小僵尸,武侠义咚咚咚
遗忘丶意志,19,小僵尸,谢逊 江湖有人来抢你屠龙刀了
风行丶水上,20,小僵尸,这次TI就没怎么打过正经团，一直在抓着人杀
Kalexjn,4,无粉丝牌,积分看一下
AtlantisJuem,26,小僵尸,报
不想睡木头的心,50,小僵尸,江湖告急了弟弟
qiuyiquan45620,13,麦浪,..
wocaonidayeooo,7,无粉丝牌,TS藏阵容 让NB2分
renzhek,7,无粉丝牌,杨家村告急
wujiahao15,9,无粉丝牌,文斗！！！！！！！！！！！！
你爷爷13,5,影魔王,刚睡醒就没了？
lcowhuod,3,无粉丝牌,看下积分
男流99,35,女流,看哈积分
spriteyao,18,小僵尸,看排行
我叫香蕉皮,20,小僵尸,江湖告急
头嘎得,16,无粉丝牌,积分榜
Daidy_,18,无粉丝牌,积分
哈皮朴朴33,3,339,积分看下啊
峰哥游侠团二营长,24,小僵尸,看下积分
2B不仅只是铅笔,26,小僵尸,积分呀
pipistrello,10,无粉丝牌,猪泳冬
Lulutaihan,7,无粉丝牌,看分
Ts丶ever,18,无粉丝牌,压ts的赌狗 难受的跟妈死了一样哈哈
DRCZX,22,小僵尸,倦收天？
紫拉加奈卡紫拉跌四,4,无粉丝牌,nb和lgd一样5-5
幻想之镜,15,点子王,江湖告急
环游的行星,23,小僵尸,十字陵高级啊
Cross你好,9,无粉丝牌,悬空寺告急啊，dd
镸聿,22,小僵尸,NB咚咚咚 NB咚咚咚
christina6666,12,影魔王,看看积分
憧憬空,19,小钻風,zyd注意点
archerlym,14,不自觉,看下积分榜
mansoss,16,小肚皮,杨家村高薪急聘大厨
6436737522,20,小僵尸,武侠
在火锅上刻一个早,18,无粉丝牌,川湘汇他lei了吗
笨尼宸宸12345,6,无粉丝牌,排名
代号郭嘉,22,无粉丝牌,cn全到败者组了233
Ex裁断,5,无粉丝牌,看分
rmx19870602,18,无粉丝牌,江湖告急
超凡五星胖头鱼,19,小僵尸,DD仗剑走江湖
貞治,14,三乐,杨家村告急
HO丶LLOW,20,洋洋,武侠啊
capricjugg,5,无粉丝牌,江湖告急
小纯婧水,8,无粉丝牌,杨家村告急
空蝉,18,小8路,江湖告急
7122330598,15,点子王,单排证明自己啊
乾坤无用,12,无粉丝牌,文斗江湖
skadi之刃,12,无粉丝牌,江湖告急
撩你的同桌,11,小8路,江湖告急啊  江湖告急啊
AkkHiHeHe,16,无粉丝牌,废物的自证局
安安静静默默无言,19,小僵尸,看积分
LD丶Ling,34,点子王,搏？
来拿人头啊,21,集团军,江湖告急啊
feier1409,13,无粉丝牌,垃圾newbee
头嘎得,16,无粉丝牌,看分啊
ruoyu2,15,无粉丝牌,.杨家村告急
dnfpk主播加油,16,无粉丝牌,zyd=专业的
zzs8825171,21,无粉丝牌,文斗
大师兄抱紧我,7,无粉丝牌,江湖救急了，弟弟
Lulutaihan,7,无粉丝牌,看几分
6436737522,20,小僵尸,武侠啊？
grandpe,29,无粉丝牌,总结积分榜
至高君王玛尔扎哈,16,无粉丝牌,叫啊
MaybeBlinK,26,点子王,你叫他
养猪场的屠夫,11,集团军,武林纷争，需要谢大侠主持公道
芝士慜,19,集团军,叫他啊
灬旁白先生hzw,11,小赢僧,积分
落花12323,8,无粉丝牌,江湖告急
爱瞌睡的宝宝,16,小僵尸,积分
lSc78,3,无粉丝牌,0
网名起得我脑壳疼,21,小僵尸,积分榜
可言浮生,24,小僵尸,文斗！
37丶1992X,19,小僵尸,江湖告急
Moreki,21,401,哎nb今天要多能赢两场该多好
yoga__,10,集团军,中国队不行啊，赶紧去温哥华小天鹅放松一下
毛利元就,13,小僵尸,看下积分榜
机智的兔子,14,无粉丝牌,杨家村告急
缘来是只小僵尸RUA,46,小僵尸,快乐足球
rzy2116133,14,小僵尸,看下积分
只送飞机的萧同学,40,小僵尸,江湖险恶十分告急！！！
Lulutaihan,7,无粉丝牌,积分
哎呀哎呀哎呀哟哟,14,无粉丝牌,自己max+看一下不就好了
hehewuwu,24,无粉丝牌,叫啊
月风武士1,19,集团军,叫啊
35cmcoldfish,10,无粉丝牌,看看比分
来拿人头啊,21,集团军,川绳看完比赛肯定睡觉了啊
YaphetS脑残粉,19,四豆儿,dd 看下积分呀
泡沫sun,18,影魔王,江湖告急
凋零败落成殇,15,无粉丝牌,榜
狂奔的大螃蟹,16,小僵尸,想死还要拉个垫背的
你是不是要diss我,8,无粉丝牌,排名
Mario丶焱枫,31,小僵尸,NB后面要对 VP  VGJS 秘密
Miruacleruaruarua,3,无粉丝牌,叫他啊
Neruda1,13,无粉丝牌,chuanchuan
鸽妈么么哒,5,无粉丝牌,把川菜叫来
亞洲氣質帥哥,21,小8路,武侠  干干干
逃不过邪恶的五指山,15,影魔王,博起来
zangfushuang,6,无粉丝牌,江湖救急
ouran9225,7,无粉丝牌,喊他啊
半人萌吗,18,一发,积分榜
alexdashen,21,小僵尸,你他妈打电话叫啊 杨家村
宿命摩羯丶,26,小僵尸,看看积分
剑与鸟,21,小肚皮,？？？
tortoise3,17,小人参,喊他啊
断点风吹过,14,无粉丝牌,。？。？
佛系丶人生,28,集团军,?????????
道道行,30,集团军,呼叫厨师
寂寞那轮回,6,无粉丝牌,江湖救急
风骥,11,无粉丝牌,先看积分啊
你今天真二,4,无粉丝牌,不看积分？
xiahao180,16,匪,比分情况
lovexiaod,9,无粉丝牌,王二姐竟然不是第一顺位？
新会陈皮哥,17,集团军,川菜：下楼吃个饭，半个小时
平真丶,16,918,你们不说积分吗
孤灯泛黄VIP,3,无粉丝牌,看分
Believer一,11,小僵尸,放活动节目的视频啊
超凡五星胖头鱼,19,小僵尸,？
cay008,20,集团军,打个电话给川菜啊
花落为谁吟,10,无粉丝牌,？？？？？？？？？？？？？
机智K,17,小钻風,一言为定
shuaian,13,小僵尸,NB要是锤秘密个2比0就稳了
丶Einsteinium,12,小僵尸,？？？
Lulutaihan,7,无粉丝牌,看积分
ruoyu2,15,无粉丝牌,？？？？？？？
貞治,14,三乐,打他电话啊
hehewuwu,24,无粉丝牌,肯定在
mhiely,18,小僵尸,？？？？？？？？？？？？？？
嘴大饿极,21,小僵尸,??????????????
dirtywings,17,小僵尸,积分
archerlym,14,不自觉,奶哥哥看积分榜
花见花开李居丽,25,集团军,让川菜馆开张
2571520190,20,无粉丝牌,积分呀
meidi5i,13,无粉丝牌,内战王NB
过yi天,6,无粉丝牌,看下积分
老了的小胖子,21,小僵尸,？？？？？？？？？？？？？
Apparitionsc,35,李鸽,ddclub
雨念_qq,19,集团军,川菜大于王明月
龙骑谢俊豪,3,无粉丝牌,？
xdmhj,19,无粉丝牌,？？？？？？？？？？？？？？？
捕捉寂寞,39,401,武侠义走一波 
791820105,6,无粉丝牌,??????＼
阿岩射手,17,女流,午饭时间喊起来
越三塔强送,15,小僵尸,???
曲水流觞丶丶丶,7,无粉丝牌,江湖告急啊
pokemoon2009,5,无粉丝牌,积分榜
没事干凑热闹,15,无粉丝牌,DD club
皱纹里面有钟,17,小僵尸,看积分啊
一只老毛驴,28,小僵尸,川菜》王明月？
櫻花開了几转,15,小僵尸,8看比分
大师兄抱紧我,7,无粉丝牌,？？？？？？？？？？？？
远离枫暴浩劫,26,小僵尸,配……
他们竟然都,4,无粉丝牌,公粮
KelvinMak,26,小豆包,？？？？？陪nmlgch
只送飞机的萧同学,40,小僵尸,。。。。
未注册的人,13,小僵尸,还要老陈带你啊
环游的行星,23,小僵尸,十字岭告急啊！
lapulasilalala,15,无粉丝牌,勃呀
Miruacleruaruarua,3,无粉丝牌,打电话发微信啊
头有点大丫,15,小僵尸,????
LichBluRay720px264XS,6,无粉丝牌,FFFFFFFFFFFFF
最陌生的人,6,无粉丝牌,看看积分榜
Mario丶焱枫,31,小僵尸,积分榜啊
丶Einsteinium,12,小僵尸,？？？？？？？？？？？
complexity,22,无粉丝牌,玩谁？
悲欢之歌,20,小僵尸,七夕呀
凡运宇势,21,小僵尸,排名
dnfpk主播加油,16,无粉丝牌,?????????????
zyjsunshine,14,小僵尸,陪王明月去吧
少年如你,21,小僵尸,看下积分积分
xdmhj,19,无粉丝牌,？？？？？？？？？？？？？？？？？
一头包小同,15,错觉,看下积分啊
怀旧只不过是慢性毒药,19,小僵尸,？？？？？？？？？
功夫大龙翼,15,小钻風,杨家村告急
小僵尸小渣男,7,无粉丝牌,8岁小兄弟  文斗啊，别跑啊 弟弟
你是不是要diss我,8,无粉丝牌,积分榜
睡不着的夜猫子,9,无粉丝牌,看积分版啊
消费卡,16,胖头鱼,内幕局就完事了！
希胤AMG,6,无粉丝牌,积分榜
hqwww,11,无粉丝牌,川菜传人湘菜大厨做菜了
怎么又在OB啊,30,集团军,七夕
来拿人头啊,21,集团军,看最新积分啊
罗伯特卢卡斯,10,无粉丝牌,江湖纷争啊
树叶过河全靠一个字,11,无粉丝牌,看看对阵表啊！
MoonbeamN531,14,猪芳芳,中午十二点交粮????
快乐的老B,11,无粉丝牌,???????????????????
不杀我还能做朋友,8,无粉丝牌,滚
D丶调,9,影魔王,统一江湖
healthandsome,16,小僵尸,陪王明月？？？
han0712,7,小僵尸,女人都是大猪蹄子
I老夏I,22,小僵尸,看过了呀
szryan22,5,无粉丝牌,川菜大于王明月
高标准比自己,3,无粉丝牌,彩笔老干爹要把我笑哭哈哈哈哈哈哈哈哈哈哈
1318470412,18,小僵尸,？？？？
ApertureScienceGLaDOS,9,无粉丝牌,积分？？？？？？？？
凉快,9,小僵尸,重色轻友？
shangdgod,7,无粉丝牌,王二姐有游戏好玩？
lcowhuod,3,无粉丝牌,看下积分2
6436737522,20,小僵尸,跟川菜打电话
八号蓬蓬头,19,饺子君,川菜比王明月重要等于说
dnfpk主播加油,16,无粉丝牌,广告到点了?
胆小的纸杯,6,无粉丝牌,ti峰会？
cyhli7173,16,小僵尸,川菜在呀
qq_ppPpqv,13,无粉丝牌,川菜大于王明月
你给的阳光,29,小僵尸,讲道理。。。七夕陪一下不过分
Daidy_,18,无粉丝牌,积分榜
ggg6v6v,7,无粉丝牌,看积分
old丶CD,12,小僵尸,小视频？
忘忧之人啊,4,无粉丝牌,看积分啊 蠢逼
袄特慢,14,无粉丝牌,交公粮
吃两把鸡睡觉,14,无粉丝牌,意思是王二姐没川菜重要
moonsilver,15,集团军,果然老陈是真爱
大师兄抱紧我,7,无粉丝牌,王明月有江湖好玩？？？
捞陈加油,19,小僵尸,意思是 老陈〉王明月
幻想之镜,15,点子王,川菜大于王明月
hky0221,14,小渣男,意思川菜》王明月
末班车MAN,12,影魔王,邹倚弟
遗忘丶意志,19,小僵尸,川菜〉王明月哈哈
未注册的人,13,小僵尸,你就说你是弟中弟呗
Mario丶焱枫,31,小僵尸,电子竞技有 七夕的吗
81787607,14,骚白,分值
王天堂丶,16,小僵尸,王明月有武侠义好玩吗
skybig8,11,小僵尸,川菜排在王明月前面
人情债我肉偿,18,小僵尸,意思川菜比王明月重要
一头包小同,15,错觉,积分啊
放下球球,18,无粉丝牌,喷子们先在天梯打赢TS的五个人再来喷NB
金首长,15,小僵尸,滚吧弟弟
Frederic35,20,集团军,川菜过七夕去了
我上去就是一个4换1,12,无粉丝牌,积分榜牛逼了
nubelievable,4,小僵尸,hohoho
过马路233,7,无粉丝牌,意思是老婆比不上一个厨子？？？？？？？
wzwdqhj,10,无粉丝牌,凌仕?
飞往海南小火龙,14,集团军,先去陪3秒吧，等你
机智的兔子,14,无粉丝牌,川菜〉王明月
Notatall,23,点子王,EG无敌
专业修鞋匠,25,无粉丝牌,？老陈比王明月重要？
qq_GPm93G,17,集团军,七夕都不陪川菜？
toystan,10,点子王,川菜〉王明月？
65sd4f6r54b,12,小僵尸,老陈》王明月
xdmhj,19,无粉丝牌,川菜大于王明月
直到世界的尽头___,25,小僵尸,sa 冰龙都是后期屌  很难起来的
毛利元就,13,小僵尸,一枝独秀啊
我愿挨刀,4,点子王,七夕陪川菜，金色离婚
怎么又在OB啊,30,集团军,王二姐有游戏重要？
可乐丶Co1a,15,小僵尸,川菜〉王明月？
黑暗游侠丶MTJX,31,小僵尸,意思是 老陈〉王明月
笑问,8,无粉丝牌,vgjs这么吊
一杯清酒敬过往,18,小僵尸,eg这么猛？
乾坤无用,12,无粉丝牌,爱明月更爱川菜！
三分C,17,无粉丝牌,最强赛区
Mr0769,6,无粉丝牌,看看积吧
ruoyu2,15,无粉丝牌,江湖告急
棋武山唯一教父老僵尸,15,无粉丝牌,川菜去找女生宿舍过七夕了
奔三基佬1,17,点子王,うｇｙｔｇｙｙｙｋｌｇｇ６ｔｔｔｒｒｇｂｇｋｋ
停药一年的李二狗,9,集团军,ts真的打不过中国队吗
来拿人头啊,21,集团军,胜者组估计还是lgd和nb两个了
点一下玩一年,17,小僵尸,35吧
枫头十足233,21,小僵尸,ts外战
skty1234,14,小僵尸,就是说你也要下饭？
Heach,3,无粉丝牌,北美最强赛区
火枪恐惧症,15,无粉丝牌,vgjs
AtlantisJuem,26,小僵尸,打中国队没气势
尘封的记忆69,3,无粉丝牌,E
asshole111,6,无粉丝牌,又说TNC是最鱼的?
苦练卡尔总是坑,19,小僵尸,败者组4个中国队
悲伤乔治,10,点子王,什么沙雕浏览器
小王子92922,14,无粉丝牌,ts少赛几场啊
旧旧旧叮,30,无粉丝牌,ts不是中国？
花蟹粥,18,菜菜瑟,NB今晚估计要打VGS 秘密 VP
JustinCP3,22,小僵尸,北美最强赛区骑脸了啊
桓温,4,无粉丝牌,七夕不陪川菜
1520377911,7,无粉丝牌,ts国内聊借钱，国外对不了解啊
腮帮过大5209,13,小僵尸,全要去败者组了啊
乖乖龙滴咚,22,肉丁,那这是为什呢
skadi之刃,12,无粉丝牌,vgj真的强啊
暗黑部氕氖気,43,小僵尸,最菜北美战队.
寒影月竹,7,无粉丝牌,明天lgd nb 真要好好研究了
deprave25,18,小僵尸,当年wings打中国队也不厉害
桓温,4,无粉丝牌,B组形势很乱
风行雨不行,20,小緑帽,nb
wocaonidayeooo,7,无粉丝牌,TS内战藏阵容 外战猛如虎
笑问,8,无粉丝牌,op被nb送了两份啊
毕竟信仰灬,21,小僵尸,看今晚吧
忧伤暮舞,6,无粉丝牌,tnc宝哥说最弱的?
尘封的记忆69,3,无粉丝牌,EG还是强啊
消费卡,16,胖头鱼,大家败者组见！
停药一年的李二狗,9,集团军,3兄弟争夺一个回家名额
Heach,3,无粉丝牌,真北美最强赛区了啊
尽逍遥1226,3,无粉丝牌,nb剩下3场好艰苦
落丿殇,22,无粉丝牌,B组最后这三兄弟竞争激烈啊....
混混小狐狸,17,小僵尸,nb输了op0:2 不应该啊
Kyrene,9,无粉丝牌,你算错了 TS是3-6
千万人的人复核人,7,无粉丝牌,看ig了
AmerAlBarkawi,9,无粉丝牌,233333333333
至高君王玛尔扎哈,16,无粉丝牌,败者组四个中国队
変態的小喪尸,17,小僵尸,sb nb吸ts血，这下危险了
寒影月竹,7,无粉丝牌,再输真近不了胜者组
节灵夙,32,蜀军,三个队打循环
BananasQQ,11,无粉丝牌,vg起来了
cbzzyz,4,无粉丝牌,3-4是什么鬼
黄翔有鸟吗,4,无粉丝牌,现在表现好的都是打预选的队伍
毕竟信仰灬,21,小僵尸,今天太关键了
教皇乌尔班,13,无粉丝牌,最强赛区
我是鸡儿吗,10,无粉丝牌,看看人家的vg
魔性小浪菊,19,无粉丝牌,最强赛区
xdmhj,19,无粉丝牌,这样看北美三个名额还是有说法啊
史蒂芬1,17,无粉丝牌,中国队团伙垫底
stajj,3,无粉丝牌,OG这么菜的吗
Dagger_X,13,影魔王,北美最强赛区了呀
曲瑞年,9,憨厚哒,北美果然是最强赛区
淡然1995,4,无粉丝牌,看信仰之路呀DD
shuaian,13,小僵尸,一开始说TNC是鱼的排第二
zhangxn,24,小赢僧,NB应该是5-5
池有所依,24,小僵尸,b组焦灼
平真丶,16,918,360极速浏览器，最好的浏览器你说shaidi
SchUmiFan4eVeR,41,小僵尸,几个最热门的都有点惨啊
gandalfr614,19,集团军,最强赛区北美
thanksmoon213,20,影魔王,苏美尔兄弟两包揽两小组前二·
卑微的谎yaN,7,无粉丝牌,liangg VGJ?
DC_xiao琛,9,影魔王,咚咚咚又是全平吗
Notatall,23,点子王,最强赛区
Genkishi,15,无粉丝牌,你这个没更新
风行雨不行,20,小緑帽,nb送了op两分啊 不然op没了
2B不仅只是铅笔,26,小僵尸,五五开
十元真是太美了,15,无粉丝牌,说北美最强的人自己垫底
yoga__,10,集团军,usa usa usa
落丿殇,22,无粉丝牌,VGJS这么虎？
别问绝活,17,小僵尸,北美最强赛区了
冷枫龙小匀,22,小僵尸,nb居然送了op两分
dtfhxsa,3,无粉丝牌,最强赛区
曳尾涂中,23,小僵尸,打爆了啊。
lbj530722601,3,无粉丝牌,使用回车可以快速发送弹幕
史蒂芬1,17,无粉丝牌,中国队成了TI赛上的垫底团体
8GEXY,4,无粉丝牌,nb啊 专送最菜的
无限子,5,小僵尸,++
NightCraw1er,7,小僵尸,OP还不是NB送温暖。。。
han0712,7,小僵尸,刚打完的还没更新
GED丶十年平凡之路,24,250,cn中下游水平
狂笑之蝠,21,无粉丝牌,wings2.0?
星夏奇缘,13,无粉丝牌,别想了TS不可能是wings
剑与鸟,21,小肚皮,三幻神战绩都不太好啊
6436737522,20,小僵尸,nb个垃圾
素质素质聊,13,小僵尸,继续奶
魔性小浪菊,19,无粉丝牌,开始奶了
瓦塌喜瓦塌,12,纳小寒,lgd呢？
板蓝根冰激凌,3,无粉丝牌,Vgjs是不是中国队
Anran_orz,6,无粉丝牌,TS不是中国队吗？
哦嗨哟丶,13,集团军,叫川菜啊
超凡五星胖头鱼,19,小僵尸,？？
shuaian,13,小僵尸,记得刚开始解说峰哥说内幕消息TNC是于
岚苍夜冥,17,集团军,B组除了VGJS都有可能被淘汰
乖乖龙滴咚,22,肉丁,你讲个原因啊
逢魔L,12,Quin,鲁迅牛逼啊
梓坤,18,小8路,这还是NB送了OP两份，不然就一分
2soon,4,无粉丝牌,W33在哪个队啊现在
qiuyiquan45620,13,麦浪,天梯分都是低一个等级的怎么打嘛
离线,41,QQ酱,最强赛区没毛病啊，PPD实力打脸
yuiop0,4,无粉丝牌,意思是中国队被外国队厉害？
zhangxn,24,小赢僧,有句话叫年纪轻轻别看**
停药一年的李二狗,9,集团军,说北美最强的是ppd吧
乱doctor,22,噜噜噜,最强赛区打肿刀斯林的脸
小硕cc,12,无粉丝牌,vgj   s  是哪国的
Sterope,21,无粉丝牌,NB怎么赢的TNC啊，现在居然第二卧槽
水O原,17,集团军,北美最强赛区
Miruacleruaruarua,3,无粉丝牌,……
就像流星划过天边,30,点子王,北美就是最强赛区啊，你看排名第一的都是北美的
胡彦彦彦,6,无粉丝牌,武侠
节灵夙,32,蜀军,VGJS北美队
yueqing89,12,小僵尸,不败神话EG
渝万丶向清晨,5,无粉丝牌,昨天不是说这个TS很强的吗 仅次于三幻神
耗子扛大刀满街找老猫,24,小僵尸,NA DOTA BEST DOTA
Czaisaka,11,无粉丝牌,今天中国队战绩还可以接受啊
dnfpk主播加油,16,无粉丝牌,中国队又不是第一次垫底了 该夺冠还是要夺冠
断点风吹过,14,无粉丝牌,不看
停药一年的李二狗,9,集团军,肯定输了 不用看
wocaonidayeooo,7,无粉丝牌,EG就是小组赛一轮游的货
love410739823,24,小僵尸,阿奶不去吃饭吗
天空无痕sky,16,神机營,年级轻轻
hky0221,14,小渣男,别 心脏不好
Mario丶焱枫,31,小僵尸,别看。。
哦嗨哟丶,13,集团军,不用看，肯定输
停药一年的李二狗,9,集团军,nb打得过vp？
wdqsxyk,19,小僵尸,送了送了
skipjo,16,小僵尸,3
Notatall,23,点子王,不能看
wangrunhang1230,7,无粉丝牌,LGD和NB都踩着胜者组的编啊。
skadi之刃,12,无粉丝牌,nb酱
lovexiaod,9,无粉丝牌,？？？？？？？？？？？？？？？？
毛利元就,13,小僵尸,你就来了。。
代号郭嘉,22,无粉丝牌,偶数年没有强力表现
linmaxxx,3,无粉丝牌,肯定输了 没啥好看的
节灵夙,32,蜀军,小组赛最后一名淘汰
去年39,24,小肚皮,NB是打哪个队都有希望，然后从不让人失望
时丶序,11,影魔王,NB打vp不是被吊打
花臂皮卡丘小男孩,22,朴妹,gg
skipjo,16,小僵尸,;;3313                       ／;
hjk159,15,小僵尸,？
飞往海南小火龙,14,集团军,毛子的熊怎么变色了？
出龙心的火枪手,4,无粉丝牌,pain gaming
原味豆奶,22,小僵尸,？？???
狂笑之蝠,21,无粉丝牌,??????????????
MaybeBlinK,26,点子王,别奶
白州白州,11,集团军,NB那场 不用看了吧
yhhh666,7,无粉丝牌,fn很弱吗
23452345,18,全针,你又开始了
剑与鸟,21,小肚皮,别奶啊
落丿殇,22,无粉丝牌,FN不弱的，不好说
池早早早早,22,无粉丝牌,别奶呀
zailai911,3,无粉丝牌,不一定的
天空无痕sky,16,神机營,gg
梓坤,18,小8路,？？？LGD？
断点风吹过,14,无粉丝牌,？？？？
rzy2116133,14,小僵尸,？？？？
女流66的老公,11,无粉丝牌,66666666666666666666
CloudHuzy,10,无粉丝牌,？？？
毕竟信仰灬,21,小僵尸,？？？？
曳尾涂中,23,小僵尸,？？？
吾皇的猫粮,21,小赢僧,？？？？？？？？？？
情话与狗iiii,17,小僵尸,继续奶
Sakura丶rovor,17,小僵尸,？
skipjo,16,小僵尸,0
祎心向鞠,21,无粉丝牌,666666
花落为谁吟,10,无粉丝牌,？？？？？？？？？？？？
板蓝根冰激凌,3,无粉丝牌,Vgjs
风吹裤裆毛不乱,25,小僵尸,???／
hehewuwu,24,无粉丝牌,。。。。
8GEXY,4,无粉丝牌,？
小油馍胡辣汤,31,小僵尸,中国队抱团取暖，互相给点分
发生大幅度升高,4,无粉丝牌,VGJ？
complexity,22,无粉丝牌,你别奶了啊
小王子92922,14,无粉丝牌,fanatic真的弱吗
剥虾白猪啵啵痒痒,18,小渣男,gg
fengyilove,16,小僵尸,GG
Ahthur,7,无粉丝牌,呵呵
yukihiki,6,丶刀哥,fn很强啊
xdmhj,19,无粉丝牌,？？？？？？？
寂寞数学帝,6,无粉丝牌,做梦呢啊
洋洋很漠然,24,集团军,喂屎警告
澳服背锅侠,21,点子王,fnatic现在第二啊
lwx91025,14,小僵尸,滚，别奶
淡淡的雨涵,8,影魔王,gg
功夫大龙翼,15,小钻風,一口奶
Louhwz11,13,小肚皮,fnatic不弱的
曾四凡,5,无粉丝牌,FN5-3
白州白州,11,集团军,？？？？？？
Apparitionsc,35,李鸽,你是人啊ngg
Heach,3,无粉丝牌,fnatic现在第二
shangdgod,7,无粉丝牌,今年中国崩中崩啊
天涯独奏light,24,小僵尸,39-1警告
低调隐忍杀戮,22,小僵尸,忘了0：2了？
头有点大丫,15,小僵尸,DD接锅？
wdqsxyk,19,小僵尸,fnc小组第二
那个男人lei了lei了,20,集团军,fnc 很强好吧
呆萌糖小豆,24,甜老二,NB已经走远了
停药一年的李二狗,9,集团军,悬空寺告急了 奶侠
大喵喵喵喵,5,无粉丝牌,老干爹是什么几把队
我的小太阳丶丶丶,16,小僵尸,？？？fn现在第二
给我十秒握个手,21,无粉丝牌,fn第二 lgd第4 凭啥啊
qq_LiwHyV,12,小僵尸,jj
节灵夙,32,蜀军,血战
Kyrene,9,无粉丝牌,FNC现在小组排名在LGD之上啊
单排就是克制,18,小僵尸,nb打不过这两个队的
板蓝根冰激凌,3,无粉丝牌,Vgjs是不是中国队
毛利元就,13,小僵尸,血战啊
111wt,19,小僵尸,lgd 肯定是一场胜利啊
要没时间了咩,22,小僵尸,NB明天0-4
tomo123,4,无粉丝牌,fnatic怎么说也是39-1李逵，凭什么
就像流星划过天边,30,点子王,Lgd现在什么逼样心里没数吗
lanklelong,19,小僵尸,你妈逼牙
忧伤暮舞,6,无粉丝牌,你能不能早点啊
放下球球,18,无粉丝牌,看不起我永仁？？？？
hehewuwu,24,无粉丝牌,反买别墅靠海
13711333,7,无粉丝牌,3154
阿绿的zado,26,小僵尸,LGD后面再输要败者组了
时丶序,11,影魔王,又是要被吊
大嘉嘉丶,13,无粉丝牌,LGD打不过fn?
紫拉加奈卡紫拉跌四,4,无粉丝牌,胜个屁，fnc39-1液体
萬年童贞君,5,无粉丝牌,明天感觉nb要炸
Mario丶焱枫,31,小僵尸,别看。。。。。
yhhh666,7,无粉丝牌,文艺复兴啊，dd
落丿殇,22,无粉丝牌,NB明天两场大战....打VP和VGJS
隐刀小鱼,14,小僵尸,NB接下来全是血战
饮尽沧海,31,一发,ig不输ftm的话形势就好了
青色浮屠,19,小僵尸,看好全败
白州白州,11,集团军,FNC比LGD成绩好多了
至高的弟子,11,无粉丝牌,无视VGJ?
HAOREN在路上53880,8,小人参,感觉全败者组  拭目以待
睡死的狐狸,14,小钻風,EG这么强吗
hky0221,14,小渣男,年纪轻轻看什么nb
ZXAYY,16,无粉丝牌,suibianda
阿么呃呃呃,3,无粉丝牌,话不要说太满
单排就是克制,18,小僵尸,nb打这两个队绝对0-4
冷枫龙小匀,22,小僵尸,nb明天全是硬仗
小白猪饲养员预备役,18,小僵尸,vgjs血强真的血战吗
rmx19870602,18,无粉丝牌,Fnc小组第二
丶咕嘿嘿,14,集团军,撸神无敌
Chanyip,8,无粉丝牌,等于说明天要看两场nb
幻想之镜,15,点子王,newbee要输
上个账号好难,15,无粉丝牌,nb估计回家了
沉睡wh,27,点子王,福利局 10点
忧伤暮舞,6,无粉丝牌,不直播说个话啊
东航帅机长,4,无粉丝牌,nb赢vp直播剁吊吃掉！
hjk159,15,小僵尸,两场胜利
寒影月竹,7,无粉丝牌,明天nb全是大战
lcowhuod,3,无粉丝牌,明天newbee血战
落丿殇,22,无粉丝牌,EG打李逵好看啊
花蟹粥,18,菜菜瑟,NB能平就行真的
停药一年的李二狗,9,集团军,奶帝侠 悬空寺告急了
summerripple,26,学姐,血虐
祎心向鞠,21,无粉丝牌,NB明天估计是0-4
我永远喜欢雪之下雪乃,16,无粉丝牌,小看EESAMA 要你好看
零零八三,5,无粉丝牌,不是互啄吗
Mario丶焱枫,31,小僵尸,明天0-4 NB
婉莹的颜值粉,15,集团军,NB有什么好看的
耗子扛大刀满街找老猫,24,小僵尸,感觉今年冠军木得了
Niddhogg禹,18,小僵尸,Nb只要针对鲁迅就能行
JorAx,23,小僵尸,皮鞋
一杯清酒敬过往,18,小僵尸,eg和李逵好看啊
别回头,17,无粉丝牌,武林告急
时丶序,11,影魔王,nb明天肯定是0-4了
hjk159,15,小僵尸,这才是两场胜利
迷人怒,20,点子王,十字岭告急
梅原大狗,9,无粉丝牌,看eg李逵啊
変態的小喪尸,17,小僵尸,nb输op赢ts是什么心态?
星夏奇缘,13,无粉丝牌,看eg
晨曦阿斯达斯,12,小僵尸,nb血炸
Heach,3,无粉丝牌,？？？
断点风吹过,14,无粉丝牌,不看
乔果果儿,13,无粉丝牌,今年别做梦了 洗洗睡吧
grandpe,29,无粉丝牌,中外互啄
过马路233,7,无粉丝牌,互啄？？
小天AA,5,无粉丝牌,0～
婵念丶,21,萌王王,想看EG打液体
gandalfr614,19,集团军,eg李逵
dnfpk主播加油,16,无粉丝牌,??????????
Ailols丶喵喵,18,无粉丝牌,EG 李逵这场有点意思
ruoyu2,15,无粉丝牌,杨家村告急
萌萌D哈斯本德,21,小痒虫,肯定看EG打李逵啊
cute欧吉桑,10,无粉丝牌,肯定看eg打液体啊
啊哈哈哈12345,12,无粉丝牌,胜者组还有没有人了
hjk159,15,小僵尸,看eg
花蟹粥,18,菜菜瑟,0-6
azurebullet,13,听松,肯定看eg打液体啊
会喷水的小马哥,16,小僵尸,还看呢 丢人
未注册的人,13,小僵尸,江湖搞基啊弟弟
5151asd,18,集团军,看eg啊
Kyrene,9,无粉丝牌,不看EG打李逵 看VGJ？？？？？？？？？？？？？？、
精通睡觉,5,无粉丝牌,肯定看EG大液体啊
Mario丶焱枫,31,小僵尸,EG打 李逵不看？？
婉莹的颜值粉,15,集团军,NB最好他妈一轮了，省得气人
rocny,20,小人参,不想看菜鸡
痒痒虫的小婊贝,23,小僵尸,看EG打李逵啊
rocb84,13,无粉丝牌,中外菜鸡互啄
stormer1st,9,无粉丝牌,看eg李逵啊
w1691987055,3,无粉丝牌,看eg李逵啊
Low比想要gank朕,12,全针,啄，啄tmd
xdmhj,19,无粉丝牌,不如液体eg好看
zoids,20,小僵尸,看EG打液体啊
缘梦似冷,19,小人参,肯定看eg液体啊
笨拙的奔跑者,16,无粉丝牌,肯定看EG打液体啊
开心蘑菇,30,小僵尸,肯定看EG啊 还用想
SPE的荣耀,14,无粉丝牌,肯定是看EG打李逵
shinanhua,18,小僵尸,菜鸡互啄
skadi之刃,12,无粉丝牌,eg打液体啊
dfghjklzxcvbnmqwe,5,无粉丝牌,看eg打李逵
spyzdt,3,无粉丝牌,积分呢
国服第一高手黄翔,14,影魔王,希望ts能够挺进
⑨_ao4,24,无粉丝牌,这不看EG打液体？
核桃6666666,8,无粉丝牌,李逵 eg好看
逢魔L,12,Quin,eg李逵
loverlover,20,小肚皮,VGJ就算了吧
Acorn洛桃,21,无粉丝牌,看EG打液体
8GEXY,4,无粉丝牌,eg李逵啊
乖乖稻草2010,25,小烈驴,OG和VGJ都垫底
笑问,8,无粉丝牌,og
小胡子0大叔,12,影魔王,vgj有什么好看？
音十一0w0,16,朴妹,不看eg 李逵？不看eg 李逵？不看eg 李
别说话上车,17,点子王,nb明天拿分了你是不是去吃屎
fanfan213,13,集团军,eg 李逵好看啊
30位汉字和数字i,7,无粉丝牌,newbee明天难打但是打出来了对气势提升
忘发烧了额,18,小僵尸,NB从来就没赢过OP  就是菜而已
DOUYULXZ,6,无粉丝牌,生死战啊
lzj08,18,无粉丝牌,血战
Acpromise,12,小僵尸,说一定0-4的等着打脸？
音十一0w0,16,朴妹,不看eg 李逵？不看eg 李逵？不看eg 李逵
hky0221,14,小渣男,菜鸡互啄
游心,7,无粉丝牌,EG打李逵呀
gonna丶1,34,小僵尸,看vgj
xdmhj,19,无粉丝牌,不看互啄啊
looady,21,小僵尸,龚原告急
耗子扛大刀满街找老猫,24,小僵尸,今年成绩可能不如去年
小硕cc,12,无粉丝牌,vgjs是哪的啊
Heach,3,无粉丝牌,肯定看EG打李逵啊
大殿下666,3,好女孩,Eg打不过液体
看着主播吹牛,17,小僵尸,心态你妈了个b，输赢是用嘴说的？
hjk159,15,小僵尸,肯定eg李逵 榜首之争
sacmilan,19,小僵尸,不看巅峰对决 看互啄？
胡彦彦彦,6,无粉丝牌,。。。
小白猪饲养员预备役,18,小僵尸,菜鸡互啄
不朽之守护2018,20,影魔王,【你就说哪个要回家了？？！】
停药一年的李二狗,9,集团军,杨家村 村妇被掳走了 请求支援
青色浮屠,19,小僵尸,OG挺强的
毛利元就,13,小僵尸,血战。。
外貌协会会长,24,196,OG马一样
Kyrene,9,无粉丝牌,我没搞错吧 肯定看EG打李逵啊
complexity,22,无粉丝牌,菜鸡互啄啊
音十一0w0,16,朴妹,不看eg 李逵？不看eg 李逵？不看eg李逵
离线,41,QQ酱,大家1:1握手言和，一起被这组
夜焱黯伤,15,小僵尸,"一gay我里giaogiao,呀吼"
最爱水者灬鱼,39,小肚皮,互啄
点烟不用火,22,小赢僧,旗鼓相当的对手
多少钱美女,21,小緑帽,真血战
LastGuardian,11,无粉丝牌,nb
夜雨骑驴入剑门,15,小痒虫,血战
音十一0w0,16,朴妹,不看eg 李逵？不看eg 李逵？不看eg 李逵
stajj,3,无粉丝牌,回家局
薛定谔的裤裆,10,小僵尸,卢本伟的？
萌蛋de祖传代码,19,小僵尸,奶子 我在你网页收藏夹看到了overlord
一只老毛驴,28,小僵尸,eg稳定胜者组了 不一定会认真打
单车老师不睡觉丶,22,汽车人,vgjs不行的  赢了几个垃圾队
曳尾涂中,23,小僵尸,琢。。
悲伤乔治,10,点子王,啄啊
Heach,3,无粉丝牌,互啄
大大坑爹,10,小僵尸,.
背景里的我,17,无粉丝牌,EG液体啊 肯定好看
weapon丶X,27,小緑帽,明天都是血战了
skadi之刃,12,无粉丝牌,互啄啊
就是要出圣剑,23,集团军,几几开？
星夏奇缘,13,无粉丝牌,eg李逵 提前决赛
风吹裤裆毛不乱,25,小僵尸,1:1
音十一0w0,16,朴妹,不看eg 李逵？不看eg 李逵？？？？？？？？
Notatall,23,点子王,？？？
9看看不说话,14,点子王,看幻神内战啊
至高君王玛尔扎哈,16,无粉丝牌,互啄
斩s爱,12,雪美眉,?????
节灵夙,32,蜀军,互啄
沉睡wh,27,点子王,赛马
炭烧饭团,28,无粉丝牌,上香警告
complexity,22,无粉丝牌,几几开？
Low比想要gank朕,12,全针,什么开？
yueqing89,12,小僵尸,外围中国夺冠赔率再疯狂拉满 庄家不看好中国了
hjk159,15,小僵尸,菜逼vgj有什么好看的
胡萝卜到底辣不辣,24,小僵尸,啄
放下球球,18,无粉丝牌,？？？？？？？
xdmhj,19,无粉丝牌,肯定看强者对决啊
Mario丶焱枫,31,小僵尸,明天 TS打OP是 回家局了
xxxx9120,10,无粉丝牌,几几开？
啊哈哈哈12345,12,无粉丝牌,几级开
功夫大龙翼,15,小钻風,eg  李逵有看点
游心,7,无粉丝牌,EG打李逵最精彩吧
祎心向鞠,21,无粉丝牌,菜鸡互啄
PaDooooo,12,大马猴,谁的？
SweetNightmare,13,飞儿,vgj今天还行的
路路麋鹿鹿丶,19,小僵尸,互啄
不打脸好吗,30,小肚皮,巅峰互啄
你今天真二,4,无粉丝牌,卢本伟
米紫瞳,12,小僵尸,啄
寒影月竹,7,无粉丝牌,感觉不是55开
羊羊虫虫虫,21,小痒虫,几几开?
胡彦彦彦,6,无粉丝牌,幻神啊
苦练卡尔总是坑,19,小僵尸,什么开？
ooxiany,9,无粉丝牌,五五开牛逼
吃两把鸡睡觉,14,无粉丝牌,不看
你好莫在缇,23,无粉丝牌,鲁本为？
skadi之刃,12,无粉丝牌,几几开
毛利元就,13,小僵尸,谁输谁回家系列
yhhh666,7,无粉丝牌,什么开？
Akkyon,72,小僵尸,？？？
朝阳吴彦祖007,12,点子王,没意思
辣椒面加酱油,9,无粉丝牌, 几几开？
断点风吹过,14,无粉丝牌,菜鸡互啄
狸QAQ,19,集团军,交啄
朝阳吴彦祖007,12,点子王,不看
yueqing89,12,小僵尸,外围中国夺冠赔率再疯狂拉满 庄家不看好中国了.
麽麽大人,15,无粉丝牌,55开：？？？？？？？？
NANCYZ,4,无粉丝牌,赛马
MaybeBlinK,26,点子王,看eg打液体或者是lgd的
屁屁卡丘,8,小8路,菜级互啄
放下球球,18,无粉丝牌,消费过世主播
cute欧吉桑,10,无粉丝牌,菜鸡互啄看毛线
红山顶淫油湿人,8,无粉丝牌,不看
nightmare47,22,小僵尸,彩笔何苦为难彩笔
PaDooooo,12,大马猴,几几开的？
停药一年的李二狗,9,集团军,奶侠 杨家村大量村妇被掳 请求支援
松江区长熊半城,22,401,几几开？？
complexity,22,无粉丝牌,肯定看EG打液体啊
陈信宖,4,无粉丝牌,vgj有什么好看的
魔性小浪菊,19,无粉丝牌,不看
幻想之镜,15,点子王,1:1握手言和
我说的不都对,21,小僵尸,打的彩笔是的谁看
在下头很硬现在满头包,18,小僵尸,啄
65sd4f6r54b,12,小僵尸,几几开？
笑问,8,无粉丝牌,不看不看
Max100001,17,无粉丝牌,看EG打液体
别回头,17,无粉丝牌,江湖告急
门德斯,15,小僵尸,看液体、
linmaxxx,3,无粉丝牌,菜鸡互啄
DOUYULXZ,6,无粉丝牌,肯定中外对抗啊
缘梦似冷,19,小人参,这场好看啊
de_cz,16,小僵尸,肯定看强强对话啊
Xss丶666,16,无粉丝牌,看好看的啊
会喷水的小马哥,16,小僵尸,丢人
节灵夙,32,蜀军,互啄的不看
程胖子91,5,无粉丝牌,bukan
999jk,12,点子王,小组赛而已呀
素质素质聊,13,小僵尸,文战可以聊一哈
yukihiki,6,丶刀哥,拙
剥虾白猪啵啵痒痒,18,小渣男,vgj看了来气
踌躇的伏羲,20,蛋蛋摇,看啊
Kalexjn,4,无粉丝牌,菜鸡互啄
狮子座滴女人,17,小僵尸,江湖告急了啊，奶哥哥，做川菜了啊！
痒痒虫的小婊贝,23,小僵尸,年纪轻轻看什么VGJ
袄特慢,14,无粉丝牌,不看菜鸡
shuaian,13,小僵尸,肯定优先看中外对抗啊 别搞了
周海洋的儿子,23,无粉丝牌,消费过世主播？
derickwh,14,小8路,不看
小僵尸RUA丶无痕丶,31,小僵尸,LGD拿下IG呀
看片莫bb,8,无粉丝牌,不看
呆萌糖小豆,24,甜老二,对VG和VGJ一点兴趣都没有
xdmhj,19,无粉丝牌,互啄啊
IMBA_疯兔,13,小僵尸,交啄 不看了
999jk,12,点子王,看精彩的
紫拉加奈卡紫拉跌四,4,无粉丝牌,菜鸡互啄有啥好看的
odinlwq312,19,无粉丝牌,几几开？
weapon丶X,27,小緑帽,肯定要中外对抗
炯炯123,16,小僵尸,都是败者组，有啥看的
爱迪生07,8,无粉丝牌,肯定看eg液体啊
rocny,20,小人参,太啄！
核桃6666666,8,无粉丝牌,不看
loverlover,20,小肚皮,不好看 啊 看个瘠薄
1225115962,6,无粉丝牌,肯定是EG液体啊
ericlou,6,无粉丝牌,看厉害的呀
矔疏影子,9,小僵尸,eg跟液体肯定得看啊
hjk159,15,小僵尸,不看
silva900713,14,小僵尸,看皮鞋
就像流星划过天边,30,点子王,菜鸡互啄
音十一0w0,16,朴妹,菜鸡互啄看啥？菜鸡互啄看啥？菜鸡互啄看啥？菜鸡
YaphetS痕迹,8,影魔王,五五什么？
Du_MHT,8,无粉丝牌,菜鸡互啄
微微豆莱,25,点子王,怕被喂屎
折翼的光盘,5,无粉丝牌,不看
毛利元就,13,小僵尸,谁输谁回家的话肯定看啊
Mario丶焱枫,31,小僵尸,看JB  菜鸡互啄
大殿下666,3,好女孩,不看菜鸡
再见了Vincent,6,无粉丝牌,菜鸡互啄
迦迦迦若的霸霸,8,无粉丝牌,中国队有点鸡啊
I老夏I,22,小僵尸,看幻神对决啊
不撸炮不舒服斯基,20,小僵尸,EG 李逵好看啊
倾城的温柔maoge,25,小僵尸,消费去世主播
音十一0w0,16,朴妹,菜鸡互啄看啥？菜鸡互啄看啥？菜鸡互啄看啥？
建国大液,20,小僵尸,肯定看好看的啊 你傻啊
逢魔L,12,Quin,不看
善ssss,4,无粉丝牌,不看，看强队啊
lcowhuod,3,无粉丝牌,丢人
随缘而来乘风而去,32,17丷,不看呀 肯定是强强对决好看呀
laozhong1217,20,无粉丝牌,啄
vivyking0121,18,小僵尸,是的
July东谐黄药师,21,小乌贼,狭路相逢我是dd
lalahimhim,16,无粉丝牌,EG2:0李逵都好说
朝阳吴彦祖007,12,点子王,肯定看好看的啊
dasSein,8,无粉丝牌,不看
婉莹的颜值粉,15,集团军,NB的比赛绝逼不看
哀之月,3,无粉丝牌,肯定看EG打马体啊  强强对抗
伪静态,18,小僵尸,.........
开心蘑菇,30,小僵尸,肯定看强队对抗啊
大大坑爹,10,小僵尸,菜鸡互啄有什么好看的
夼啦啦啦啦,19,影魔王,神仙打架
精通睡觉,5,无粉丝牌,不看，菜鸡互啄有啥好看的，我们要看EG打液体
変態的小喪尸,17,小僵尸,sb弹幕带你🐴节奏呢，看你🐴eg
ymlgyfyx,21,小肚皮,肯定啊
狂笑之蝠,21,无粉丝牌,VGJ废物队
Acorn洛桃,21,无粉丝牌,蔡成这样有什么看的
ooxiany,9,无粉丝牌,eg打液体好看
MonGarit,8,无粉丝牌,eg现在强势啊
可怜今昔月,3,无粉丝牌,这不废话
观刈麦v,3,无粉丝牌,菜鸡队有什么看头
渣渣辉rua,23,小僵尸,菜鸡互啄
魔性小浪菊,19,无粉丝牌,看个毛，肯定看eg打液体
萌萌D哈斯本德,21,小痒虫,肯定啊
三年之后的约定,23,小僵尸,菜鸡互啄看J8
yhhh666,7,无粉丝牌,我卢本伟没有开挂
yukihiki,6,丶刀哥,交啄有什么好看
773786772,4,无粉丝牌,不看
飞翔的荷兰松鼠,18,小肚皮,看vgj吃屎吗？
夜雨生烦G,15,小僵尸,质量差太多
王老汉又偷粪,23,小僵尸,不想看菜逼流畅
战在月光下,3,无粉丝牌,不看，看巅峰对决
核弹粉作宝搞,18,小僵尸,中外对抗阿谁出线很关键！
核桃6666666,8,无粉丝牌,看
龙骑谢俊豪,3,无粉丝牌,看几把
突破天际的白菜,21,小僵尸,谁乐意看菜鸡互啄
丶Einsteinium,12,小僵尸,好看啊
2158187a,4,无粉丝牌,EG打液体
Kyrene,9,无粉丝牌,看质量啊 菜鸡互啄有啥好看 EG打液体好看啊
苦练卡尔总是坑,19,小僵尸,不看
qaz56703813,12,影魔王,是的
Ahlee,18,小僵尸,VGJ有鸡儿好看的
Change4712,4,无粉丝牌,菜鸡互啄看毛
ZHUMAIL,28,总监,菜鸡互啄
那个男人lei了lei了,20,集团军,肯定啊 
stajj,3,无粉丝牌,才ca
NightCraw1er,7,小僵尸,肯定看EG液体啊
GodofThunder,11,无粉丝牌,不看，中国队太挫
3140176927,19,无粉丝牌,yes
Aspettii,18,小僵尸,喜欢看强队
SPE的荣耀,14,无粉丝牌,看互啄？？
complexity,22,无粉丝牌,丢人啊
比我知道,17,小僵尸,肯定啊
不吐不快dzy,16,无粉丝牌,肯定啊
gonna丶1,34,小僵尸,vgj啊
血契丶,13,小僵尸,看个JB 肯定看强队啊
停药一年的李二狗,9,集团军,决赛语言为什么不看
lkh3744,21,口苗,反正lgd粉除了lgd都不看
豹纹加菲猫,11,小僵尸,请不要消费过世主播
乡关何处H,12,无粉丝牌,是的额
xiao8666,8,无粉丝牌,看EG
楼外青楼山外山,9,无粉丝牌,三幻神之战啊
玉渣,4,狗斯特,菜鸡互啄有什么意思
美丽的Audrey,22,小钻風,VGJ辣眼睛不看
恋爱裁判,3,无粉丝牌,菜鸡不看
梅原大狗,9,无粉丝牌,决赛预演你不看？？
jelinak,19,集团军,菜鸡互啄和高手对决看哪个？
ricky8971,19,小僵尸,肯定看好看的 
洛川扬,13,小荔枝,强强对决啊
烈焰中鬼之二五,11,小僵尸,强强对决
I老夏I,22,小僵尸,总决赛提前上演
版纳吃酒兽,11,无粉丝牌,EG
看片莫bb,8,无粉丝牌,eg打李逵 决赛啊
alexdashen,21,小僵尸,好看啊 当然要看
暗黑部氕氖気,43,小僵尸,丢人啊
皓月云烟,20,小烈驴,菜鸡互啄  不想看
一个耀眼的ID,16,小肚皮,废话
上个微博上不了了,16,一发,肯定eg打液体好看啊
Q11e9fda63ad5a4cb8,3,无粉丝牌,匡威eg
xdmhj,19,无粉丝牌,啄啊
pp416,14,小僵尸,不看
在下先背锅为敬,18,小僵尸,我怕血压拉满
马猴烧酒QAQ2333333,15,无粉丝牌,看eg啊
红山顶淫油湿人,8,无粉丝牌,肯定看好看的呀
爱吃面的小绿米,13,无粉丝牌,是啊
代号郭嘉,22,无粉丝牌,菜的不看
Sophisticater,23,小僵尸,菜鸡互啄看个几把
曳尾涂中,23,小僵尸,看精彩的啊
AtlantisJuem,26,小僵尸,强队好看啊
排骨250g,3,无粉丝牌,柴鸡互啄
Heach,3,无粉丝牌,互啄有什么好看的
逢魔L,12,Quin,是的
wocaoo,8,无粉丝牌,瞬间爆炸
婵念丶,21,萌王王,液体的比赛好看啊
912941455,10,无粉丝牌,丢人
sazery,18,小肚皮,看eg liquid啊
MaybeBlinK,26,点子王,感觉不精彩
秋啵儿123,4,无粉丝牌,yes
pcpsabc,15,无粉丝牌,是的
我们lgd不可战胜,8,无粉丝牌,不看菜鸡互啄啊
773786772,4,无粉丝牌,菜鸡互啄没意思
路陆露录鹿撸,6,无粉丝牌,肯定啊，菜鸡互啄也要看？
头嘎得,16,无粉丝牌,菜J 互捉不看
Sakura丶rovor,17,小僵尸,菜鸡互啄有什么好看的
wcs0129,17,小僵尸,eg 打液体好看啊
撩你的同桌,11,小8路,幻神之战
1223948745,12,无粉丝牌,vgj那么废物有什么好看的
IloveLolita,11,无粉丝牌,菜鸡互啄
就像流星划过天边,30,点子王,菜鸡互啄，凭什么看
乡关何处H,12,无粉丝牌,中国队 没撒号看的
带嘎猴诺嗨,14,无粉丝牌,垃圾皮鞋流畅，看了太恶心
lapulasilalala,15,无粉丝牌,看水平高的， 没毛病啊
婉莹的颜值粉,15,集团军,皮鞋可以看看的
sinyan922,13,琴浅z,废物皮鞋没看头
lilililiya,11,Ln,神仙打架才好看
IMBA_HIJ,5,无粉丝牌,看eg打李逵
啊哈哈哈12345,12,无粉丝牌,废物皮鞋有啥好看
4Yeah,24,猛男,不敢看...
谁的心中充满了不服,4,无粉丝牌,不看newbe
啊嚯,8,无粉丝牌,看EG啊
xiao8666,8,无粉丝牌,EG
Eddie222,14,小僵尸,让流畅去死 看液体EG
feilong24567,3,无粉丝牌,看EG和马体谁厉害
寒影月竹,7,无粉丝牌,奇迹哥锤暴sumail啊
5151asd,18,集团军,研究一下对手啊
Xfcmy,22,小僵尸,看菜鸡互啄干嘛？
lanklelong,19,小僵尸,看你妈vgj
薛定谔的柴郡喵,5,无粉丝牌,看eg打李逵好吧
退役99号,19,小緑帽,菜鸡互啄看毛
叫我沈先生,22,小僵尸,Eg打液体多好看啊
YaphetS脑残粉,19,四豆儿,看啊
1244445555,4,无粉丝牌,菜鸡互啄有啥看呀
ice丶时雨,23,小僵尸,EG打液体好看啊
版纳吃酒兽,11,无粉丝牌,看液体
小天AA,5,无粉丝牌,采集护着
周海洋的儿子,23,无粉丝牌,eg打液体不比菜鸡互啄好看
梦飞任自由,7,无粉丝牌,bukan
也无风雨也无晴222,14,小僵尸,看刘畅丢人？
6012785,21,集团军,看eg
不打脸好吗,30,小肚皮,肯定看巅峰互啄啊
一生惊罔满身风霜,16,正直,祖国队啊
hjfydhdj,7,无粉丝牌,vg两队已经被开除国籍了
lzj08,18,无粉丝牌,谁会去关注菜鸡啊
secret213,7,无粉丝牌,看高水平
冷枫龙小匀,22,小僵尸,讲道理中外对抗第一优先级
折翼的光盘,5,无粉丝牌,看jb中外抵抗
凌灬弑神,8,无粉丝牌,vgj有什么好看的
shallowstraw,13,无粉丝牌,没比赛了？
lld3138,11,无粉丝牌,vgj有鸡儿看透啊
魔性小浪菊,19,无粉丝牌,互啄看个毛线
白鸽飞出,6,小僵尸, vg j有什么好看的
愁丶,19,小人参,交啄有啥好看的
笔友biubiu,26,无粉丝牌,EG牛逼！！（破音）
Tien_Yeon,23,无粉丝牌,EG这状态，不看一下吗？为什么要看菜鸡互啄
lkh3744,21,口苗,反正干瘪粉除了他们主子都不看
沥泉泉今天中奖了,20,月饼饼,你们看的都输了啊
养猪场的屠夫,11,集团军,看啊，再丑也要支持
Ailols丶喵喵,18,无粉丝牌,别问，丢人
矔疏影子,9,小僵尸,神仙打架啊
李丶三旬,23,集团军,笑傲江湖
风吹裤裆毛不乱,25,小僵尸,肯定看高手过招啊
shuaian,13,小僵尸,肯定看中外对抗 别搞了
精通睡觉,5,无粉丝牌,不看，菜鸡互啄不想看。我们要看EG打液体
乐韵11,19,无粉丝牌,不是关键局就看强队啊
KinGoDDD,3,无粉丝牌,肯定看EG啊
乡关何处H,12,无粉丝牌,中国队今年GGGGGGG
老陈今天ob素素了吗,25,小痒虫,菜逼不配解说
xdmhj,19,无粉丝牌,肯定看好看的啊
哈皮朴朴33,3,339,vgj看了睡不着啊
胖不了的番茄,3,无粉丝牌,江湖告急啊
Low比想要gank朕,12,全针,废物皮孩看他个鸡儿
ooxiany,9,无粉丝牌,几几开？
kagura,18,小僵尸,看什么vgj
那个男人lei了lei了,20,集团军,强强对抗不看得咯？
Broxigar012,19,小僵尸,看VGJ比吃屎还难受
王的尐裤衩,3,无粉丝牌,液体没看头，最后一把分高的可能会演
Hippier,3,无粉丝牌,好看啊
哦嗨哟丶,13,集团军,菜鸡活捉有什么看得
丨喵丶喵丶喵丶,15,小僵尸,只认强队 不认菜鸡
花落为谁吟,10,无粉丝牌,菜鸡互啄有什么看的
Jamie1990,13,小霸天,别看老干瘪就行
天柴XXX,22,小僵尸,菜鸡互啄不好看
瞎眼鲶鱼,3,无粉丝牌,蠢啊，要看精彩的
hky0221,14,小渣男,看外战不会被喂屎
核桃6666666,8,无粉丝牌,看新幻神打老幻神啊
唔吾吴,20,无粉丝牌,看什么菜鸡互啄
GosuGarry,13,小8路,老陈天下第一
dision12312,12,小僵尸,肯定看eg呢
三千星海,17,小僵尸,肯定看好看的啊
展展同桌哎,22,小8路,要看强强对抗，
2158187a,4,无粉丝牌,这俩对决定冠军走势呀肯定看火星撞地球
梨一号1,20,乃木坂,谁管他输赢，反正走不远
虽然没去开房,21,小僵尸,我们欣赏比赛来的 谁爱看菜鸡互啄
秋啵儿123,4,无粉丝牌,我看好液体好吧
ROTK对不起,26,集团军, 屌霸天昨天唱了啊
雪天使,27,小僵尸,看毛！杨家村告急啊
胡桃军我们走,24,小僵尸,成龙长的
ngx20,5,无粉丝牌,TI不看强队大战看什么TI
YaphetS脑残粉,19,四豆儿,不看液体
折翼的光盘,5,无粉丝牌,看强队打呀sb
琳丶雨,4,无粉丝牌,eg和液体打好看啊
玉渣,4,狗斯特,eg打液体才是巅峰对决呀
啊哈哈哈12345,12,无粉丝牌,你是想看皮鞋还是想看苏畅
停药一年的李二狗,9,集团军,成龙的
christina6666,12,影魔王,老陈天下第一
85978068,23,团宝宝,醉厨
飛_翔,21,无粉丝牌,醉拳
yhhh666,7,无粉丝牌,lost
多少钱美女,21,小緑帽,？？？？？？
JustinCP3,22,小僵尸,醉拳？
pp416,14,小僵尸,已经知道结果了，不看
老陈爹地卖油条,15,小僵尸,。。。。。。
Cogrey,6,无粉丝牌,不看皮鞋尿裤
那个男人lei了lei了,20,集团军,醉拳
痴汉张益达,11,无粉丝牌,55开？超级major上VGJT被OP双杀
MmmmAg1CZhaO,11,小僵尸,醉厨
棋武山唯一教父老僵尸,15,无粉丝牌,肯定交啄，看完来瞄一眼就行
最光阴sc,19,小僵尸,我翻翻又炒炒，加点辣椒
大海啊都是水aa,5,无粉丝牌,菜鸡互啄有什么好看的，看液体biao'ya
qaz56703813,12,影魔王,菜机有什么好看
点烟不用火,22,小赢僧,看流畅认爹吗
Takunohime,15,小僵尸,醉拳
狸QAQ,19,集团军,醉拳
I老夏I,22,小僵尸,厨子
机智K,17,小钻風,醉拳
不朽之守护2018,20,影魔王,【血压拉满。。。。】
MaybeBlinK,26,点子王,厨子
可言浮生,24,小僵尸,有啥好看的，我要看苏跳跳，苏跳跳牛逼（破音）
goeeyes,18,小僵尸,举头王明月
云之墨,16,小僵尸,菜鸡互啄没啥好看的
a69828611,20,小僵尸,欧冠不看跑去看亚冠吗
吃药小蚂蚁,19,无粉丝牌,看看排名
乖乖稻草2010,25,小烈驴,醉拳
讲道理啊噢,11,196,颠勺
Cartial,18,无粉丝牌,醉拳
complexity,22,无粉丝牌,燃烧我的卡路里
stajj,3,无粉丝牌,菜鸡互啄打得焦灼才好看
胖头兄妹坐断钢筋,11,小僵尸,vgj不敢看
起来嗨一晚,20,小僵尸,醉厨
FishingPlanet,14,无粉丝牌,神仙打架，菜鸡互啄，你看哪个？
alxunge,15,一发,大风车
提笼看鸟,5,无粉丝牌,看中国队啊 看你麻痹 李逵
不吐不快dzy,16,无粉丝牌,幻神之战肯定要看啊
gonna丶1,34,小僵尸,醉拳
机智的小斗笔丶,35,小肚皮,醉拳
SPE的荣耀,14,无粉丝牌,醉拳
微微豆莱,25,点子王,醉拳
所谓的白菜,27,小人参,我只看强队，我崇尚力量
一起看电视,14,长鸽行,交啄不看
每天一卷纸,17,无粉丝牌,唱的就是你啊
幻想之镜,15,点子王,？？？
lr384485160,13,无粉丝牌,我翻翻又吵吵，加点辣椒
老陈今天ob素素了吗,25,小痒虫,醉拳？
HHHHHYYYYTTT,3,无粉丝牌,醉拳
毛利元就,13,小僵尸,肯定看中外啊。你们是中国人不
会喷水的小马哥,16,小僵尸,xinq上线？
9看看不说话,14,点子王,幻神大战不看看菜鸡互啄？
歪我把小绿帽送你好吧,15,小僵尸,醉拳
beckssky,18,小僵尸,老陈天下第一
去年39,24,小肚皮,菜鸡互啄，辣眼睛，不看
妄行无端,8,无粉丝牌,加点辣椒
丶咕嘿嘿,14,集团军,醉厨
Apparitionsc,35,李鸽,醉拳
毛毛猫猫,7,集团军,醉厨
停药一年的李二狗,9,集团军,成龙 醉拳啊
狸QAQ,19,集团军,醉拳 醉拳 醉拳
Geek小青菜,6,无粉丝牌,醉拳啊
yalld,24,点子王,他鱼吧有
o00ps,18,小肚皮,醉拳
带嘎猴诺嗨,14,无粉丝牌,好难过？
个性订制zippo,22,无粉丝牌,醉拳
君寒111,16,小痒虫,醉拳
节灵夙,32,蜀军,点点又到到，加点辣椒
哦嗨哟丶,13,集团军,醉拳
含笑g,26,集团军,醉拳啊
MustCarrymyteam,7,无粉丝牌,液体交EG做人啊
冷雨萱的小驯酱,19,集团军,看录像啊
送外卖的帅哥,32,无粉丝牌,vgj什么臭鱼烂虾
巴黎铁塔2016,19,小僵尸,醉拳
xuanyuancaojie,21,无粉丝牌,肯定看冠亚军的呀，
兽獸我去阜阳见你,33,小痒虫,老陈天下第一
哈皮朴朴33,3,339,醉拳
mansoss,16,小肚皮,颠勺
YHCC飛滒,23,小僵尸,醉拳
Vurtne_86G,4,无粉丝牌,看LGD被EG暴打？？1
噶改改改,16,集团军,zuiquan
捕捉寂寞,39,401,EG打李逵的 看看
ImKael,14,小僵尸,我颠颠又炒炒 放点辣椒
点烟不用火,22,小赢僧,醉拳
放下球球,18,无粉丝牌,让刘畅被ana尽管单杀吧
394325637,6,无粉丝牌,五人齐
cdcdcd998,15,小僵尸,醉厨
咱家的宝宝哟,27,小僵尸,加点辣椒
一户一田羊,19,小僵尸,#取消关注
风吹我在飞,6,无粉丝牌,厨神
Master_VAN,7,无粉丝牌,川你的飞机
aswcan,7,无粉丝牌,皮鞋的比赛
心灵震撼安得切尔,15,小僵尸,江湖告急
dinglao8,23,蜀军,那你世界杯，不是挑精彩的看的？
平行线537,4,无粉丝牌,江湖告急
洛川扬,13,小荔枝,我颠颠又炒炒，再加点辣椒
宿命摩羯丶,26,小僵尸,醉拳
hky0221,14,小渣男,我颠颠又炒炒
moonhuhuhu,4,无粉丝牌,看下成绩
zZzZzZzZzZ7,10,无粉丝牌,学川叫
风沙中一粒尘,14,小8路,xinq正在玩dota2
skadi之刃,12,无粉丝牌,举头望明月
BigShoW11,21,集团军,看vgj还不如看俩电脑互推
Notatall,23,点子王,EG打液体是总决赛提前上演
这波好稳啊,14,小僵尸,我颠颠又炒炒，放点辣椒
豹纹加菲猫,11,小僵尸,我颠颠又炒炒？
144000532,9,无粉丝牌,菜鸡互啄有啥好看，看强强对抗啊
卑微的谎yaN,7,无粉丝牌,强队啊 菜鸡互琢没意思
cassanovaa,27,无粉丝牌,醉拳
白香蕉721,27,点子王,除了干爹的比赛其他中国队不用看
AtlantisJuem,26,小僵尸,醉拳
alxunge,15,一发,大风车，只有只哟哟的转
踌躇的伏羲,20,蛋蛋摇,看中外对抗
狂笑之蝠,21,无粉丝牌,李逍遥在玩什么游戏啊
HDHDHDHD3,16,大马猴,燃烧我的卡路里
odinlwq312,19,无粉丝牌,我颠颠又抄抄加点辣椒？
课堂时间,23,小僵尸,屌大的说下LGD被谁2:0
提亚tea,7,无粉丝牌,龙泉
o00ps,18,小肚皮,醉拳1
bencao314,15,集团军,566在玩把妹？
胖不了的番茄,3,无粉丝牌,墨文重剑已被拔出，江湖风起云涌
笨尼宸宸12345,6,无粉丝牌,你说足球看中国踢缅甸，还是法国踢巴西
kershawl,8,Quin,燃烧我的卡路里
呵呵伊笑,26,小电鸡,颠勺
玉渣,4,狗斯特,中国队就ts的比赛想看一下
迷途浪子11,16,小僵尸,醉拳
wljcjhdzsy,48,点子王,颠颠又炒炒 放点辣椒
丿当时只道寻常,10,无粉丝牌,反正干瘪粉 就看他爹的
宁允,29,洋肉串,我颠颠又炒炒 加点辣椒
GH亦啊奕,22,小僵尸,我翻翻又抄抄，加点辣椒
停药一年的李二狗,9,集团军,去把川菜怼起来啊
JustinCP3,22,小僵尸,我颠颠又炒炒，加点辣椒
vivyking0121,18,小僵尸,醉厨
请不要太想我,16,小僵尸,我颠颠又炒炒放点辣椒
提笼看鸟,5,无粉丝牌,外国狗 疯狂输出
孤独观测者,10,小肚皮,我颠颠又炒炒 再加点辣椒
qq772418144,16,影魔王,武侠？？？？？？？？？？？
一杯清酒敬过往,18,小僵尸,醉拳都不知道？
剑与鸟,21,小肚皮,我翻翻又炒炒，再加点辣椒
阿普啊噗啊噗,27,我九,看高手对决，不看菜鸡互啄
离线,41,QQ酱,今年EG 液体必有一夺冠，TI2冠王
librairis,8,无粉丝牌,不看没准能赢，看了绝对输
shuaian,13,小僵尸,皮鞋今天还可以
仁德都敏俊,9,小僵尸,啊啊啊啊啊啊啊啊啊啊啊啊啊啊啊啊啊啊啊啊啊啊
白州白州,11,集团军,颠勺
天孤地影任我行,10,无粉丝牌,我颠颠又炒炒 加点辣椒
Geek小青菜,6,无粉丝牌,我颠颠又吵吵 加点辣椒
啊哈哈哈12345,12,无粉丝牌,那么喜欢看皮鞋的比赛？
环游的行星,23,小僵尸,我翻翻又吵吵 加点辣椒！
余较瘦,14,小僵尸,李逍遥在玩情圣游戏?
xdmhj,19,无粉丝牌,这不看奇迹打跳跳？
情话与狗iiii,17,小僵尸,我颠颠又吵吵 放把辣椒
ImKael,14,小僵尸,我颠颠又炒炒 放点辣椒 我做菜不用刀 只需配料
alxunge,15,一发,武侠
给我十秒握个手,21,无粉丝牌,这是原唱啊
停药一年的李二狗,9,集团军,杨家村告急了
超级远,5,无粉丝牌,。。。。
枫哥我是你的小僵尸呀,23,小僵尸,我翻翻又炒炒，加点辣椒
斩s爱,12,雪美眉,233333333333
机智的兔子,14,无粉丝牌,来个歌词
chang5422,16,小僵尸,奶子弟 你为啥没收藏宝哥tv呀
YaphetS脑残粉,19,四豆儿,看vgjt啊
芒果不忙嘿,26,无粉丝牌,哈
每天一卷纸,17,无粉丝牌,湘厨 开灶了啊
夜雨松风寒,22,影魔王,颠勺
ImKael,14,小僵尸,我颠颠又炒炒 放点辣椒 我做菜不用刀 只需配料~~~~~~~~~~~~
我是鸡儿吗,10,无粉丝牌,……
豹纹加菲猫,11,小僵尸,我颠颠又炒炒加点辣椒
歪我把小绿帽送你好吧,15,小僵尸,辣辣辣辣
complexity,22,无粉丝牌,呼哈
呵呵伊笑,26,小电鸡,我颠颠又炒炒  加点辣椒
SPE的荣耀,14,无粉丝牌,我颠颠又炒炒，加点辣椒？？
花落为谁吟,10,无粉丝牌,需要一手歌词
lwx91025,14,小僵尸,这他妈是原厂
云飞扬_,17,小僵尸,呼 哈
黔吻鹤归,20,小皮鞋,谢斌你录像不上传的吗 专业一点啊
腮帮过大5209,13,小僵尸,我翻翻又炒炒
落雨禅风,19,小僵尸,十字岭？
complexity,22,无粉丝牌,呼哈！
每天一卷纸,17,无粉丝牌,湘厨 该开灶了啊 
Miruacleruaruarua,3,小僵尸,川菜来了吗？
wocaonidayeooo,7,无粉丝牌,EG明显小组赛一轮游的货色
叶幽楼,14,小僵尸,王进打高俅
HHHHHYYYYTTT,3,无粉丝牌,这是原唱
小白猪饲养员预备役,18,小僵尸,我颠颠有炒炒。。
捶捶捶捶人,15,小僵尸,来个填词哥呀
胖胖鱼t,8,小僵尸,哈
rmx19870602,18,无粉丝牌,我翻翻又炒炒，加点辣椒
茶倒七分满9527,19,小荔枝,。。。。4
王天堂丶,16,小僵尸,武侠义走起来
艾默里奇,22,无粉丝牌,喝！哈！
majiejia,18,小僵尸,这个是原版
老陈爹地卖油条,15,小僵尸,美标 American Standard 马桶
哈皮朴朴33,3,339,呼 辣
胖胖鱼t,8,小僵尸,哦哈
不给台阶下,4,无粉丝牌,除了vg双熊不看
小小梦幻远航,12,小僵尸,我颠颠又炒炒 加点辣椒
a7277853,18,RAlN,草草？
曳尾涂中,23,小僵尸,呼哈
Apparitionsc,35,李鸽,我颠颠又炒炒加点辣椒
遗忘丶意志,19,小僵尸,w哦颠颠又炒炒，加点辣椒
连营的陆伯言,3,无粉丝牌,宝哥宝哥，vgjs算外国队吗？
beckssky,18,小僵尸,《老陈天下第一》啊
猴子请来的逗B丶,20,集团军,歌词呢
mutilliang,23,无粉丝牌,这个词还是个女词人写的
帅到没鱼豆,3,无粉丝牌,霍
今天天气不错啊,20,小僵尸,奶哥哥，胡伟立
GED丶易安250,33,250,辣辣辣辣
点烟不用火,22,小赢僧,我颠颠又炒炒，放点辣椒
謊言800丶,20,点子王,加点辣椒
打死我的都是大哥,17,集团军,我颠颠又抄抄 放点辣椒
xiaofengxiaofengxiaofeng,13,小痒虫,歌词啊。
帅到没鱼豆,3,无粉丝牌,哈
别说话上车,17,点子王,eg跟液体不可能夺冠
zhaosax,5,无粉丝牌,听 川菜版的
恋爱裁判,3,无粉丝牌,我颠颠又炒炒加点辣椒
我爱大头菜,7,无粉丝牌,报警啦
芳草斜晖丶,13,无粉丝牌,他微博下面有个评论有歌词
Notatall,23,点子王,醉拳你没听过？
nuoba24,5,无粉丝牌,看叼霸天唱的
强神668,3,无粉丝牌,还有首偷功
哈皮朴朴33,3,339,来歌词
打死我的都是大哥,17,集团军,锅里乾坤我最知道
专吃小朋友123,11,小8路,我颠颠吵吵
天秀的天,22,点子王,我颠颠又炒炒，放点辣椒，不用刀啊不用刀
踌躇的伏羲,20,蛋蛋摇,eg不可能的
ES过马路,23,小僵尸,"中国队都这样了还敢去闯荡江湖 <img class=""chat-emotion"" rel=""dy102"" src=""https://shark.douyucdn.cn/app/douyu/res/page/room-normal/face/dy102.png?v=20170626"" />"
只送飞机的萧同学,40,小僵尸,奶大厨，到饭点了该做菜了呀
帅到没鱼豆,3,无粉丝牌,嚯哈
ImKael,14,小僵尸,我颠颠又炒炒 放点辣椒 我做菜不用刀 只需配料~~~
狸QAQ,19,集团军,叼霸天有唱的啊
九天大聖,47,辣椒儿,川菜的歌可以出专辑了
峰剩下的晚餐,24,小僵尸,上川菜
夜袭水帘洞,17,17丷,整
pp416,14,小僵尸,这是川菜的BGm吗？
ReMind_AAA,17,小僵尸,来个水友写个歌词给豆子唱一下呀
伟大吸铁石,15,小僵尸,歌词啊。你个逼
dy围观,18,无粉丝牌,素质
胖头鱼你他娘的真帅,15,无粉丝牌,黄翔在玩
imba_tTt,16,集团军,叼霸天昨天刚唱的啊
胖不了的番茄,3,无粉丝牌,杨家村告急
老陈爹地卖油条,15,小僵尸,有川菜版了
13861803060,11,集团军,??????
豹纹加菲猫,11,小僵尸,把万种的调料付之一勺
明月无边,11,无粉丝牌,？？？这么早休息？
花落为谁吟,10,无粉丝牌,不是看个片子么
mooooonster,15,小僵尸,醉拳
cay008,20,集团军,打电话啊
环游的行星,23,小僵尸,我颠颠又炒炒 放点辣椒！
toystan,10,点子王,算
军道杀拳周某,9,囧菌菌,宝哥？
狂笑之蝠,21,无粉丝牌,宝哥宝哥
star312462567,13,无粉丝牌,天天的中单
淡淡简简,23,小僵尸,宝哥？
思念之秋,39,点子王,宝哥。。。
大头爸爸与小头儿子,15,小僵尸,这就休息了
haige2253,24,小僵尸,北美的
亞洲氣質帥哥,21,小8路,？
小2354aaa,19,无粉丝牌,我颠颠又炒炒 放点辣椒 我做菜不用刀 只需配料
云飞扬_,17,小僵尸,宝哥可还行
咱家的宝宝哟,27,小僵尸,中国赞助呀
棋武山唯一教父老僵尸,15,无粉丝牌,看老陈的鱼吧，有歌词
lkh3744,21,口苗,反正干瘪粉把其他中国队都开除国籍了 让他们自己嗨吧
jxae233142,20,小僵尸,宝哥？？？
恋爱裁判,3,无粉丝牌,？？？？？？
王的尐裤衩,3,无粉丝牌,宝哥？
梁賎賎,13,猪芳芳,宝哥？？？
奥斯汀德扑第一高手,17,小僵尸,宝哥？
天天吃饭也不胖,10,小僵尸,宝哥
风吹我在飞,6,无粉丝牌,宝哥？
Ahlee,18,小僵尸,宝哥？
炭烧饭团,28,无粉丝牌,宝哥？
Ailols丶喵喵,18,无粉丝牌,宝哥？
cute欧吉桑,10,无粉丝牌,毕竟北美最强赛区
Ibanezlol,16,小肚皮,宝哥？
1SiNa,8,无粉丝牌,baoge?
曳尾涂中,23,小僵尸,宝哥？
lyxknight,11,小僵尸,昨天叼霸天唱了
Heach,3,无粉丝牌,肯定啊
Turningnever,23,小僵尸,宝哥？
401丶Sella的眼线,32,401,宝哥在哪a a
读到晨曦来,24,小僵尸,宝哥？
功夫大龙翼,15,小钻風,宝哥什么鬼
Apparitionsc,35,李鸽,宝哥还行
风行雨不行,20,小緑帽,宝哥 哈哈哈
啊哈哈哈12345,12,无粉丝牌,外奸队
俺叫彰德帅,16,小僵尸,宝哥？
Mario丶焱枫,31,小僵尸,宝哥。。。
飛_翔,21,无粉丝牌,看是在哪里注册的
YomitsukiRuna,8,无粉丝牌,生日快乐
wz790566190,9,无粉丝牌,哈哈哈哈哈
不再改ID丶阿拉,36,集团军,"川菜版的啊<img class=""chat-emotion"" rel=""dy111"" src=""https://shark.douyucdn.cn/app/douyu/res/page/room-normal/face/dy111.png?v=20170626"" />"
NANCYZ,4,无粉丝牌,宝哥？？？
冷剑随风100,18,耀西,宝哥？
只送飞机的萧同学,40,小僵尸,宝哥？？？
哈密哈哈哈哈哈哈,5,无粉丝牌,哈哈哈哈哈哈哈哈
renzhek,7,无粉丝牌,林书豪的队
grandpe,29,无粉丝牌,VGJT算中国队吗
啊猫啊狗啊伦,8,无粉丝牌,宝哥？？
花香香灬,26,小僵尸,宝哥
Goat姜,19,小僵尸,宝哥nb
夜雨松风寒,22,影魔王,宝哥？
laozhong1217,20,无粉丝牌,宝哥？
善ssss,4,无粉丝牌,宝哥？？？
怎么玩不起啊,33,小僵尸,宝哥宝哥
树下雨中,30,小僵尸,....
QL水瓶座,14,集团军,斯内克？
544688264,10,无粉丝牌,曲线救国
65sd4f6r54b,12,小僵尸,宝哥？
天天吃饭也不胖,10,小僵尸,红红火火恍恍惚惚
吹歌,22,小僵尸,宝哥?
暗黑部督军御帝哥哥,44,泰迪妮,宝哥？
117halo,16,小赢僧,宝哥？？？？
HHHHHYYYYTTT,3,无粉丝牌,老陈鱼吧有
飘雪林城,15,小僵尸,奶哥
skynice,14,小僵尸,？？？宝哥？
清水仙君,13,小僵尸,宝哥还可以
ImKael,14,小僵尸,我颠颠又炒炒 放点辣椒 我做菜不用刀 只需配料
ReMind_AAA,17,小僵尸,豆子好久没给老陈献歌了
养猪场的屠夫,11,集团军,一张专辑估计还放不下
可乐丶Co1a,15,小僵尸,宝哥？
天冷,13,无粉丝牌,饱嗝~~~?
tftftf159,4,无粉丝牌,都没中国人啊
熊大大我一,30,大马猴,宝哥宝哥？
二珂的憨憨粉,18,二珂,宝哥还行
sacmilan,19,小僵尸,大巴黎算中国队吗
amagicbright,11,无粉丝牌,vgjs是中国队，LGD是外国队
七宝小小明,20,小緑帽,宝哥生日快乐
kagura,18,小僵尸,宝哥宝哥
亞洲氣質帥哥,21,小8路,宝哥宝哥  你长枪为什么这么吊
龙骑谢俊豪,3,无粉丝牌,overload好看吗奶哥哥
yolo987,18,小僵尸,宝哥？
MaybeBlinK,26,点子王,DD你疯了吗
BurNing0007,16,小僵尸,宝哥
奈何龙骑割韭菜,13,无粉丝牌,？？？？？？
Tira洛猫,35,Quin,生日快樂
往事随風乀,21,小僵尸,你困了
在海深处,10,无粉丝牌,哈哈哈哈宝哥
hky0221,14,小渣男,鲁迅是外国的？
明月无边,11,无粉丝牌,吃个鸡下播好吧 
呆萌糖小豆,24,甜老二,原来奶子和宝哥是一个人，暴露了
liaozhenbang,11,小僵尸,正不正
浓烟下的诗歌电台1,11,无粉丝牌,宝哥中午好
天涯独奏light,24,小僵尸,代播实锤
謊言800丶,20,点子王,杨家村告急
血契丶,13,小僵尸,歌词不对啊
道术之隙,7,无粉丝牌,斯内克？？？？
53923636,7,无粉丝牌,宝哥？
Shellyes小遗忘,7,无粉丝牌,奶哥哥奶哥哥lgd算外国队么
贫困山区的孩子丶,13,大司马,不算
放下球球,18,无粉丝牌,宝哥生日快乐
怪少年,6,无粉丝牌,老陈天下第一啊
莫甘娜之泪,11,无粉丝牌,奶哥哥听川菜版啊
东方明珠后入案,15,小僵尸,宝哥？？
TENTI,6,无粉丝牌,生日快乐
D的格调,7,点子王,算半个西恩队啊
豹纹加菲猫,11,小僵尸,看老陈鱼吧有歌词
odinlwq312,19,无粉丝牌,问宝哥你回答个毛？
波鲁那雷吱,4,无粉丝牌,宝哥nb
alxunge,15,一发,宝哥。ts算中国队么
猪猪男孩Zard,21,王佩,宝哥你麻痹啊 你困了谢斌
环游的行星,23,小僵尸,放点辣椒～
大梁帅气又稳重,16,小僵尸,不存峰哥直播间？？？？？？？？？？？？？？？？
tkmntkmn,19,集团军,duo
一脸稀烂,36,鸽子鬼,宝哥？？？
猛如虎,18,无粉丝牌,问宝哥 你说个毛
Rinker,6,无粉丝牌,宝哥生日快乐
shuaian,13,小僵尸,这里是斗鱼最强复读机的直播间吗
逝水亦无痕,16,小僵尸,宝哥牛逼
complexity,22,无粉丝牌,我斯内克对付你自有妙计
欢my,10,无粉丝牌,其实我想说我很喜欢皮鞋啊，为什么不看
打死我的都是大哥,17,集团军,大巴黎算法国队吗？
瓦叫小光丶,13,无粉丝牌,宝哥变音器石锤？
周海洋的儿子,23,无粉丝牌,峰哥nb
xiekeayh,11,无粉丝牌,你该休息了
碧空万里,12,无粉丝牌,杨家村告急啊
徐小怂怂怂怂,14,小烈驴,还有比赛吗？？？？？？？？
捶捶捶捶人,15,小僵尸,叼霸天几点场唱的呀
1137711010,16,小僵尸,ts是中国队吗
淡然1995,4,无粉丝牌,看信仰之路呀奶哥哥
星云哥哥老公粉,21,小僵尸,蛇哥
紫拉加奈卡紫拉跌四,4,无粉丝牌,编弹幕
豹纹加菲猫,11,小僵尸,老陈鱼吧有歌词
pp416,14,小僵尸,叫什么宝哥，叫斯内克
伟大吸铁石,15,小僵尸,你麻痹啊，好蠢
Conejo,19,无粉丝牌,宝哥？
埃克斯奥特曼,23,小痒虫,川菜版啊
怪少年,6,无粉丝牌,歌放错了
BurNing0007,16,小僵尸,奶哥哥
SKH22,8,无粉丝牌,宝哥宝哥 vgjt和vg算中国队吗
清晨巴士,21,无粉丝牌,听川菜版的
xdmhj,19,无粉丝牌,枫哥枫哥，vgjt是中国队吗？
小天AA,5,无粉丝牌,这位兄弟生日快乐
只送飞机的萧同学,40,小僵尸,宝哥=奶子
Martinnnnnnn97,12,小僵尸,大巴黎算中国队吗
来看街机的,23,小僵尸,听川菜版
饮尽沧海,31,一发,宝哥宝哥，江湖告急。
平行线537,4,无粉丝牌,斯内克还是有妙计啊
小白安好,6,无粉丝牌,奶哥哥看下排名
不打脸好吗,30,小肚皮,宝哥宝哥 把奶子放出来吧
东方明珠后入案,15,小僵尸,编弹幕的水平不行啊
善ssss,4,无粉丝牌,谁问的？宝哥哈哈
讲道理啊噢,11,集团军,我颠颠又炒炒，加点辣椒，用万种的调料，付之一抄
214141231,7,无粉丝牌,哪里有川菜版
阿阿阿阿东,8,小僵尸,我翻翻又炒炒 再加点辣椒
点烟不用火,22,小赢僧,宝哥这个梗居然还有人记得
自古黄毛多话唠,20,小僵尸,宝哥？？ 你困了啊谢斌
我哥不得了,11,小僵尸,宝哥宝哥？？？
支持BBC,19,小肚皮,江湖乂
唔吾吴,20,无粉丝牌,psg肯定外国的
支持BBC,19,小肚皮,江湖乂！！
295358480,21,寅子,宝哥 你说今年中国冠军有戏嘛
Conejo,19,无粉丝牌,谢斌生日快乐
吹歌,22,小僵尸,卧槽 ，原来我看的一直是斯内克呀
周海洋的儿子,23,无粉丝牌,林书豪的队也能算外国队吗
带嘎猴诺嗨,14,无粉丝牌,干了
那个男人lei了lei了,20,集团军,川菜得歌 加起来可以出几个专辑了好吧？
kajibu,8,无粉丝牌,去交公粮？
hjfydhdj,7,无粉丝牌,三秒
Turningnever,23,小僵尸,奶哥哥柠檬汁好喝吗
支持BBC,19,小肚皮,江湖乂！！江湖乂
fone39,36,小僵尸,翻翻炒炒
rayding,24,小僵尸,北美A，B组第一不是最强？
Notatall,23,点子王,干拉？这是一首CSGO歌曲
不用再说啦,17,小烈驴,广告来了？？？？？？？
1242478294,19,小僵尸,手快的，截图了吗
五倒老尸,6,集团军,鲁迅不是中国人吗
半仙or半人,20,点子王,宝哥这个梗哈哈哈哈哈哈
謊言800丶,20,点子王,你还有正事
路人乙丶乙,13,点子王,宝哥 宝哥 奶鸽鸽去哪了
该起床了兜,3,无粉丝牌,靠 壁纸哪里找
莫慢待,11,大马猴,广告
曾经白日梦蓝,22,集团军,锅里乾坤我最知道
stajj,3,无粉丝牌,那VGJT算中国队吗
头嘎得,16,无粉丝牌,泄露QQ号了
lolnvz,18,小僵尸,skr
就像流星划过天边,30,点子王,江湖啊
我不记得啦,15,小僵尸,悬空寺告急啊
hoy丶min,3,无粉丝牌,五魁首／
点烟不用火,22,小赢僧,心里明白我是大厨啊
麒零,18,小僵尸,江湖救急
3140176927,19,无粉丝牌,听吊霸天唱得录像啊
Wirus,36,小僵尸,买？
complexity,22,无粉丝牌,点子王总部
呆萌糖小豆,24,甜老二,？？？？？
曾四凡,5,无粉丝牌,打广告
七宝小小明,20,小緑帽,广告lei了
JustinCP3,22,小僵尸,？？？？？？？？
sleeperqp,16,小僵尸,666
啊哈哈哈12345,12,无粉丝牌,中国队这么打下去胜者组都费劲
冷雨萱的小驯酱,19,集团军,？
dnfpk主播加油,16,无粉丝牌,告辞
大师兄抱紧我,7,无粉丝牌,小小马？？
天元一品,8,无粉丝牌,真露是啥
毕竟阿蛋啊,16,无粉丝牌,宝哥宝哥，杨家村告急啊
曳尾涂中,23,小僵尸,买买买
a7277853,18,RAlN,擦
MaybeBlinK,26,点子王,哈哈
Fearles,16,无粉丝牌,电子王总部什么鬼
花香香灬,26,小僵尸,放广告就是正事？
夜袭水帘洞,17,17丷,。。。。。。。。。。。
I老夏I,22,小僵尸,别奶了呀
文万止,27,黑锅,？？？？？？？
jash1105,10,无粉丝牌,？？
ImKael,14,小僵尸,我颠颠又炒炒 放点辣椒 我做菜不用刀 只需配料~~~~~~~~~~~~~~~~~~~~
65sd4f6r54b,12,小僵尸,买买买
September久月,25,寅子,小黑皮
寒影月竹,7,无粉丝牌,别放了
强神668,3,无粉丝牌,偷功
袄特慢,14,无粉丝牌,88
謊言800丶,20,点子王,别说了，我买
xdmhj,19,无粉丝牌,别奶了
economy7,5,无粉丝牌,小寿星也过生日了？
天天躺,16,猛男,？？？？？？
夜焱黯伤,15,小僵尸,林书豪都不是中国人，队员更不是，你说呢
原味豆奶,22,小僵尸,不是邪恶吗
AuditoreMing,10,无粉丝牌,？？？
徐小怂怂怂怂,14,小烈驴,还有比赛吗？？？
芒果不忙嘿,26,无粉丝牌,买买买
紫拉加奈卡紫拉跌四,4,无粉丝牌,不用，快滚
你怎么那么熟练,18,小僵尸,？？？
水墨樣年華,7,无粉丝牌,去巴黎可以白日？
YomitsukiRuna,8,无粉丝牌,这声音太不搭了
喵sing,10,小僵尸,哈哈哈哈
微微豆莱,25,点子王,。。。。
cool019,20,小僵尸,我 梅西
mhiely,18,小僵尸,2333333333333333333
牛头W,37,点子王,买就完事了
不打脸好吗,30,小肚皮,白日
christina6666,12,影魔王,邪恶泰迪
乖乖稻草2010,25,小烈驴,巴黎白日···
丶咕嘿嘿,14,集团军,邪恶泰迪
等已经懂了,12,无粉丝牌,都要去败者组了，还喷临沂市
a6237042,12,无粉丝牌,???????
曲径通幽处_8Ha,12,无粉丝牌,邪恶
yukihiki,6,丶刀哥,霉瘪
恋风吹雪,8,小烈驴,gg
王的尐裤衩,3,无粉丝牌,我为邪恶
Notatall,23,点子王,巴黎白日，好狠
acm7toto,18,JSA,绝对正事
断点风吹过,14,无粉丝牌,不买
5636216,8,无粉丝牌,买买买
啊哈哈哈12345,12,无粉丝牌,圣洁泰迪
Zyfss,12,无粉丝牌,..................
tr223fgd,23,李大胆,圣洁？？
周海洋的儿子,23,无粉丝牌,别tm奶lgd了
勾勒丿,7,无粉丝牌,死亡宣传片
chr无敌,5,无粉丝牌,woc帅
DOUYULXZ,6,无粉丝牌,买买买别说了
白楠不会开滴滴,15,小僵尸,我买
Low到底,10,小烟头,邪恶泰迪追逐猎物
W395c44ad69cb72fa9,7,汽车人,白洁
中枪的路人,8,无粉丝牌,尴尬的一批
有毒啊你说,7,小僵尸,邪恶?
江山如霖,16,无粉丝牌,邪恶泰迪
池早早早早,22,无粉丝牌,我为邪恶老逼
renzhek,7,无粉丝牌,邪恶泰迪
BlaueReiter,12,无粉丝牌,谢斌qq：854206019
Kyrene,9,无粉丝牌,圣洁？？？？？？
Rinker,6,无粉丝牌,不怕奶死
pp416,14,小僵尸,好一个正事
13711333,7,无粉丝牌,白日
Pierrot27,13,小僵尸,邪恶
节灵夙,32,蜀军,买买买
夜袭水帘洞,17,17丷,哈哈哈哈哈哈哈哈  笑死我了
Harlan23333,10,小僵尸,买买买买买买买买买买买买买买买买买买买买买买买
去年39,24,小肚皮,菜鸡
Balaner,15,无粉丝牌,嘴不歪了？？
littlebooat,19,无粉丝牌,哈哈哈哈哈哈哈哈
ffffv,14,小僵尸,？别放了 放崩了
你怎么那么熟练,18,小僵尸,？？？？？
狸QAQ,19,集团军,不用，不买，滚
那个男人他擂勒,24,小僵尸,我一下低一下高翻翻炒炒在颠勺
红领巾擦鞋,21,小僵尸,尬广
Black小马兔,20,小僵尸,我要看他们说版本
周海洋的儿子,23,无粉丝牌,尬
kunye1369,5,无粉丝牌,死亡凌室
哈皮朴朴33,3,339,邪恶泰迪
GED丶十年平凡之路,24,250,？
小白猪饲养员预备役,18,小僵尸,死亡宣传片
kajibu,8,无粉丝牌,别奶了，LGD‘’
风吹我在飞,6,无粉丝牌,邪恶泰迪
kagura,18,小僵尸,邪恶泰迪
梦中斩龙,6,无粉丝牌,ALL IN LGD
点烟不用火,22,小赢僧,看大头三兄弟的采访啊
xdmhj,19,无粉丝牌,脸洗白了，不厉害了
在最好的地方等你,4,无粉丝牌,圣洁？
爱炒饭,20,小肚皮,别说了，凌仕黑
yunhuhude,20,小僵尸,被打爆了呀
呆丶德,3,无粉丝牌,广告词好蠢最有
Nekgned,5,无粉丝牌,太尴尬了
Shellyes小遗忘,7,无粉丝牌,Lgd是外国队么
叫我沈先生,22,小僵尸,Allin老干爹，内裤没得穿
o墨染青衣o,12,小僵尸,买买买
vivyking0121,18,小僵尸,邪恶泰迪
一栋88539001,14,点子王,小黑皮是这个声音么？意思是还整配音？
逝水亦无痕,16,小僵尸,球球你别奶了
撩你的同桌,11,小8路,昌平野人
支持BBC,19,小肚皮,小黑皮 怎么那么白
不再改ID丶阿拉,36,集团军,"买买买买<img class=""chat-emotion"" rel=""dy110"" src=""https://shark.douyucdn.cn/app/douyu/res/page/room-normal/face/dy110.png?v=20170626"" />"
啊哈哈哈12345,12,无粉丝牌,圣洁泰迪。
34121128,20,小皮鞋,嘴太歪了沃日
Mr_Seth,15,小赢僧,???????????
就像流星划过天边,30,点子王,别maybe了。。lgd这bp凉凉
祎心向鞠,21,无粉丝牌,66666666
大殿下666,3,好女孩,用你麻痹
给我十秒握个手,21,无粉丝牌,猎物
唐十一丶,14,小僵尸,这么惨还放广告
kajibu,8,无粉丝牌,别奶LGD了啊
点烟不用火,22,小赢僧,看厕所吃泡面啊
一一明日香,11,集团军,我很慌
棋武山唯一教父老僵尸,15,无粉丝牌,死亡宣传片
SnowZiYun,13,无粉丝牌,md 歪嘴巴
lwx91025,14,小僵尸,少妇白洁？
陈jx0727,4,无粉丝牌,vgjt回家了么
hoy丶min,3,无粉丝牌,我是眉笔。我现在慌得一笔
ashan77,17,啾小妍,这是啥啊
吻别似覆水ha,15,小僵尸,我干爹霉比 现在慌得一笔
人不猥琐枉少年,11,无粉丝牌,不用
zhaosax,5,无粉丝牌,什么鬼的广告词
在海深处,10,无粉丝牌,斜颚？
Fairy_Wind,21,无粉丝牌,？？？？
Ausliedy,15,小僵尸,圣洁泰迪
李亘001,5,无粉丝牌,已经崩了。。。
5636216,8,无粉丝牌,买买买买
大喵喵喵喵,5,无粉丝牌,老干爹都快凉了
表面兄第,14,无粉丝牌,我™买爆 好嘛 但是别放了
chifanle,15,无粉丝牌,。。。。
周海洋的儿子,23,无粉丝牌,eg2-0
hhhgddgh,12,无粉丝牌,欧莱雅挺好的
暴怒之子,25,小僵尸,死亡
尽逍遥1226,3,无粉丝牌,完犊子
情话与狗iiii,17,小僵尸,Cpyr
滴滴车轮滚滚,26,小僵尸,我是野人
Xii丶丶,23,小8路,？？？？？？？？？？？？？
头嘎得,16,无粉丝牌,泰迪
GOSKY000,4,无粉丝牌,唯一指定冠军 5-5？
紫拉加奈卡紫拉跌四,4,无粉丝牌,不用
LastGuardian,11,无粉丝牌,上个这种开场白的是 慌的一笔.梅西
豹纹加菲猫,11,小僵尸,一看就是配音啊
littlebooat,19,无粉丝牌,哈哈哈哈哈哈
zoids,20,小僵尸,233333333
阿岩射手,17,女流,问题来了 凌仕是啥
剑与鸟,21,小肚皮,用临时打dota
萌蛋de祖传代码,19,小僵尸,好尴尬
薛定谔的裤裆,10,小僵尸,强势打野。。
棋武山唯一教父老僵尸,15,无粉丝牌,死亡广告
2B不仅只是铅笔,26,小僵尸,死亡宣传片
等已经懂了,12,无粉丝牌,都去败者组了雪崩之势
我叫龙傲天天天,6,大马猴,....
蔡菜菜_,14,小僵尸,文案辞职吧。。。
ImKael,14,小僵尸,我颠颠又炒炒 放点辣椒 我做菜不用刀 只需配料。。。。。。。。。。。。。。。。
zbjjc,16,无粉丝牌,强势打野？？
觅风痕,22,点子王,厕所泡面在哪里看？
猛娚天降,13,小肚皮,野人？
寒影月竹,7,无粉丝牌,maybe不是c位啊
sy2142006,9,无粉丝牌,凌仕全锅
YPDxe,21,小僵尸,买买买
赛克瑞特,21,小僵尸,打野？
grandpe,29,无粉丝牌,圣 洁 泰 迪
yyzt816,15,小肚皮,尴尬
kunye1369,5,无粉丝牌,死亡
zk15998905531,6,无粉丝牌,就一个广告，无限发
wx84538859,14,集团军,有点帅
5233丶阿良,13,小僵尸,慌不慌？
你今天真二,4,无粉丝牌,秃了啊 眉笔
8GEXY,4,无粉丝牌,2333
ruoyu2,15,无粉丝牌,？？？？？
lolipopanran,14,无粉丝牌,小黑皮
不玩了玩毛,6,无粉丝牌,崩崩崩
renzhek,7,无粉丝牌,强势打野哈哈哈哈哈
原味豆奶,22,小僵尸,还行啊
来拿人头啊,21,集团军,有点小帅
捞陈加油,19,小僵尸,强势打野是什么东西。。
harrietbot,9,无粉丝牌,强势打野
孑舞丶倾城,8,爱哭喵,你立新规？？？
saizelda,20,小8路,大野？？？
viplxtx,16,小僵尸,买买买
xdmhj,19,无粉丝牌,脸洗白了，然后不厉害了
showhows,17,小渣男,66666666
XXOO00,4,无粉丝牌,放那个《他们说》的啊，让我们爽一爽
大表哥小表妹,10,无粉丝牌,打野？
一个嵩,12,小肚皮,打dota用凌仕干嘛
shangdgod,7,无粉丝牌,这广告是胖头帮你们拉的吗
断点风吹过,14,无粉丝牌,死亡广告
zackfair,34,无粉丝牌,6666
豆腐_qq,14,小肚皮,死亡广告片
3000分菜鸡,16,无粉丝牌,强势打野哈哈哈
米紫瞳,12,小僵尸,野人啊
Harlan23333,10,小僵尸,奶子D声音可以呀
hellolover,11,小僵尸,强势打野。。。
就像流星划过天边,30,点子王,Eg2比0lgd。
猪猪男孩Zard,21,王佩,用用用
桐谷直叶,13,无粉丝牌,邪恶泰迪
chen980206,16,无粉丝牌,被苏跳跳乱干
刀儿加贝,18,小僵尸,ALL IN
HHHHHYYYYTTT,3,无粉丝牌,野人用什么
道术之隙,7,无粉丝牌,我是野人。我用凌仕？？？？
YPDxe,21,小僵尸,买买买买买买
头嘎得,16,无粉丝牌,ALL IN
这波好稳啊,14,小僵尸,你打你马呢
huangshi8421,5,无粉丝牌,邪恶泰迪 昌平野人
kajibu,8,无粉丝牌,让你跳楼
花香香灬,26,小僵尸,买买买
回头太难12138,7,无粉丝牌,这文案是什么鬼？
关羽大意食米青粥,6,无粉丝牌,中单被锤爆，强势打野
小白猪饲养员预备役,18,小僵尸,那年ti前放广告的有好下场。。。
文不测字的青年,14,无粉丝牌,好尴尬的广告
紫拉加奈卡紫拉跌四,4,无粉丝牌,廉价，还冲鼻子
saizelda,20,小8路,ANA？》？？？
剑与鸟,21,小肚皮,怪不得状态不好，原来是用凌氏打的
Leondjn,15,401,破产了
忧伤暮舞,6,无粉丝牌,你还记得nb的死亡广告么
乖乖稻草2010,25,小烈驴,没胡子的MAYBEE少点味道
Turningnever,23,小僵尸,88888888
被灵包养的鸭,33,无粉丝牌,这文案有点烂
曾四凡,5,无粉丝牌,。。。。。。。。。
一个人high起来,21,小僵尸,ALL IN LGD
Notatall,23,点子王,我不是天生强大
会喷水的小马哥,16,小僵尸,梭哈 
MaybeBlinK,26,点子王,哈哈
fy1986,13,无粉丝牌,和蒙牛一样
岚苍夜冥,17,集团军,打你麻痹野？
不笑猫王子,42,点子王,ALL IN LGD的都死了
lr384485160,13,无粉丝牌,我是maybe，我有点慌
ZHUMAIL,28,总监,all in lgd
那个人看起来生气了,5,无粉丝牌,放你的屁
载颐,9,无粉丝牌,香水有毒
我喜欢的人很会啵,22,小僵尸,all in 洗白了呀
风吹我在飞,6,无粉丝牌,死亡宣传片
咖喱给给12,15,无粉丝牌,硬
寂寞数学帝,6,无粉丝牌,破产ALLIN
zangfushuang,6,无粉丝牌,？？？？？？？？？？？
地穴领主张浩瀚,15,猛男,.............这个配音有点尴尬啊
吃两把鸡睡觉,14,无粉丝牌,我 里奥梅西
super地球人,20,小僵尸,买买买
lincan911,10,无粉丝牌,全被送去败者组
Nekgned,5,无粉丝牌,好傻吊的广告
w3551361,14,小僵尸,让你倾家荡产
yoga__,10,集团军,邪恶泰迪被苏跳跳打爆了呀
晨曦阿斯达斯,12,小僵尸,。。。。
hhy547341927,12,无粉丝牌,，，，，，，，，，
松江区长熊半城,22,401,今年打不好 全是它的锅
啊哈哈哈12345,12,无粉丝牌,all in lgd 包输
夜袭水帘洞,17,17丷,哈哈哈哈哈哈哈哈哈哈
tr223fgd,23,李大胆,天猫厕所
斩s爱,12,雪美眉,666666666666
ConeySpell,3,无粉丝牌,再看一遍
我自沉沦,16,小僵尸,中单被打爆了转打野有问题？
机制的黄Q哥,10,无粉丝牌,我已经退货了
zebsama,14,1551,凌仕也太弟弟了，没哈啤有排面
鸿shifu,21,小僵尸,？？？？
kzsszs,3,无粉丝牌,哈哈哈哈哈哈哈
Ailols丶喵喵,18,无粉丝牌,买买卖
l462354353,5,无粉丝牌,ALL IN LGD不上天台了？
Tien_Yeon,23,无粉丝牌,ALL in LGD，天台有你一席之地
你看看人家的网名,15,小痒虫,哈哈哈
974417179,19,无粉丝牌,妈的这广告有毒
道道行,30,集团军,买买买
屁屁卡丘,8,小8路,all in的现在都已经tiao lou l
咖喱给给12,15,无粉丝牌,醉拳走起
不打脸好吗,30,小肚皮,死亡宣传
風的太陽,17,小僵尸,ALL IN LGD
点烟不用火,22,小赢僧,没问题，线上都被打爆了，不去打野么
bian神,10,小僵尸,我 里奥。梅西
Mr_Seth,15,小赢僧,我是梅西，我现在慌的一批
Encore安可,9,无粉丝牌,all in破产了
丶血腥兔丶,13,大马猴,斜颚泰迪
cool019,20,小僵尸,打野还强势吗？不是被线上打爆了
玉渣,4,狗斯特,广告贼尬
华丽555,6,无粉丝牌,哈哈哈哈哈
1318470412,18,小僵尸,买卖买买买
空木1234,25,小渣男,ALL IN LGD的真的还活着吗
MaybeBlinK,26,点子王,ALL IN LGD
奈何龙骑割韭菜,13,无粉丝牌,总觉得是死亡宣传片
renzhek,7,无粉丝牌,中单强势打野还行
头头头头头头头头头大,12,小8路,强势打野？？？？
停药一年的李二狗,9,集团军,野人用你妈呢 换我也认
好咯破佛罗伦萨,20,点子王,all in。天台见
狸QAQ,19,集团军,？？？？正事？？
kagura,18,小僵尸,强势打野应该找峰哥啊
视界之外想象之中_qq,7,无粉丝牌,造你🐴的势
不用再说啦,17,小烈驴,哈哈哈哈哈哈
止水茗忘川7,15,无粉丝牌,造NMN?
Fairy_Wind,21,无粉丝牌,"all in LGD,让你输到破产"
檐上雪丶,19,小僵尸,ALL IN LGD 的已经跳了
周海洋的儿子,23,无粉丝牌,all in lgd 上天台
jelinak,19,集团军,打电话啊。。
对酒當歌2048,17,影魔王,有毒啊
zangfushuang,6,无粉丝牌,？？？？？？这是个鸡扒
婵念丶,21,萌王王,ALLIN MLGB  今天被LGD关看
沉迷真扎不能自拔,3,无粉丝牌,打野很强势
yukihiki,6,丶刀哥,死透了
花香香灬,26,小僵尸,老陈睡着了啊
xkcssg,16,无粉丝牌,使用回车可以快速发送弹幕
bian神,10,小僵尸,我 里奥。梅西
丶Agnes,23,无粉丝牌,买买买
Q德花,16,无粉丝牌,...
头嘎得,16,无粉丝牌,I am  all in  !
逝水亦无痕,16,小僵尸,广告鬼才
坏人爱吃跳跳糖丶,16,无粉丝牌,微信语音他啊
ashan77,17,啾小妍,这是maybe的声音吗
国境以南1960,15,无粉丝牌,打几把野卧槽
香辣磨菇,7,无粉丝牌,ALL IN被洗白
ConeySpell,3,无粉丝牌,再看一遍广告
yourmamaboomshakalaka,18,小僵尸,意思是直播都不是正事咯？
节灵夙,32,蜀军,买买买，别放死亡宣传片了LGD要奶没了
sacmilan,19,小僵尸,天台allin lgd
Booooooooot,5,无粉丝牌,妈的  allin雪崩啊
叶八七,27,小僵尸,凌仕有毒啊！今年中国队全死求了
bian神,10,小僵尸,我 里奥。梅西、、
jiayuan15ji,13,全针,我用凌仕，打出0-10
451401283,4,无粉丝牌,LGD被凌仕被奶崩了
什造sama,13,无粉丝牌,all in lgd，一起跳楼
a6237042,12,无粉丝牌,我买LGD 三千万
装他ma最diao的,26,小僵尸,你打dota不打野？
chuan我的飞机,16,集团军,ALLIN就是要破产啊
那个男人lei了lei了,20,集团军,？？？？？？？
Zwmsama123,10,无粉丝牌, 2
无产阶级杨工,10,点子王,上岸上岸
鹿真97699,6,无粉丝牌,你是没睡还是刚来 ？
倒萨打三分大赛复赛的,10,无粉丝牌,你们OB好恶心啊，
complexity,22,无粉丝牌,不看啊！
千雪飞寻,22,女流,野人打野没毛病
cute欧吉桑,10,无粉丝牌,包输包跳楼
周练,11,无粉丝牌,ALL IN LGD的已经跳楼了
土门一哥,21,250,666666
玉渣,4,狗斯特,不看og打vgj
马鞍山马道长,16,无粉丝牌,all in LGD =跳楼
唔吾吴,20,无粉丝牌,allin？
大嘉嘉丶,13,无粉丝牌,买LGD，赚大钱
chamara,5,无粉丝牌,现在就LGD和VG有希望胜者组了……
Crossbell,21,小肚皮,中单强势转打野
bian神,10,小僵尸,我 里奥。梅西
阿绿的zado,26,小僵尸,all in LGD已经天台了
亞洲氣質帥哥,21,小8路,凌仕的键盘鼠标肯定不行
魔性小浪菊,19,无粉丝牌,看eg啊
都会很感动,16,无粉丝牌,all in要输到跳楼
15555165681,3,无粉丝牌,还all in，要完
DOUYULXZ,6,无粉丝牌,淘汰赛能不能不放死亡宣传片？
Notatall,23,点子王,我，里奥梅西，
停药一年的李二狗,9,集团军,野人用完凌仕退成狗
后会无期sss1,5,无粉丝牌,林氏给你多少我飘柔给你五倍
Nicyao77777,14,小痒虫,用凌仕打dota？
dkright,12,无粉丝牌,我TM all了 LGD 被EGjiaozuo
chenliangshuai,8,无粉丝牌,暗示对线打不过强势钻野
ShY404,19,无粉丝牌,all in 不是雪崩
哇咔咔0rz,33,學习机,all in lgd的已经跳了
道术之隙,7,无粉丝牌,用凌仕  变野人
774124673,16,小僵尸,ALL IN LGD 天台等着你
qq_y0E8rn,3,无粉丝牌,有点东西
wygokok,20,小8路,maybe在温哥华打野打萎了把
笔友biubiu,26,无粉丝牌,再一遍，再一遍
帅歌一生啊asd,3,无粉丝牌,好僵硬的广告
未希的思念,22,小僵尸,"我不是天生强大,"
八块腹肌丶我没有,18,小僵尸,10点看李逵啊
XXOO00,4,无粉丝牌,看Ig打og啊（
ImKael,14,小僵尸,我颠颠又炒炒 放点辣椒 我做菜不用刀 只需配料。。
打死我的都是大哥,17,集团军,别看NB打VGJS 求你了 
昕昕的前夫,39,小僵尸,你麻痹，不看巅峰对决？
头嘎得,16,无粉丝牌,再看一遍
停药一年的李二狗,9,集团军,野人用完凌仕打比赛废了
胖不了的番茄,3,无粉丝牌,江湖告急啊
火枪恐惧症,15,无粉丝牌,奶哥哥看好哪个队
lcssc1,9,小肚皮,人呢r
未命名998,16,小僵尸,还记得当初的一起哈皮吗
无聊的cat,25,小僵尸,不看
玉渣,4,狗斯特,三幻神之战要看一下的呀
fengle589,18,小僵尸,all in 要跳楼了
chamara,5,无粉丝牌,Newbee后面全是恶战
q532249664,6,无粉丝牌,.20.
传奇大神王zard,16,小僵尸,别bb  吃菜
无产阶级杨工,10,点子王,买lgd跳大楼
张一勃,22,拎壳,奥尼妈呀
mansoss,16,小肚皮,tmd杨家村的人都快饿死了 你有没有厨子的道义
ConeySpell,3,无粉丝牌,再来一遍广告
我是你大爷的小姨子,13,无粉丝牌,今年大胆预测，中国队进不了四强
那个男人lei了lei了,20,集团军,强烈要求看eg打李逵
小天AA,5,无粉丝牌,还想再看一遍
super地球人,20,小僵尸,再看一遍
回头太难12138,7,无粉丝牌,用凌仕的0／10了都用个吉儿
shaodon24,13,无粉丝牌,我 邪恶泰迪 现在慌的一B
啊哈哈哈12345,12,无粉丝牌,要all in 还不如all in eg
xy丨丨丨,15,小8路,奶子d收复武林了
风吹我在飞,6,无粉丝牌,all in lgd的，已经上天台了
辛禾30,3,无粉丝牌,今天完了吗
Fiend轩,11,小僵尸,买买买买
xiaofengxiaofengxiaofeng,13,小痒虫,奶哥哥 昨晚叼霸天唱了川厨。。
头嘎得,16,无粉丝牌,强烈要求再看一遍！
头嘎得,16,无粉丝牌,强烈要求再看一遍！强烈要求再看一遍！强烈要求再
dy围观,18,无粉丝牌,all in的上天台了呀
Miruacleruaruarua,3,小僵尸,再叫个小刘啊
停药一年的李二狗,9,集团军,？？
大表姐我来了,22,小僵尸,换台的吓唬谁呢
Masayume520,4,无粉丝牌,EG打液体好看
时光凉透初时模様,15,无粉丝牌,在中国做广告的都凉了啊，想想天生要强
Fairy_Wind,21,无粉丝牌,88888888
肚皮怪黑粉子龙,14,小肚皮,去吧去吧
池早早早早,22,无粉丝牌,七夕
璐某人今日便要成仙,13,小渣男,？？？？？？？？？？？？？？
SuohMikoto丶,24,小僵尸,?????????
会喷水的小马哥,16,小僵尸,？？？？？？？？？？
冷雨萱的小驯酱,19,集团军,？？
LD丶Ling,34,点子王,888
炭烧饭团,28,无粉丝牌,？？？？？？？？？？？？？
曲水流觞丶丶丶,7,无粉丝牌,好想再看一遍
就像流星划过天边,30,点子王,。。。888888
支持BBC,19,小肚皮,江湖乂 江湖乂 江湖乂
大黄蜂rua,19,无粉丝牌,？？？
pp416,14,小僵尸,再看一遍。不过瘾
抠脚大汉爱扣脚,12,一发,哈哈
2B不仅只是铅笔,26,小僵尸,？？？？
道道行,30,集团军,？？？？？？／／川菜呢
TuTuTuiii,19,无粉丝牌,继续干正事啊
风行雨不行,20,小緑帽,滚
我曰尼麻卖P,20,大马猴,丛林乱斗vgj
神灵武士斯卡哈,16,二五仔,丛林乱斗
白夜_,18,无粉丝牌,二哈正在进行丛林乱斗
何处揺醴,20,无粉丝牌,微信啊
我不好色丶凌空飘,23,伊泽7,?????????
安静你说,33,寅子,？？？？？？？
小僵尸白嫖团丶姜菊,29,小僵尸,中国队这次悬了
我什么都招了,22,点子王,过你妈嗨的情人节
烈焰中鬼之二五,11,小僵尸,肉搏一把
留白留白留白,6,赖酱,？？？？
Ailols丶喵喵,18,无粉丝牌,？？？？？？？？
YaphetS丿PBY,15,影魔王,？？？？
Ausliedy,15,小僵尸,？？？？？？？？？？？？？？
小白猪饲养员预备役,18,小僵尸,nb跟lgd一个战绩啊
狸QAQ,19,集团军,你滚啊
静待荼蘼,14,无粉丝牌,又在肉搏？
謊言800丶,20,点子王,？？？？
守望者warden,7,无粉丝牌,二哈 正在丛林乱斗？
qq_fYncPp,13,无粉丝牌,？？？？
fug1y,19,小緑帽,滚去陪王明月
toystan,10,点子王,all in老干爹的已经上天台了
取个名称辣么难,8,无粉丝牌,？
han0712,7,小僵尸,二哈赛老师又在肉搏
hhy547341927,12,无粉丝牌,买买买买
HUIKHSD,17,无粉丝牌,？？？？？？？？？？？？？？？？？／
yolo987,18,小僵尸,？？？？？
王家少夫人,15,小僵尸,奶哥哥，看下积分
头嘎得,16,无粉丝牌,好想 再看一遍
暴怒之子,25,小僵尸,滚
宇vvsy,6,无粉丝牌,强势打野太他妈🐴秀了
AQ丶呆,23,影魔王,我是黑皮 现在慌的1b
胖头鱼的小香肠,17,小僵尸,去吧！
犭巾,5,无粉丝牌,？
YaphetS痕迹,8,影魔王,？？
GodofThunder,11,无粉丝牌,？？？？？
DY杀虫剂,15,401,888888888888888888888888888
Txs1995,27,小緑帽,8888888888888
抠脚大汉爱扣脚,12,一发,很真实
紫拉加奈卡紫拉跌四,4,无粉丝牌,情个屁
无与伦比01,11,小僵尸,废物皮鞋还在肉搏？
微微豆莱,25,点子王,哈哈哈哈哈哈哈哈
人情债我肉偿,18,小僵尸,川菜更重要
书屋猫,23,小豆包,打Dota不用鼠标键盘用凌仕，maohua
SuohMikoto丶,24,小僵尸,????????????
jhshzw,7,无粉丝牌,滚
fug1y,19,小緑帽,求求你滚吧
cdcdcd998,15,小僵尸,啥
fangkimi,22,无粉丝牌,废物肉搏
悉尼皇甫铁牛,37,集团军,肉搏
xy丨丨丨,15,小8路,？
wh491151084,10,无粉丝牌,二哈在肉搏？
Broxigar012,19,小僵尸,让她滚
一只老毛驴,28,小僵尸,想厕所吃泡面吗
头嘎得,16,无粉丝牌,强烈要求再看一遍！强烈要求再看一遍！
feilong24567,3,无粉丝牌,塞垃圾丛林乱斗
口水大魔王,7,小僵尸,？？？？？？？
范厨师Katsura,17,点子王,二哈眼少丛林乱斗
天涯独奏light,24,小僵尸,举报直播间 引起不适
alxunge,15,一发,江湖呀。要什么王明月
风采依然,19,小僵尸,我不是天生要强，我只是注定要凉
kylinares,5,无粉丝牌,老陈这个B呢？
在火锅上刻一个早,18,无粉丝牌,凌仕 用就完事
暗黑部督军御帝哥哥,44,泰迪妮,赶紧滚
yolo987,18,小僵尸,不陪我们？
董大啸小哥哥,14,点子王,去吧去吧
snowynightss,5,无粉丝牌,may皇还行，问题最大的不是跳杀马么
謊言800丶,20,点子王,电子竞技没有情人节
Black小马兔,20,小僵尸,发脾气就给她一拳击
讲道理啊噢,11,集团军,我颠颠又炒炒
无产阶级杨工,10,点子王,买lgd 跳大楼
過去十八歲,23,尧顺宇,电子竞技没有七夕
I老夏I,22,小僵尸,女人真JB麻烦
gahead,16,点子王,??????
微微豆莱,25,点子王,8888888888
就像流星划过天边,30,点子王,8888888888888888该陪的要陪快滚
KamuiVVV,9,无粉丝牌,你就不怕我发脾气吗
冷酷的小包子,6,无粉丝牌,王明月还要排队？
hhy547341927,12,无粉丝牌,把卡给她 买买买
呆萌笨笨,8,无粉丝牌,滚吧。阿奶
锋锋锋2hp,18,无粉丝牌,？？？？？
hearty007,11,集团军,情你妈
车迟国国师羊力大仙,12,无粉丝牌,女人都是大猪蹄子
有内涵的昵称,7,无粉丝牌,王明月是谁
胖头鱼的小香肠,17,小僵尸,去陪王明月
易行天下人,17,小僵尸,丛林乱斗 vgj。   ctm
风车DJ,15,小僵尸,88888888888888888
十元真是太美了,15,无粉丝牌,晚上陪呀，反正就3秒
BOMBZZZ,12,小僵尸,户外
痒痒虫的小婊贝,23,小僵尸,户外
直到世界的尽头___,25,小僵尸,不是 你怎么说话的？
牧牛瘤马,32,小僵尸,厕所吃泡面？
fone39,36,小僵尸,情个鸡儿
羊羊虫虫虫,21,小痒虫,意思是王明月还没川菜地位高？
只送飞机的萧同学,40,小僵尸,赶紧下拨
zlkvalley,10,无粉丝牌,二哈又在丛林乱斗？？
辣椒面加酱油,9,无粉丝牌,你下面给王明月？
伤心伤身,22,小僵尸,意思川菜比王明月重要
课堂时间,23,小僵尸,打一炮就好了配锤子
机智的小斗笔丶,35,小肚皮,求求你滚吧
总体来说我更菜,22,小赢僧,情人节，又不是老婆节
Rock0001,11,无粉丝牌,厕所吃泡面？
时光凉透初时模様,15,无粉丝牌,在中国做广告的都凉了啊，想想天生要强。
狮子酱,18,小僵尸,七夕是你nm的情人节
祸灵梦rua,18,小僵尸,你快滚啊
勾勒丿,7,无粉丝牌,厕所泡面
胖头兄妹坐断钢筋,11,小僵尸,眼少二哈在肉搏?
佛系丶人生,28,集团军,记得带套
裤头没得穿,17,小僵尸,ti枫会哪里可以看啊
cay008,20,集团军,打电话啊  奶子
悉尼皇甫铁牛,37,集团军,二哈肉搏
SuohMikoto丶,24,小僵尸,?????????
dasSein,8,无粉丝牌,户外吖
2B不仅只是铅笔,26,小僵尸,让她滚啊
stc88888,16,小僵尸,不吃，滚
末班车MAN,12,影魔王,废物还在肉搏？
空木1234,25,小渣男,老陈怕是再打呼
真的假的我服,12,点子王,电子竞技没有女友
炭烧饭团,28,无粉丝牌,江湖大侠岂能只顾儿女情长》？
a73336913,3,无粉丝牌,??
西凉点子王,15,小僵尸, 88888888888
胖不了的番茄,3,无粉丝牌,江湖告急
Fightsssss,10,影魔王,"爱换不换,你马勒戈壁，看直播还那么多比话"
阿绿的zado,26,小僵尸,女人真麻烦
七宝小小明,20,小緑帽,电子竞技不需要女人啊
梁賎賎,13,猪芳芳,二哈，在肉搏？
冷雨萱的小驯酱,19,集团军,你用微信啊
1137711010,16,小僵尸,王明月有我川神重要？我川神哭哭惹
zhenfeng1992,9,小僵尸,泡面警告
紫拉加奈卡紫拉跌四,4,无粉丝牌,真香
dearWS,18,小僵尸,去吧
停药一年的李二狗,9,集团军,赶紧滚
大师兄抱紧我,7,无粉丝牌,女人真j8麻烦
微微豆莱,25,点子王,去吧别玩了
捞陈加油,19,小僵尸,女人都是大猪蹄子
你看看人家的网名,15,小痒虫,二哈，眼少又去肉搏修炼了，哈哈哈
shaodon24,13,无粉丝牌,我 邪恶泰迪 现在慌的一B！！！
花落为谁吟,10,无粉丝牌,户外啊
yzh48494,17,小僵尸,川菜睡着了在打呼呢
我叫小钱丶我不要脸,20,屠龍刀,晚上陪呀，反正就3秒
点烟不用火,22,小赢僧,黄兴村告急
薙洛洛,6,无粉丝牌,那快去陪王二姐了呀。
大老師丶,27,小僵尸,厕所吃泡面就行了
时光凉透初时模様,15,无粉丝牌,在中国做广告的都凉了啊，想想天生要强，，
YPDxe,21,小僵尸,女人都是大猪蹄子
AtlantisJuem,26,小僵尸,不就厕所吃泡面，怕什么玩游戏重要啊
大殿下666,3,好女孩,滚你妈逼的情人节
走上高手的道路,6,无粉丝牌,那你走呀，
七喜xxxxxxx,21,小霸天,别打游戏了，
花落为谁吟,10,无粉丝牌,开户外
剑火飞霜,8,无粉丝牌,真实
mutilliang,23,无粉丝牌,诸葛瞻不是孔明儿子吗？
平潭蚂蚁哥,21,小僵尸,求求你滚吧
晨0o0,13,小僵尸,厕所泡面
小小罗曼噗,17,集团军,发微信啊，傻子d
amazing19971215,18,点子王,不肉搏干嘛 也没有队训练啊
关爱肛裂少女成长,7,鸽子花,不行呀 你是我的
止水茗忘川7,15,无粉丝牌,不是，水友们你们都单身吗？
树懒丶BOB,14,无粉丝牌,户外啊
丶Agnes,23,无粉丝牌,发微信啊
kagura,18,小僵尸,川菜〉王明月
勾勒丿,7,无粉丝牌,马桶泡面
winstonleag,9,无粉丝牌,DOTA重要还是我重要！
6012785,21,集团军,打电话呀
401丶等妹妹,29,401,小心做坐在马桶上吃泡面哦
小白猪饲养员预备役,18,小僵尸,情人节啊。都老婆了还过什么情人节
Broxigar012,19,小僵尸,女人真他妈烦
Turningnever,23,小僵尸,厕所泡面啊
芝士慜,19,集团军,给你10s时间够了啊
Tien_Yeon,23,无粉丝牌,"肯定趴桌子上睡着了,ZZZZ"
1318470412,18,小僵尸,意思是二姐没川菜重要？
月丶影,22,耐克,意思是川菜比王明月等级高？
打哈哈哈哈大,7,小僵尸,在马桶上吃泡面？
奶l头l军,11,点子王,今天清明节你陪王明月干嘛
1303146584,13,小僵尸,王明月是备胎？
kzsszs,3,无粉丝牌,别去 你不是真正的快乐
July东谐黄药师,21,小乌贼,你们老夫少妻，是夫妇不是情人
Nicyao77777,14,小痒虫,厕所泡面
亞洲氣質帥哥,21,小8路,晚上陪，完了一点不耽误解说
棋武山唯一教父老僵尸,15,无粉丝牌,女人都是大猪蹄子
MyRyuk,16,小僵尸,七夕有做菜重要？
花落为谁吟,10,无粉丝牌,户外情人节
孤独时代的小马叉虫,22,姜菊,？？？？？？
X兴兴X,30,小僵尸,这个林氏到底是吃的还是眼药水啊
Peter023456789,9,无粉丝牌,情人节不陪情人陪老婆？？？？？？？？？
洛丶丿,19,小僵尸,情人节你还播个🔨？？
老陈这个傻逼,20,集团军,88888888
猛如虎,18,无粉丝牌,我帮你陪 你好好直播
停药一年的李二狗,9,集团军,滚
逗浆梆梆爱吃饭,18,小僵尸,你可真是弟中弟
特种狗,13,小僵尸,七夕还不滚，在这装你马呢
Hippier,3,无粉丝牌,晚上陪啊反正就三秒
麦子地里吃过亏,22,蜀军,滚
一杯清酒敬过往,18,小僵尸,兄弟重要还是女人重要？
cyhli7173,16,小僵尸,去陪王二姐把
节灵夙,32,蜀军,88888888888888
旧旧旧叮,30,无粉丝牌,88
蛇精病熊吉同学,17,小僵尸,20秒=5分钟
Notatall,23,点子王,？？？
37丶1992X,19,小僵尸,陪个J...B
黄埔江边笨南北,31,小僵尸,888888888888
zangfushuang,6,无粉丝牌,？？？？？？
成都唯一点子王,15,小僵尸,电子竞技有情人节？
cool019,20,小僵尸,老陈要是知道你过情人节去了 他的心不被狠狠的扎了一下
哈皮朴朴33,3,339,大猪蹄子
kajibu,8,无粉丝牌,fnmdx
芒果不忙嘿,26,无粉丝牌,888888888
fdulc,18,小僵尸,?????????????
鹿真97699,6,无粉丝牌,88888888888888+
唔吾吴,20,无粉丝牌,今天1s
明天不见吧,17,小痒虫,8888888888888888888888
每天一卷纸,17,无粉丝牌,问题来了  中国人到底一年要过多少个情人节
zrq1228,9,无粉丝牌,...................
星际伞兵,20,小僵尸,88888888888888888888888888
cccgame1,3,无粉丝牌,？？？？？？？？？？
zhu1abc,20,小僵尸,滚
吾皇的猫粮,21,小赢僧,8888888888
只送飞机的萧同学,40,小僵尸,滚
YaphetS痕迹,8,影魔王,女人都是大猪蹄子
xdmhj,19,无粉丝牌,玩dota要什么女人
停药一年的李二狗,9,集团军,赶紧滚吧
朝阳吴彦祖007,12,点子王,那麻痹啊
就像流星划过天边,30,点子王,8888888
September久月,25,寅子,去吧
讲道理啊噢,11,集团军,8888888888888
A到Z的谎言,14,小僵尸,？？？？？？？？
陈jx0727,4,无粉丝牌,厕所泡面啊
卖萌的爷们,18,无粉丝牌,8888888888888
風語者Jackson,11,小僵尸,???????????????????????
謊言800丶,20,点子王,888888
孤独时代的小马叉虫,22,姜菊,？？？
hqwww,11,无粉丝牌,二哈，塞辣鸡肉搏，崩了
大周臣民白夜,16,女流,滚
四季鲜花,24,小僵尸,8888888
微微豆莱,25,点子王,888888888
柯南小不点,26,小僵尸,8888888888
MaybeNextTime66,20,女流,888888888
Shellyes小遗忘,7,无粉丝牌,8888888
Gakki我老婆123,22,小僵尸,滚啊
SuohMikoto丶,24,小僵尸,??????????????
中国梦想少年,15,小僵尸,888888888
kajibu,8,无粉丝牌,陪下老婆？？？？
hbhslfs,10,无粉丝牌,88888
马卡了个龙,12,小僵尸,滚
神灵武士斯卡哈,16,二五仔,滚滚滚
I老夏I,22,小僵尸,女人就是麻烦
薙洛洛,6,无粉丝牌,再不去就要厕所泡面了。
lwy924765198,16,小僵尸,88888888888
肚皮怪黑粉子龙,14,小肚皮,去吧去吧。
想吃8师傅下的面,20,小僵尸,8888888888888
暗黑部督军御帝哥哥,44,泰迪妮,滚吧
5636216,8,无粉丝牌,88888
你的幸运小咸鱼儿,19,大马猴,888888888888888888
acm7toto,18,JSA,8888888
大师兄抱紧我,7,无粉丝牌,滚滚滚滚滚
零姿态,16,大马猴,我颠颠又炒炒，加点辣椒
恋爱裁判,3,无粉丝牌,阿姨？
yish5,21,小僵尸,玩二姐？？
AuditoreMing,10,无粉丝牌,快滚
AtlantisJuem,26,小僵尸,88
四月是妳的谎言丶,31,小僵尸,888888888888888
常被围杀,21,一发,注意卫生
淡定的瓜,15,小僵尸,8888888888
丶Agnes,23,无粉丝牌,88888
捞陈加油,19,小僵尸,不理解
Txs1995,27,小緑帽,"guna,88888888"
左手右手慢动作,10,点子王,滚
只求100k,10,小僵尸,滚吧
打死我的都是大哥,17,集团军,5分钟=3秒？？
大周臣民白夜,16,女流,你可真是个弟中弟
4Yeah,24,猛男,88888
隔壁司机老王,39,小僵尸,理解理解~~~~~~~~~~~~88888888888888
kajibu,8,无粉丝牌,单身狗难受啊
2631180160,19,小钻風,8888
suenzn,18,马小闲,88888888888888
芒果不忙嘿,26,无粉丝牌,滚滚滚
小僵尸白嫖团丶姜菊,29,小僵尸,8888
一只老毛驴,28,小僵尸,快滚！
Ccc2323,12,小荔枝,想看广告 有人说滚吧
微微豆莱,25,点子王,滚吧
奶l头l军,11,点子王,8888
爱瞌睡的宝宝,16,小僵尸,888888888
贱心呦,24,小僵尸,888888888888888888888
littleyellowumbrella,5,无粉丝牌,88888
阿绿的zado,26,小僵尸,888888888888888
jhshzw,7,无粉丝牌,不理解
张允也,26,无粉丝牌,888888888888
linmaxxx,3,无粉丝牌,快滚
kulklkkuu,9,小僵尸,有没有老哥告知川菜的歌在哪里听
你看看人家的网名,15,小痒虫,888888888888888888888
Notatall,23,点子王,滚滚滚
狸QAQ,19,集团军,你麻痹啊。不理解
謊言800丶,20,点子王,88888888
七喜xxxxxxx,21,小霸天,888888888888888888888
xiaolee007,18,无粉丝牌,么么哒
唐十一丶,14,小僵尸,888888888888888
头嘎得,16,无粉丝牌,玩二姐 ？？
读到晨曦来,24,小僵尸,888888888888
重置罗盘,9,无粉丝牌,不理解！
